customer_id,age,monthly_income,account_balance,upi_usage,mobile_banking,sip_status,insurance_status,monthly_transactions,atm_withdrawals,credit_score,digital_adoption_score,ai_recommendation
CUST100000,56,279064,396337,No,No,Yes,No,130,25,809,25,Enable UPI
CUST100001,69,121121,1415364,No,Yes,No,Yes,177,4,718,50,Enable UPI
CUST100002,46,91872,1080373,No,No,No,Yes,96,16,585,25,Enable UPI
CUST100003,32,279237,1363293,Yes,Yes,Yes,No,173,1,778,75,Buy Insurance
CUST100004,60,290049,1916128,Yes,Yes,Yes,Yes,17,8,683,100,Advanced Wealth Products
CUST100005,25,136759,1592644,No,No,No,Yes,28,1,793,25,Enable UPI
CUST100006,38,97289,567193,No,No,No,No,126,9,614,0,Enable UPI
CUST100007,56,131506,944077,Yes,Yes,Yes,Yes,45,26,786,100,Advanced Wealth Products
CUST100008,36,93513,1693913,Yes,Yes,No,No,17,11,552,50,Start SIP
CUST100009,40,197003,658939,No,Yes,No,No,187,1,586,25,Enable UPI
CUST100010,28,274480,1611223,No,Yes,No,No,142,14,658,25,Enable UPI
CUST100011,28,277043,333206,No,No,Yes,No,116,24,799,25,Enable UPI
CUST100012,41,206758,1651255,No,Yes,Yes,Yes,138,2,552,75,Enable UPI
CUST100013,53,148498,1359183,Yes,No,Yes,Yes,81,1,784,75,Activate Mobile Banking
CUST100014,57,269024,104596,Yes,Yes,Yes,Yes,18,6,800,100,Advanced Wealth Products
CUST100015,41,145970,1825278,Yes,No,No,No,35,27,692,25,Activate Mobile Banking
CUST100016,20,105009,886450,Yes,No,Yes,Yes,176,8,797,75,Activate Mobile Banking
CUST100017,39,214570,1856579,Yes,Yes,No,Yes,58,10,605,75,Start SIP
CUST100018,19,212467,1051072,Yes,Yes,Yes,No,115,28,610,75,Buy Insurance
CUST100019,41,59816,679502,Yes,No,No,Yes,18,21,617,50,Activate Mobile Banking
CUST100020,61,19138,816536,Yes,Yes,No,No,180,27,628,50,Start SIP
CUST100021,47,106176,13625,Yes,Yes,No,No,158,15,876,50,Start SIP
CUST100022,55,281161,1354919,Yes,Yes,No,No,37,6,745,50,Start SIP
CUST100023,19,287595,1436445,Yes,Yes,Yes,No,40,28,744,75,Buy Insurance
CUST100024,38,209028,414142,Yes,No,No,Yes,6,12,572,50,Activate Mobile Banking
CUST100025,50,287422,298362,Yes,Yes,No,No,79,2,563,50,Start SIP
CUST100026,29,236552,1753408,No,No,No,No,163,10,838,0,Enable UPI
CUST100027,39,58764,359060,Yes,Yes,No,Yes,154,2,558,75,Start SIP
CUST100028,61,138030,1176758,Yes,Yes,No,Yes,105,14,689,75,Start SIP
CUST100029,42,110667,1598430,Yes,Yes,No,No,91,7,791,50,Start SIP
CUST100030,66,75128,1086781,Yes,Yes,No,Yes,158,6,802,75,Start SIP
CUST100031,44,234128,1162660,Yes,Yes,No,No,75,4,776,50,Start SIP
CUST100032,59,299013,34717,No,Yes,Yes,Yes,116,5,644,75,Enable UPI
CUST100033,45,248540,1758920,No,Yes,No,Yes,152,24,728,50,Enable UPI
CUST100034,33,20039,898724,Yes,No,No,No,122,18,552,25,Activate Mobile Banking
CUST100035,32,167353,947639,Yes,Yes,No,Yes,55,27,733,75,Start SIP
CUST100036,64,127935,1737100,No,Yes,No,No,9,2,595,25,Enable UPI
CUST100037,68,25442,996993,No,Yes,Yes,Yes,106,29,841,75,Enable UPI
CUST100038,61,68053,1354282,Yes,Yes,No,Yes,62,10,690,75,Start SIP
CUST100039,69,196561,1515902,Yes,Yes,No,No,111,5,562,50,Start SIP
CUST100040,20,229176,25169,Yes,Yes,No,No,146,26,735,50,Start SIP
CUST100041,54,101346,982362,Yes,Yes,Yes,No,51,23,634,75,Buy Insurance
CUST100042,68,49397,813036,Yes,Yes,No,No,103,20,592,50,Start SIP
CUST100043,24,131214,356814,Yes,Yes,No,No,19,13,705,50,Start SIP
CUST100044,38,172221,381749,Yes,Yes,No,No,69,16,733,50,Start SIP
CUST100045,26,292068,1404458,Yes,Yes,No,Yes,117,2,596,75,Start SIP
CUST100046,56,128143,1447476,No,No,No,No,82,28,755,0,Enable UPI
CUST100047,35,278013,657428,No,Yes,No,Yes,123,23,759,50,Enable UPI
CUST100048,21,278158,107537,Yes,Yes,No,Yes,33,3,824,75,Start SIP
CUST100049,42,25103,1824201,No,Yes,Yes,Yes,108,8,632,75,Enable UPI
CUST100050,31,97409,640589,Yes,No,Yes,Yes,166,12,646,75,Activate Mobile Banking
CUST100051,67,38248,275151,No,Yes,Yes,No,13,5,728,50,Enable UPI
CUST100052,26,189588,906347,Yes,Yes,No,Yes,177,9,697,75,Start SIP
CUST100053,43,170242,1285280,Yes,No,No,Yes,73,19,834,50,Activate Mobile Banking
CUST100054,19,23024,1170995,Yes,Yes,No,No,90,19,621,50,Start SIP
CUST100055,37,249864,1357507,Yes,Yes,No,Yes,181,25,766,75,Start SIP
CUST100056,45,189875,841014,No,Yes,No,No,129,20,758,25,Enable UPI
CUST100057,64,158927,1783727,Yes,Yes,No,Yes,12,12,870,75,Start SIP
CUST100058,24,100178,758158,Yes,Yes,Yes,Yes,152,22,843,100,Advanced Wealth Products
CUST100059,61,297169,1923637,Yes,Yes,No,Yes,129,13,673,75,Start SIP
CUST100060,25,78610,797214,Yes,Yes,Yes,Yes,68,11,899,100,Advanced Wealth Products
CUST100061,64,85843,596058,Yes,Yes,Yes,No,135,22,705,75,Buy Insurance
CUST100062,52,122237,1635509,Yes,No,Yes,No,116,12,582,50,Activate Mobile Banking
CUST100063,31,195903,1681373,No,Yes,Yes,Yes,92,9,818,75,Enable UPI
CUST100064,34,189499,1284372,No,Yes,Yes,Yes,197,6,765,75,Enable UPI
CUST100065,53,145299,820636,No,Yes,No,Yes,39,4,650,50,Enable UPI
CUST100066,67,20668,1595016,Yes,Yes,Yes,No,32,11,729,75,Buy Insurance
CUST100067,57,237542,1577730,Yes,Yes,No,Yes,177,28,676,75,Start SIP
CUST100068,21,193267,453402,Yes,Yes,Yes,No,159,24,882,75,Buy Insurance
CUST100069,19,170489,1816836,Yes,Yes,Yes,No,108,1,718,75,Buy Insurance
CUST100070,23,121133,357699,Yes,Yes,No,Yes,79,7,854,75,Start SIP
CUST100071,59,287895,221096,No,Yes,No,No,3,25,684,25,Enable UPI
CUST100072,21,284496,763019,Yes,Yes,No,No,110,7,841,50,Start SIP
CUST100073,46,225124,286833,No,Yes,No,No,175,18,642,25,Enable UPI
CUST100074,35,103835,1759626,No,No,No,Yes,111,4,770,25,Enable UPI
CUST100075,43,112493,1540834,No,Yes,No,No,15,29,704,25,Enable UPI
CUST100076,61,187166,350395,No,Yes,No,Yes,51,7,829,50,Enable UPI
CUST100077,51,116948,1241968,Yes,Yes,No,Yes,107,9,748,75,Start SIP
CUST100078,27,200194,986730,Yes,No,Yes,No,21,12,886,50,Activate Mobile Banking
CUST100079,53,44493,1765027,Yes,Yes,No,No,41,8,790,50,Start SIP
CUST100080,31,214886,1422285,Yes,Yes,No,Yes,120,6,647,75,Start SIP
CUST100081,48,153368,1526093,Yes,Yes,No,No,3,19,799,50,Start SIP
CUST100082,65,171470,1993022,Yes,Yes,No,No,129,19,654,50,Start SIP
CUST100083,32,28261,1092288,Yes,No,Yes,Yes,149,18,810,75,Activate Mobile Banking
CUST100084,25,91709,786675,No,Yes,No,Yes,80,10,678,50,Enable UPI
CUST100085,31,110985,241502,No,Yes,Yes,Yes,99,7,876,75,Enable UPI
CUST100086,40,290796,1249925,Yes,No,No,No,149,21,808,25,Activate Mobile Banking
CUST100087,57,282247,1365352,Yes,Yes,Yes,No,105,15,841,75,Buy Insurance
CUST100088,38,261404,960535,Yes,No,Yes,Yes,95,9,689,75,Activate Mobile Banking
CUST100089,33,115336,1598342,Yes,Yes,No,No,177,5,564,50,Start SIP
CUST100090,62,128499,27551,No,Yes,No,No,65,9,733,25,Enable UPI
CUST100091,35,164524,1101644,Yes,No,Yes,No,41,9,565,50,Activate Mobile Banking
CUST100092,64,181508,98608,Yes,Yes,No,Yes,67,24,770,75,Start SIP
CUST100093,41,162026,564849,No,Yes,Yes,No,124,26,612,50,Enable UPI
CUST100094,43,265819,1187540,No,Yes,Yes,No,42,18,790,50,Enable UPI
CUST100095,42,27356,291539,Yes,Yes,Yes,Yes,69,3,828,100,Advanced Wealth Products
CUST100096,62,143128,1596620,Yes,Yes,No,Yes,185,18,882,75,Start SIP
CUST100097,58,17187,252652,Yes,Yes,No,No,171,2,806,50,Start SIP
CUST100098,46,167297,957155,Yes,Yes,No,Yes,101,16,734,75,Start SIP
CUST100099,32,149678,256227,Yes,Yes,No,No,140,13,625,50,Start SIP
CUST100100,62,141270,333477,Yes,No,Yes,Yes,64,9,576,75,Activate Mobile Banking
CUST100101,18,291531,471961,Yes,Yes,Yes,Yes,108,5,574,100,Advanced Wealth Products
CUST100102,42,257998,504755,Yes,Yes,No,Yes,51,15,891,75,Start SIP
CUST100103,24,256503,709666,Yes,Yes,Yes,Yes,73,8,611,100,Advanced Wealth Products
CUST100104,26,77061,1730282,No,Yes,No,Yes,60,20,695,50,Enable UPI
CUST100105,41,250497,1953569,Yes,Yes,No,No,199,11,782,50,Start SIP
CUST100106,18,96257,1868032,Yes,Yes,No,Yes,80,11,898,75,Start SIP
CUST100107,61,76753,755310,No,No,Yes,No,156,27,835,25,Enable UPI
CUST100108,25,38408,1565560,Yes,No,Yes,No,124,13,633,50,Activate Mobile Banking
CUST100109,41,139116,1487610,No,Yes,No,No,199,25,724,25,Enable UPI
CUST100110,28,146208,1583811,Yes,Yes,No,Yes,14,1,719,75,Start SIP
CUST100111,68,32413,997657,Yes,Yes,Yes,No,160,9,839,75,Buy Insurance
CUST100112,34,128650,1533032,Yes,Yes,No,No,8,3,553,50,Start SIP
CUST100113,25,74500,132192,Yes,Yes,Yes,Yes,27,27,836,100,Advanced Wealth Products
CUST100114,52,71358,1835455,Yes,Yes,Yes,No,50,5,856,75,Buy Insurance
CUST100115,52,81197,885670,Yes,Yes,No,Yes,187,29,599,75,Start SIP
CUST100116,50,238861,1383148,Yes,Yes,No,Yes,57,22,819,75,Start SIP
CUST100117,22,238492,952258,Yes,No,No,No,3,27,557,25,Activate Mobile Banking
CUST100118,59,276545,330499,Yes,Yes,No,No,155,28,618,50,Start SIP
CUST100119,56,91240,1505033,Yes,Yes,Yes,Yes,34,12,688,100,Advanced Wealth Products
CUST100120,58,250595,467176,Yes,Yes,No,No,26,22,797,50,Start SIP
CUST100121,45,236135,1969966,Yes,No,Yes,No,168,13,578,50,Activate Mobile Banking
CUST100122,24,293466,787780,Yes,No,No,No,115,3,732,25,Activate Mobile Banking
CUST100123,26,21968,243826,Yes,Yes,No,Yes,86,9,762,75,Start SIP
CUST100124,25,205920,1722354,Yes,Yes,Yes,No,160,9,869,75,Buy Insurance
CUST100125,29,278844,755782,Yes,No,No,Yes,169,4,854,50,Activate Mobile Banking
CUST100126,51,247076,1809255,No,Yes,No,No,130,28,568,25,Enable UPI
CUST100127,50,38199,486809,Yes,No,No,Yes,111,3,775,50,Activate Mobile Banking
CUST100128,65,178187,1239832,Yes,Yes,No,No,106,11,779,50,Start SIP
CUST100129,40,200388,1975913,Yes,Yes,Yes,Yes,135,25,888,100,Advanced Wealth Products
CUST100130,41,20520,997934,Yes,Yes,Yes,Yes,19,21,645,100,Advanced Wealth Products
CUST100131,54,124814,1823182,Yes,Yes,Yes,No,33,26,664,75,Buy Insurance
CUST100132,52,182527,177905,Yes,Yes,Yes,Yes,2,13,729,100,Advanced Wealth Products
CUST100133,61,261356,398781,Yes,Yes,No,Yes,195,6,627,75,Start SIP
CUST100134,57,138364,1071978,Yes,No,No,No,15,1,876,25,Activate Mobile Banking
CUST100135,39,29955,1227493,Yes,Yes,No,No,21,13,825,50,Start SIP
CUST100136,44,190121,1653715,Yes,Yes,No,Yes,78,9,731,75,Start SIP
CUST100137,52,159989,1066410,Yes,Yes,No,Yes,59,27,644,75,Start SIP
CUST100138,18,265144,597138,Yes,Yes,Yes,No,104,15,635,75,Buy Insurance
CUST100139,52,79925,42180,Yes,Yes,No,No,82,2,644,50,Start SIP
CUST100140,54,85269,1450675,Yes,Yes,No,Yes,118,26,884,75,Start SIP
CUST100141,64,167185,638976,Yes,Yes,No,No,113,7,694,50,Start SIP
CUST100142,31,114977,1260235,Yes,Yes,Yes,No,39,22,797,75,Buy Insurance
CUST100143,20,44345,1422240,Yes,No,No,Yes,20,27,730,50,Activate Mobile Banking
CUST100144,18,270688,1851703,No,Yes,Yes,Yes,1,16,842,75,Enable UPI
CUST100145,22,276798,1180711,Yes,No,No,Yes,73,3,568,50,Activate Mobile Banking
CUST100146,43,193933,159195,Yes,Yes,No,No,9,20,687,50,Start SIP
CUST100147,31,112406,1636345,No,Yes,Yes,Yes,51,29,593,75,Enable UPI
CUST100148,56,18453,602726,Yes,Yes,No,Yes,166,18,775,75,Start SIP
CUST100149,44,117811,640779,Yes,Yes,No,No,15,14,894,50,Start SIP
CUST100150,26,69935,527741,No,Yes,No,Yes,84,19,586,50,Enable UPI
CUST100151,32,189442,415789,Yes,Yes,No,No,41,25,863,50,Start SIP
CUST100152,32,285472,1699708,Yes,Yes,Yes,Yes,175,9,769,100,Advanced Wealth Products
CUST100153,43,30534,362054,No,Yes,No,No,154,29,677,25,Enable UPI
CUST100154,59,51320,1110070,No,No,No,Yes,54,9,692,25,Enable UPI
CUST100155,30,64170,410504,Yes,Yes,Yes,Yes,119,22,732,100,Advanced Wealth Products
CUST100156,68,115546,1886986,Yes,Yes,No,No,198,23,592,50,Start SIP
CUST100157,49,95201,994924,Yes,No,No,No,167,11,759,25,Activate Mobile Banking
CUST100158,56,249473,384989,Yes,Yes,Yes,No,17,8,597,75,Buy Insurance
CUST100159,66,285784,1970629,Yes,Yes,Yes,No,198,14,861,75,Buy Insurance
CUST100160,69,246324,736455,Yes,Yes,Yes,No,128,28,769,75,Buy Insurance
CUST100161,49,176121,1108248,Yes,Yes,No,No,92,17,745,50,Start SIP
CUST100162,21,248612,1639685,Yes,Yes,No,No,9,19,721,50,Start SIP
CUST100163,47,202125,1923669,Yes,Yes,Yes,No,46,0,786,75,Buy Insurance
CUST100164,54,215796,74224,Yes,Yes,No,No,134,2,724,50,Start SIP
CUST100165,40,158279,1929413,No,Yes,Yes,No,196,7,581,50,Enable UPI
CUST100166,56,211846,1034922,No,Yes,No,Yes,16,6,773,50,Enable UPI
CUST100167,62,179044,239745,Yes,Yes,No,Yes,112,14,603,75,Start SIP
CUST100168,32,217160,59796,No,Yes,No,Yes,87,7,735,50,Enable UPI
CUST100169,60,85463,1491498,No,Yes,Yes,No,157,14,783,50,Enable UPI
CUST100170,46,108500,1706418,Yes,Yes,No,No,169,26,866,50,Start SIP
CUST100171,53,222772,1439497,Yes,No,No,No,196,21,780,25,Activate Mobile Banking
CUST100172,30,52158,271167,Yes,Yes,No,Yes,62,4,659,75,Start SIP
CUST100173,49,99607,1823222,Yes,Yes,No,Yes,104,11,649,75,Start SIP
CUST100174,24,260017,742996,Yes,Yes,Yes,No,120,11,749,75,Buy Insurance
CUST100175,68,135076,1221383,Yes,Yes,No,No,168,25,760,50,Start SIP
CUST100176,39,73692,1912967,Yes,Yes,No,Yes,190,8,770,75,Start SIP
CUST100177,45,145841,568506,Yes,No,No,No,152,20,874,25,Activate Mobile Banking
CUST100178,19,207816,934717,Yes,No,No,Yes,134,8,699,50,Activate Mobile Banking
CUST100179,59,292954,1548311,No,No,No,Yes,40,14,712,25,Enable UPI
CUST100180,62,176081,520729,Yes,No,Yes,No,198,14,692,50,Activate Mobile Banking
CUST100181,23,126718,1283342,No,No,Yes,No,58,28,807,25,Enable UPI
CUST100182,45,15192,819892,Yes,Yes,Yes,No,142,19,794,75,Buy Insurance
CUST100183,45,262536,1964587,No,Yes,Yes,Yes,78,11,699,75,Enable UPI
CUST100184,61,51413,856112,Yes,Yes,No,Yes,173,4,661,75,Start SIP
CUST100185,61,158888,1084593,Yes,Yes,No,Yes,111,0,648,75,Start SIP
CUST100186,37,54082,1021040,Yes,Yes,No,Yes,99,21,652,75,Start SIP
CUST100187,47,138130,359182,Yes,Yes,No,No,6,18,760,50,Start SIP
CUST100188,28,65940,953494,No,Yes,No,Yes,23,10,561,50,Enable UPI
CUST100189,45,178202,548803,Yes,Yes,Yes,Yes,62,25,775,100,Advanced Wealth Products
CUST100190,42,55142,1476783,No,Yes,No,Yes,17,17,850,50,Enable UPI
CUST100191,56,51468,405850,Yes,Yes,Yes,No,84,5,697,75,Buy Insurance
CUST100192,50,156727,213106,Yes,No,No,No,112,16,728,25,Activate Mobile Banking
CUST100193,18,193969,951881,No,Yes,Yes,No,198,13,556,50,Enable UPI
CUST100194,44,251187,824433,Yes,No,Yes,Yes,104,11,701,75,Activate Mobile Banking
CUST100195,69,57056,1579255,Yes,Yes,No,Yes,125,24,872,75,Start SIP
CUST100196,30,66831,725566,No,Yes,No,Yes,28,4,619,50,Enable UPI
CUST100197,58,264664,1687252,No,Yes,No,Yes,141,6,602,50,Enable UPI
CUST100198,20,123117,1357935,No,Yes,No,Yes,157,26,711,50,Enable UPI
CUST100199,56,291815,609008,No,Yes,No,Yes,173,25,642,50,Enable UPI
CUST100200,23,58954,294258,Yes,Yes,No,No,20,15,700,50,Start SIP
CUST100201,25,248192,1720818,No,Yes,No,No,186,24,607,25,Enable UPI
CUST100202,44,15717,904574,Yes,No,No,Yes,117,8,745,50,Activate Mobile Banking
CUST100203,26,288820,677633,No,Yes,Yes,No,54,28,874,50,Enable UPI
CUST100204,54,195882,1421926,Yes,Yes,Yes,Yes,109,22,757,100,Advanced Wealth Products
CUST100205,50,133696,1623511,Yes,Yes,Yes,No,64,14,852,75,Buy Insurance
CUST100206,68,19994,1529457,Yes,Yes,No,No,52,3,848,50,Start SIP
CUST100207,59,281378,1773828,Yes,Yes,No,No,43,19,611,50,Start SIP
CUST100208,61,84300,571967,Yes,Yes,Yes,Yes,87,22,744,100,Advanced Wealth Products
CUST100209,41,52405,1316147,No,Yes,No,Yes,18,23,604,50,Enable UPI
CUST100210,32,38185,1805888,No,Yes,No,Yes,84,6,598,50,Enable UPI
CUST100211,49,189514,1969677,Yes,Yes,No,Yes,54,26,655,75,Start SIP
CUST100212,49,148653,595555,No,Yes,No,No,60,13,627,25,Enable UPI
CUST100213,41,66717,5799,Yes,Yes,No,No,123,29,833,50,Start SIP
CUST100214,58,17763,1371379,Yes,Yes,No,No,71,25,606,50,Start SIP
CUST100215,69,70480,1541201,Yes,Yes,No,No,129,3,718,50,Start SIP
CUST100216,66,184831,1584889,No,Yes,Yes,No,113,3,756,50,Enable UPI
CUST100217,66,222139,543769,Yes,Yes,Yes,Yes,37,23,809,100,Advanced Wealth Products
CUST100218,69,133094,292555,Yes,Yes,No,Yes,49,27,825,75,Start SIP
CUST100219,29,171379,1805830,Yes,No,No,No,35,13,894,25,Activate Mobile Banking
CUST100220,56,242443,1683792,Yes,Yes,No,Yes,105,24,712,75,Start SIP
CUST100221,19,26064,652302,Yes,Yes,No,Yes,195,6,793,75,Start SIP
CUST100222,20,91848,413177,Yes,Yes,No,Yes,35,14,799,75,Start SIP
CUST100223,66,52548,1468559,Yes,No,Yes,No,9,11,858,50,Activate Mobile Banking
CUST100224,54,183017,519111,Yes,Yes,No,No,165,13,588,50,Start SIP
CUST100225,66,283620,1105266,No,No,No,Yes,60,12,858,25,Enable UPI
CUST100226,34,17382,582158,Yes,Yes,No,No,56,29,670,50,Start SIP
CUST100227,66,191348,1029040,Yes,Yes,No,No,106,18,635,50,Start SIP
CUST100228,19,94698,696495,Yes,Yes,Yes,No,111,11,648,75,Buy Insurance
CUST100229,19,260762,91928,No,Yes,Yes,No,89,15,795,50,Enable UPI
CUST100230,45,258381,1575497,Yes,Yes,No,No,12,25,897,50,Start SIP
CUST100231,40,60095,739158,No,Yes,No,No,71,15,757,25,Enable UPI
CUST100232,54,37010,600053,Yes,Yes,No,Yes,71,0,662,75,Start SIP
CUST100233,49,148962,1339492,No,Yes,No,Yes,119,14,632,50,Enable UPI
CUST100234,50,124162,1970425,Yes,Yes,No,No,132,4,614,50,Start SIP
CUST100235,18,285170,810231,Yes,Yes,No,Yes,189,5,550,75,Start SIP
CUST100236,36,83842,1427771,Yes,No,No,Yes,173,26,723,50,Activate Mobile Banking
CUST100237,19,286421,659229,Yes,Yes,Yes,No,95,24,799,75,Buy Insurance
CUST100238,61,188311,1077131,No,Yes,Yes,Yes,178,20,775,75,Enable UPI
CUST100239,43,291827,1932160,No,Yes,No,Yes,50,16,833,50,Enable UPI
CUST100240,49,146742,1442939,Yes,No,No,No,103,10,633,25,Activate Mobile Banking
CUST100241,23,235283,1990413,Yes,Yes,No,No,176,26,788,50,Start SIP
CUST100242,49,163961,1451053,Yes,Yes,No,No,23,3,577,50,Start SIP
CUST100243,21,190607,386977,Yes,No,No,No,90,17,836,25,Activate Mobile Banking
CUST100244,28,260144,860434,Yes,No,No,No,93,19,877,25,Activate Mobile Banking
CUST100245,34,167711,313697,No,Yes,No,Yes,8,13,853,50,Enable UPI
CUST100246,55,210784,1318808,No,Yes,No,Yes,29,22,831,50,Enable UPI
CUST100247,41,267217,1623647,Yes,Yes,Yes,Yes,171,8,732,100,Advanced Wealth Products
CUST100248,22,178244,530403,No,Yes,No,No,53,27,894,25,Enable UPI
CUST100249,69,116158,992618,Yes,No,No,No,134,2,684,25,Activate Mobile Banking
CUST100250,51,288721,728486,Yes,No,No,No,24,2,606,25,Activate Mobile Banking
CUST100251,23,297320,77908,Yes,Yes,No,No,120,10,664,50,Start SIP
CUST100252,39,78972,1646973,Yes,Yes,No,Yes,124,19,735,75,Start SIP
CUST100253,28,297140,1842986,Yes,Yes,No,No,142,22,550,50,Start SIP
CUST100254,65,115922,376087,Yes,No,No,Yes,52,21,887,50,Activate Mobile Banking
CUST100255,33,50931,14422,Yes,Yes,No,Yes,70,29,578,75,Start SIP
CUST100256,50,139168,179698,Yes,Yes,Yes,No,4,4,781,75,Buy Insurance
CUST100257,26,181782,618521,No,Yes,No,No,186,3,699,25,Enable UPI
CUST100258,23,138099,847606,Yes,Yes,No,No,116,11,739,50,Start SIP
CUST100259,33,49693,1543148,No,Yes,No,No,37,23,819,25,Enable UPI
CUST100260,46,123944,1091319,No,No,No,Yes,48,11,797,25,Enable UPI
CUST100261,20,239655,1779397,Yes,Yes,Yes,Yes,122,3,876,100,Advanced Wealth Products
CUST100262,37,222574,455415,Yes,Yes,Yes,Yes,39,2,744,100,Advanced Wealth Products
CUST100263,53,294518,1446008,No,Yes,No,Yes,92,22,804,50,Enable UPI
CUST100264,36,262572,658288,Yes,No,Yes,Yes,66,1,628,75,Activate Mobile Banking
CUST100265,43,60913,1438498,No,Yes,Yes,No,13,3,647,50,Enable UPI
CUST100266,20,212097,1607294,Yes,Yes,Yes,No,194,23,699,75,Buy Insurance
CUST100267,36,102796,33834,Yes,No,No,No,60,3,823,25,Activate Mobile Banking
CUST100268,37,99811,553723,No,No,Yes,No,126,25,851,25,Enable UPI
CUST100269,49,205121,1140788,No,No,Yes,Yes,169,27,887,50,Enable UPI
CUST100270,24,247892,1633661,No,Yes,Yes,No,32,6,672,50,Enable UPI
CUST100271,69,54178,441770,Yes,Yes,No,No,180,1,647,50,Start SIP
CUST100272,58,31999,583843,No,Yes,No,No,133,10,713,25,Enable UPI
CUST100273,50,210623,90350,No,Yes,No,No,195,4,595,25,Enable UPI
CUST100274,57,186244,19716,No,Yes,No,Yes,66,27,788,50,Enable UPI
CUST100275,56,287769,1113837,Yes,Yes,Yes,No,78,12,779,75,Buy Insurance
CUST100276,35,213237,950032,Yes,Yes,No,No,180,3,842,50,Start SIP
CUST100277,57,21859,793427,No,Yes,No,No,126,8,793,25,Enable UPI
CUST100278,18,125986,1600278,Yes,Yes,Yes,No,177,6,567,75,Buy Insurance
CUST100279,28,247654,1722780,Yes,No,No,No,29,29,720,25,Activate Mobile Banking
CUST100280,45,298983,697019,Yes,Yes,Yes,Yes,166,24,706,100,Advanced Wealth Products
CUST100281,42,64522,1069098,Yes,Yes,Yes,Yes,70,26,753,100,Advanced Wealth Products
CUST100282,67,245233,1552241,Yes,Yes,No,Yes,136,28,695,75,Start SIP
CUST100283,40,22485,1445352,Yes,Yes,No,Yes,187,12,692,75,Start SIP
CUST100284,48,258056,1914042,No,Yes,Yes,No,55,9,736,50,Enable UPI
CUST100285,47,127701,1882330,Yes,Yes,Yes,Yes,110,6,671,100,Advanced Wealth Products
CUST100286,59,222352,334782,Yes,Yes,No,No,2,17,899,50,Start SIP
CUST100287,52,117638,892766,Yes,No,No,No,154,27,649,25,Activate Mobile Banking
CUST100288,24,199514,1717460,Yes,Yes,No,Yes,63,17,833,75,Start SIP
CUST100289,33,289370,560134,Yes,Yes,No,No,17,1,564,50,Start SIP
CUST100290,43,108405,865075,Yes,Yes,No,No,59,20,592,50,Start SIP
CUST100291,65,299732,982600,Yes,Yes,No,No,88,0,838,50,Start SIP
CUST100292,69,225048,1692794,No,Yes,Yes,No,16,12,736,50,Enable UPI
CUST100293,66,177781,1340119,Yes,Yes,No,Yes,58,22,557,75,Start SIP
CUST100294,19,52019,735520,Yes,Yes,No,No,192,1,661,50,Start SIP
CUST100295,18,276497,228734,Yes,No,Yes,No,50,3,582,50,Activate Mobile Banking
CUST100296,65,80133,1053278,Yes,No,No,No,154,8,639,25,Activate Mobile Banking
CUST100297,29,212530,749027,No,No,Yes,No,17,7,698,25,Enable UPI
CUST100298,22,173598,128182,No,Yes,No,Yes,114,25,761,50,Enable UPI
CUST100299,54,143585,53591,Yes,Yes,Yes,Yes,46,17,665,100,Advanced Wealth Products
CUST100300,49,260172,1205362,Yes,No,No,No,106,29,722,25,Activate Mobile Banking
CUST100301,26,140814,1028671,Yes,Yes,Yes,No,127,15,569,75,Buy Insurance
CUST100302,58,40939,1351597,Yes,No,Yes,Yes,196,3,681,75,Activate Mobile Banking
CUST100303,52,168939,89106,No,Yes,No,Yes,50,3,841,50,Enable UPI
CUST100304,36,277347,1655882,Yes,Yes,No,Yes,171,17,786,75,Start SIP
CUST100305,65,105880,366998,Yes,Yes,No,Yes,118,1,626,75,Start SIP
CUST100306,33,18748,169486,Yes,Yes,Yes,Yes,176,20,772,100,Advanced Wealth Products
CUST100307,20,251094,1698696,Yes,Yes,No,Yes,68,10,675,75,Start SIP
CUST100308,37,166956,615864,Yes,No,No,No,147,19,588,25,Activate Mobile Banking
CUST100309,41,171255,739303,Yes,Yes,Yes,Yes,153,23,876,100,Advanced Wealth Products
CUST100310,50,165331,1832528,No,Yes,No,Yes,146,3,758,50,Enable UPI
CUST100311,41,182031,1754404,Yes,No,No,Yes,51,23,655,50,Activate Mobile Banking
CUST100312,69,140829,740062,Yes,Yes,Yes,No,146,13,689,75,Buy Insurance
CUST100313,28,143216,732468,Yes,Yes,No,No,112,20,798,50,Start SIP
CUST100314,66,80901,97508,No,Yes,No,No,186,16,604,25,Enable UPI
CUST100315,25,258386,1362555,Yes,Yes,No,No,64,29,667,50,Start SIP
CUST100316,53,190607,723693,No,Yes,No,Yes,199,29,899,50,Enable UPI
CUST100317,55,113046,1620328,No,Yes,No,Yes,185,24,725,50,Enable UPI
CUST100318,57,93278,903886,No,No,Yes,No,145,7,762,25,Enable UPI
CUST100319,37,289535,683283,Yes,Yes,No,No,59,0,814,50,Start SIP
CUST100320,52,117476,1169638,Yes,Yes,No,No,195,27,689,50,Start SIP
CUST100321,65,112537,984359,Yes,Yes,No,No,143,18,874,50,Start SIP
CUST100322,42,196429,1907453,Yes,Yes,No,No,100,18,888,50,Start SIP
CUST100323,52,232980,377598,Yes,Yes,Yes,Yes,26,20,833,100,Advanced Wealth Products
CUST100324,42,90403,1961914,Yes,Yes,No,No,176,6,822,50,Start SIP
CUST100325,46,79286,627672,No,Yes,No,No,14,0,571,25,Enable UPI
CUST100326,35,119927,1776555,Yes,Yes,No,Yes,122,0,736,75,Start SIP
CUST100327,63,292052,706506,Yes,Yes,No,No,9,9,756,50,Start SIP
CUST100328,35,38386,1375752,Yes,Yes,No,No,7,12,696,50,Start SIP
CUST100329,19,192826,1429241,Yes,Yes,No,Yes,183,21,703,75,Start SIP
CUST100330,52,267156,907810,Yes,Yes,No,Yes,140,29,657,75,Start SIP
CUST100331,33,263724,546428,Yes,Yes,No,Yes,145,4,865,75,Start SIP
CUST100332,58,216202,269814,Yes,Yes,No,Yes,108,11,849,75,Start SIP
CUST100333,53,40525,1352239,Yes,No,Yes,Yes,136,27,848,75,Activate Mobile Banking
CUST100334,50,94818,1622376,No,Yes,No,Yes,91,28,700,50,Enable UPI
CUST100335,21,129589,980315,No,No,No,Yes,124,2,724,25,Enable UPI
CUST100336,50,160406,108565,No,Yes,Yes,Yes,170,28,604,75,Enable UPI
CUST100337,31,109715,675051,Yes,No,No,No,165,18,816,25,Activate Mobile Banking
CUST100338,38,208839,896588,Yes,Yes,Yes,Yes,148,3,860,100,Advanced Wealth Products
CUST100339,65,283788,1743198,Yes,Yes,No,Yes,1,14,703,75,Start SIP
CUST100340,37,272438,190964,Yes,Yes,No,Yes,9,12,739,75,Start SIP
CUST100341,25,182679,1603459,Yes,Yes,No,No,111,10,698,50,Start SIP
CUST100342,24,98178,1241855,Yes,Yes,No,Yes,24,25,557,75,Start SIP
CUST100343,20,190458,1051094,Yes,Yes,Yes,Yes,125,1,697,100,Advanced Wealth Products
CUST100344,34,269466,1300237,Yes,Yes,No,Yes,162,28,722,75,Start SIP
CUST100345,50,101724,1218088,No,Yes,Yes,No,36,8,630,50,Enable UPI
CUST100346,65,244204,1324350,Yes,No,Yes,No,4,28,628,50,Activate Mobile Banking
CUST100347,29,111393,1478042,Yes,Yes,No,Yes,157,11,870,75,Start SIP
CUST100348,68,91312,1313876,Yes,Yes,No,Yes,87,3,609,75,Start SIP
CUST100349,39,86196,1293220,Yes,Yes,Yes,Yes,144,25,644,100,Advanced Wealth Products
CUST100350,39,85014,759108,Yes,Yes,No,Yes,8,18,861,75,Start SIP
CUST100351,63,156994,1947469,Yes,Yes,No,No,91,9,677,50,Start SIP
CUST100352,47,48340,737878,Yes,Yes,No,No,39,10,671,50,Start SIP
CUST100353,55,128711,1127767,No,Yes,No,No,58,6,836,25,Enable UPI
CUST100354,55,230250,1006622,No,No,No,Yes,140,12,890,25,Enable UPI
CUST100355,62,26094,1154167,Yes,Yes,No,No,172,8,636,50,Start SIP
CUST100356,68,282885,1641617,Yes,Yes,Yes,Yes,4,11,630,100,Advanced Wealth Products
CUST100357,25,126585,1557053,Yes,Yes,No,Yes,25,28,571,75,Start SIP
CUST100358,44,83798,1638384,No,Yes,No,No,198,1,801,25,Enable UPI
CUST100359,44,216604,271152,Yes,Yes,Yes,Yes,67,29,739,100,Advanced Wealth Products
CUST100360,51,125130,1491256,Yes,Yes,Yes,No,167,21,861,75,Buy Insurance
CUST100361,38,299308,374552,Yes,Yes,Yes,No,118,20,635,75,Buy Insurance
CUST100362,47,181667,267640,Yes,Yes,No,Yes,24,0,557,75,Start SIP
CUST100363,50,45257,366911,No,Yes,No,No,6,26,867,25,Enable UPI
CUST100364,45,67691,1051251,Yes,No,No,Yes,97,6,883,50,Activate Mobile Banking
CUST100365,64,94768,290356,Yes,Yes,No,Yes,72,0,779,75,Start SIP
CUST100366,50,29026,1860645,Yes,Yes,No,No,161,25,701,50,Start SIP
CUST100367,22,240162,836659,Yes,Yes,No,No,176,24,827,50,Start SIP
CUST100368,65,34610,1529205,No,Yes,Yes,Yes,195,15,564,75,Enable UPI
CUST100369,36,192718,911185,No,Yes,Yes,No,124,3,836,50,Enable UPI
CUST100370,21,193646,1173694,Yes,Yes,No,No,2,29,797,50,Start SIP
CUST100371,52,237123,1792282,Yes,Yes,No,Yes,38,7,804,75,Start SIP
CUST100372,66,34288,277028,Yes,Yes,No,No,40,16,892,50,Start SIP
CUST100373,34,99425,121481,Yes,No,No,No,56,20,874,25,Activate Mobile Banking
CUST100374,61,15917,73259,Yes,Yes,Yes,No,103,18,716,75,Buy Insurance
CUST100375,45,268187,54810,Yes,Yes,No,Yes,103,3,630,75,Start SIP
CUST100376,47,54104,1183502,Yes,No,No,No,21,27,845,25,Activate Mobile Banking
CUST100377,46,164134,1582625,Yes,No,Yes,Yes,115,3,618,75,Activate Mobile Banking
CUST100378,63,294143,1836278,Yes,Yes,No,No,35,7,732,50,Start SIP
CUST100379,23,277091,21375,No,Yes,No,No,67,9,876,25,Enable UPI
CUST100380,52,76169,243117,Yes,Yes,No,Yes,188,25,613,75,Start SIP
CUST100381,58,169542,947722,Yes,Yes,No,Yes,151,28,813,75,Start SIP
CUST100382,54,144744,1215213,Yes,Yes,No,No,193,15,876,50,Start SIP
CUST100383,41,74821,107654,Yes,Yes,Yes,No,191,18,635,75,Buy Insurance
CUST100384,46,232741,824407,Yes,Yes,No,Yes,151,0,593,75,Start SIP
CUST100385,66,264265,1736009,Yes,Yes,No,Yes,123,4,843,75,Start SIP
CUST100386,63,229127,205798,No,Yes,No,No,42,1,698,25,Enable UPI
CUST100387,48,289336,137955,Yes,Yes,Yes,Yes,192,28,809,100,Advanced Wealth Products
CUST100388,52,218834,990926,Yes,Yes,No,Yes,194,26,860,75,Start SIP
CUST100389,50,249538,1758565,Yes,Yes,No,No,81,15,898,50,Start SIP
CUST100390,69,101795,1773106,Yes,Yes,No,Yes,41,12,608,75,Start SIP
CUST100391,38,180159,79489,Yes,Yes,Yes,Yes,114,29,643,100,Advanced Wealth Products
CUST100392,49,150699,537669,Yes,Yes,Yes,Yes,20,5,872,100,Advanced Wealth Products
CUST100393,40,258877,1994318,Yes,Yes,Yes,No,9,3,554,75,Buy Insurance
CUST100394,50,214298,149867,Yes,Yes,No,Yes,57,24,632,75,Start SIP
CUST100395,20,203505,67999,Yes,No,Yes,No,124,6,877,50,Activate Mobile Banking
CUST100396,35,151285,317051,Yes,No,No,No,145,1,586,25,Activate Mobile Banking
CUST100397,42,117412,1980718,Yes,Yes,No,Yes,78,22,576,75,Start SIP
CUST100398,59,34404,861899,Yes,No,No,No,18,9,562,25,Activate Mobile Banking
CUST100399,48,131545,1882631,Yes,Yes,No,Yes,63,13,614,75,Start SIP
CUST100400,20,237128,698852,No,Yes,No,No,93,7,752,25,Enable UPI
CUST100401,57,165245,424627,Yes,No,No,Yes,26,2,729,50,Activate Mobile Banking
CUST100402,63,199099,902156,No,Yes,No,No,84,2,846,25,Enable UPI
CUST100403,41,276657,1205182,Yes,Yes,Yes,Yes,13,26,820,100,Advanced Wealth Products
CUST100404,67,271875,1475973,No,Yes,Yes,Yes,119,1,564,75,Enable UPI
CUST100405,49,299583,370213,Yes,Yes,No,No,145,27,550,50,Start SIP
CUST100406,64,29995,549284,Yes,Yes,No,Yes,115,16,820,75,Start SIP
CUST100407,39,38559,1781025,Yes,Yes,Yes,No,26,18,597,75,Buy Insurance
CUST100408,40,113000,1159258,Yes,Yes,No,Yes,134,9,731,75,Start SIP
CUST100409,19,167191,350753,Yes,Yes,No,Yes,81,11,732,75,Start SIP
CUST100410,44,40517,514220,Yes,Yes,Yes,No,132,26,877,75,Buy Insurance
CUST100411,59,230558,995170,Yes,No,No,Yes,89,22,763,50,Activate Mobile Banking
CUST100412,19,120686,1738341,No,Yes,Yes,No,7,10,576,50,Enable UPI
CUST100413,43,103151,1417210,Yes,Yes,No,No,17,8,775,50,Start SIP
CUST100414,34,280471,1835836,No,Yes,No,Yes,86,29,707,50,Enable UPI
CUST100415,57,135318,76325,Yes,No,Yes,No,128,24,609,50,Activate Mobile Banking
CUST100416,50,210490,1606794,Yes,Yes,No,Yes,118,12,615,75,Start SIP
CUST100417,26,188860,381570,Yes,Yes,No,Yes,92,5,723,75,Start SIP
CUST100418,60,130945,1071105,Yes,Yes,No,No,50,13,601,50,Start SIP
CUST100419,65,228456,582834,Yes,No,No,Yes,128,21,792,50,Activate Mobile Banking
CUST100420,56,67446,1323662,No,Yes,No,Yes,6,10,886,50,Enable UPI
CUST100421,46,202655,1847556,Yes,Yes,No,No,158,4,840,50,Start SIP
CUST100422,59,155148,1955256,Yes,Yes,No,No,74,1,793,50,Start SIP
CUST100423,43,84341,1465088,No,Yes,No,No,56,6,670,25,Enable UPI
CUST100424,52,46085,711376,Yes,Yes,Yes,No,39,16,591,75,Buy Insurance
CUST100425,67,20750,627068,No,Yes,Yes,No,142,5,733,50,Enable UPI
CUST100426,42,50903,1316016,No,Yes,No,No,54,13,594,25,Enable UPI
CUST100427,41,218561,1121521,Yes,Yes,Yes,Yes,22,3,601,100,Advanced Wealth Products
CUST100428,30,106036,64980,Yes,Yes,No,No,185,2,700,50,Start SIP
CUST100429,24,102954,848214,Yes,No,No,Yes,41,10,578,50,Activate Mobile Banking
CUST100430,53,132305,170301,No,No,No,No,90,28,606,0,Enable UPI
CUST100431,62,215753,625670,Yes,Yes,No,No,10,0,824,50,Start SIP
CUST100432,37,47101,1107020,Yes,Yes,No,No,2,13,758,50,Start SIP
CUST100433,18,17775,302180,No,Yes,No,No,195,5,557,25,Enable UPI
CUST100434,25,126497,1562474,Yes,Yes,Yes,Yes,48,28,796,100,Advanced Wealth Products
CUST100435,63,60619,1313762,No,Yes,No,Yes,42,22,744,50,Enable UPI
CUST100436,33,267388,1879330,Yes,Yes,Yes,No,139,26,871,75,Buy Insurance
CUST100437,31,248346,687527,Yes,Yes,No,Yes,140,16,888,75,Start SIP
CUST100438,29,80149,843099,No,Yes,No,No,142,26,577,25,Enable UPI
CUST100439,68,41616,1672391,Yes,No,Yes,Yes,30,16,894,75,Activate Mobile Banking
CUST100440,40,236767,1136913,Yes,Yes,No,No,60,22,880,50,Start SIP
CUST100441,32,200639,1367188,Yes,Yes,Yes,No,158,10,845,75,Buy Insurance
CUST100442,45,183171,1126470,Yes,Yes,No,Yes,38,27,784,75,Start SIP
CUST100443,51,221903,451300,Yes,No,Yes,No,75,21,679,50,Activate Mobile Banking
CUST100444,19,246318,592426,No,Yes,No,No,65,6,625,25,Enable UPI
CUST100445,49,70863,1338308,Yes,Yes,No,Yes,175,12,782,75,Start SIP
CUST100446,40,188115,854333,Yes,Yes,No,No,39,7,779,50,Start SIP
CUST100447,39,268347,415887,Yes,Yes,Yes,No,177,7,881,75,Buy Insurance
CUST100448,68,204052,1048228,Yes,Yes,No,Yes,73,8,900,75,Start SIP
CUST100449,42,293495,1136614,No,Yes,Yes,No,58,28,859,50,Enable UPI
CUST100450,39,150203,1478437,No,Yes,No,Yes,107,24,738,50,Enable UPI
CUST100451,39,262908,1716573,Yes,Yes,No,Yes,89,6,551,75,Start SIP
CUST100452,66,288493,923164,Yes,Yes,No,No,17,24,885,50,Start SIP
CUST100453,69,207003,374355,Yes,Yes,No,No,134,21,614,50,Start SIP
CUST100454,59,289597,798354,Yes,Yes,No,No,143,8,601,50,Start SIP
CUST100455,23,164886,1671561,Yes,Yes,No,Yes,195,10,583,75,Start SIP
CUST100456,32,164335,1229369,Yes,No,Yes,Yes,95,1,850,75,Activate Mobile Banking
CUST100457,60,92694,455472,No,Yes,No,Yes,156,26,789,50,Enable UPI
CUST100458,54,30735,781385,Yes,No,Yes,No,172,17,678,50,Activate Mobile Banking
CUST100459,50,190745,908649,No,Yes,Yes,Yes,146,29,792,75,Enable UPI
CUST100460,25,235534,1909514,Yes,No,No,No,160,21,857,25,Activate Mobile Banking
CUST100461,61,60066,205015,Yes,No,No,Yes,197,2,872,50,Activate Mobile Banking
CUST100462,61,246387,1177914,No,Yes,Yes,No,172,17,647,50,Enable UPI
CUST100463,22,149445,1081419,Yes,No,No,No,70,15,625,25,Activate Mobile Banking
CUST100464,56,287836,1717982,No,Yes,Yes,No,63,7,861,50,Enable UPI
CUST100465,21,60541,1011840,Yes,Yes,No,Yes,58,22,768,75,Start SIP
CUST100466,23,180129,986489,Yes,Yes,No,No,175,7,855,50,Start SIP
CUST100467,62,81983,370208,No,Yes,No,No,126,5,650,25,Enable UPI
CUST100468,49,165655,232997,Yes,Yes,No,No,145,24,668,50,Start SIP
CUST100469,69,168837,1179993,No,Yes,Yes,Yes,167,24,689,75,Enable UPI
CUST100470,47,205359,1170161,No,Yes,No,No,187,1,774,25,Enable UPI
CUST100471,64,225747,559634,Yes,Yes,Yes,Yes,135,15,804,100,Advanced Wealth Products
CUST100472,52,192597,224356,Yes,Yes,Yes,Yes,63,25,622,100,Advanced Wealth Products
CUST100473,57,184302,1438872,Yes,Yes,No,No,117,20,861,50,Start SIP
CUST100474,69,267084,903201,Yes,Yes,Yes,No,185,8,855,75,Buy Insurance
CUST100475,33,136015,1680255,No,No,No,No,162,18,705,0,Enable UPI
CUST100476,30,187257,489600,Yes,Yes,No,Yes,53,20,808,75,Start SIP
CUST100477,67,261536,1500318,Yes,Yes,No,Yes,194,14,613,75,Start SIP
CUST100478,59,239021,1913151,Yes,No,No,No,82,23,859,25,Activate Mobile Banking
CUST100479,47,145956,1876795,Yes,Yes,No,Yes,176,1,585,75,Start SIP
CUST100480,36,85744,825015,No,Yes,No,No,188,14,797,25,Enable UPI
CUST100481,34,88616,1197211,Yes,Yes,No,No,43,21,593,50,Start SIP
CUST100482,36,102438,182132,No,Yes,Yes,No,4,10,668,50,Enable UPI
CUST100483,45,131841,265609,Yes,No,No,Yes,75,19,898,50,Activate Mobile Banking
CUST100484,43,155558,651231,Yes,Yes,No,No,94,11,730,50,Start SIP
CUST100485,54,184934,774822,Yes,Yes,No,Yes,107,14,619,75,Start SIP
CUST100486,43,267734,694050,Yes,Yes,Yes,Yes,91,15,816,100,Advanced Wealth Products
CUST100487,40,73870,1426953,No,Yes,Yes,Yes,93,29,768,75,Enable UPI
CUST100488,26,101694,230784,Yes,Yes,No,Yes,180,27,739,75,Start SIP
CUST100489,29,252068,19925,No,No,No,No,160,5,805,0,Enable UPI
CUST100490,18,116407,1795723,Yes,No,No,No,113,2,736,25,Activate Mobile Banking
CUST100491,18,46379,1136760,Yes,Yes,No,No,90,5,776,50,Start SIP
CUST100492,64,251500,1991188,Yes,Yes,No,Yes,94,22,610,75,Start SIP
CUST100493,51,69353,1654379,Yes,Yes,No,No,179,25,717,50,Start SIP
CUST100494,49,196068,204330,Yes,Yes,Yes,No,138,2,681,75,Buy Insurance
CUST100495,65,291175,665715,Yes,Yes,No,No,140,20,704,50,Start SIP
CUST100496,42,226144,1361789,No,Yes,Yes,No,167,12,821,50,Enable UPI
CUST100497,57,80982,754695,Yes,No,Yes,Yes,196,11,759,75,Activate Mobile Banking
CUST100498,62,51683,1154430,Yes,Yes,No,No,138,7,556,50,Start SIP
CUST100499,18,129091,845903,Yes,Yes,Yes,Yes,92,1,560,100,Advanced Wealth Products
CUST100500,33,132797,299849,Yes,Yes,No,No,105,6,749,50,Start SIP
CUST100501,56,21587,179981,No,Yes,Yes,No,73,28,800,50,Enable UPI
CUST100502,22,244602,224678,Yes,Yes,Yes,No,10,16,613,75,Buy Insurance
CUST100503,39,166599,133501,Yes,Yes,No,No,104,6,729,50,Start SIP
CUST100504,46,288295,1169937,Yes,Yes,No,No,151,0,677,50,Start SIP
CUST100505,20,205246,1238387,Yes,Yes,No,Yes,141,3,811,75,Start SIP
CUST100506,29,59739,212892,Yes,Yes,No,No,48,14,669,50,Start SIP
CUST100507,43,47954,616561,Yes,Yes,Yes,No,109,3,597,75,Buy Insurance
CUST100508,33,258935,1338961,Yes,Yes,No,Yes,89,11,618,75,Start SIP
CUST100509,68,124373,1474206,Yes,Yes,Yes,Yes,44,15,811,100,Advanced Wealth Products
CUST100510,54,49700,55818,No,Yes,No,Yes,93,20,779,50,Enable UPI
CUST100511,39,138728,156967,Yes,No,No,Yes,64,17,801,50,Activate Mobile Banking
CUST100512,46,86045,359451,No,Yes,No,No,40,13,780,25,Enable UPI
CUST100513,31,159972,1247057,Yes,Yes,No,Yes,134,13,773,75,Start SIP
CUST100514,45,16881,1502116,No,No,Yes,No,120,27,756,25,Enable UPI
CUST100515,22,297933,1382640,Yes,Yes,No,No,72,10,890,50,Start SIP
CUST100516,64,103059,451771,Yes,Yes,Yes,Yes,98,27,577,100,Advanced Wealth Products
CUST100517,66,229566,123642,Yes,Yes,Yes,No,171,15,768,75,Buy Insurance
CUST100518,47,124388,1381173,Yes,Yes,No,Yes,32,14,886,75,Start SIP
CUST100519,63,213303,814121,Yes,No,Yes,No,177,21,650,50,Activate Mobile Banking
CUST100520,69,280406,200428,Yes,Yes,Yes,Yes,74,5,607,100,Advanced Wealth Products
CUST100521,22,96972,1801947,Yes,Yes,No,Yes,123,29,573,75,Start SIP
CUST100522,29,69722,406468,Yes,Yes,No,Yes,147,23,776,75,Start SIP
CUST100523,33,196890,822276,Yes,Yes,Yes,Yes,84,12,718,100,Advanced Wealth Products
CUST100524,43,284045,100687,No,Yes,No,No,52,25,795,25,Enable UPI
CUST100525,43,132473,1552334,Yes,Yes,No,Yes,180,27,873,75,Start SIP
CUST100526,65,285741,1863373,Yes,Yes,No,No,34,16,761,50,Start SIP
CUST100527,38,230286,1714962,Yes,Yes,No,Yes,187,3,815,75,Start SIP
CUST100528,56,258896,1938311,Yes,No,No,No,81,11,570,25,Activate Mobile Banking
CUST100529,53,171877,295667,Yes,Yes,No,No,108,17,673,50,Start SIP
CUST100530,50,26874,519513,No,Yes,No,No,126,26,646,25,Enable UPI
CUST100531,47,239137,1195130,Yes,Yes,Yes,Yes,5,7,687,100,Advanced Wealth Products
CUST100532,54,291223,117105,Yes,No,No,No,194,11,887,25,Activate Mobile Banking
CUST100533,40,110408,1888896,Yes,Yes,No,Yes,41,3,642,75,Start SIP
CUST100534,27,135606,1691748,Yes,Yes,No,Yes,34,29,644,75,Start SIP
CUST100535,22,135062,1684832,No,Yes,Yes,No,182,7,573,50,Enable UPI
CUST100536,53,27100,1890118,No,No,No,No,20,28,685,0,Enable UPI
CUST100537,51,165872,1799580,Yes,Yes,No,No,182,1,883,50,Start SIP
CUST100538,69,209472,1447285,Yes,Yes,No,No,66,28,682,50,Start SIP
CUST100539,48,249196,1502986,Yes,Yes,No,No,92,29,603,50,Start SIP
CUST100540,27,222609,1659865,Yes,No,No,No,146,3,841,25,Activate Mobile Banking
CUST100541,36,166014,44767,Yes,Yes,Yes,No,44,11,661,75,Buy Insurance
CUST100542,49,298006,558838,Yes,No,No,Yes,103,24,680,50,Activate Mobile Banking
CUST100543,18,288813,1577837,Yes,No,No,No,48,20,827,25,Activate Mobile Banking
CUST100544,22,199844,1198481,Yes,Yes,Yes,Yes,35,21,813,100,Advanced Wealth Products
CUST100545,62,293060,1187618,Yes,Yes,Yes,Yes,111,9,627,100,Advanced Wealth Products
CUST100546,21,288022,1676179,No,Yes,No,No,39,14,812,25,Enable UPI
CUST100547,33,280129,100494,Yes,No,No,Yes,3,27,617,50,Activate Mobile Banking
CUST100548,41,219720,1045016,No,Yes,No,Yes,19,8,611,50,Enable UPI
CUST100549,33,56235,1705288,Yes,No,Yes,Yes,125,8,724,75,Activate Mobile Banking
CUST100550,19,296075,905287,Yes,Yes,Yes,No,146,6,829,75,Buy Insurance
CUST100551,66,107876,1136257,No,Yes,Yes,No,83,26,785,50,Enable UPI
CUST100552,45,15336,1941497,No,Yes,No,Yes,5,1,685,50,Enable UPI
CUST100553,49,84504,709537,Yes,Yes,No,Yes,55,6,773,75,Start SIP
CUST100554,44,114214,921978,Yes,No,No,Yes,13,8,638,50,Activate Mobile Banking
CUST100555,37,197220,1305987,No,Yes,No,No,162,17,656,25,Enable UPI
CUST100556,41,128936,721861,Yes,Yes,Yes,No,18,22,590,75,Buy Insurance
CUST100557,29,31279,558188,Yes,Yes,Yes,No,68,11,735,75,Buy Insurance
CUST100558,67,214737,19126,No,Yes,No,Yes,100,6,737,50,Enable UPI
CUST100559,52,118751,1689062,Yes,Yes,Yes,No,171,18,558,75,Buy Insurance
CUST100560,50,86386,1779626,Yes,Yes,Yes,No,193,21,729,75,Buy Insurance
CUST100561,50,101124,1796680,Yes,No,No,Yes,169,23,735,50,Activate Mobile Banking
CUST100562,68,106911,346447,Yes,Yes,No,Yes,38,15,631,75,Start SIP
CUST100563,60,212742,221651,Yes,Yes,No,Yes,166,25,726,75,Start SIP
CUST100564,54,236094,334205,Yes,Yes,No,No,141,7,643,50,Start SIP
CUST100565,29,252723,1545856,Yes,Yes,No,No,125,29,665,50,Start SIP
CUST100566,20,97806,21978,Yes,Yes,No,No,22,18,709,50,Start SIP
CUST100567,18,222605,1634208,Yes,Yes,Yes,No,29,5,794,75,Buy Insurance
CUST100568,50,245097,1362368,Yes,Yes,No,No,137,1,832,50,Start SIP
CUST100569,57,212478,1316775,No,Yes,Yes,No,110,29,762,50,Enable UPI
CUST100570,27,185591,80582,Yes,Yes,Yes,Yes,108,1,701,100,Advanced Wealth Products
CUST100571,60,180596,1286035,No,Yes,Yes,No,68,28,715,50,Enable UPI
CUST100572,61,179957,610502,Yes,No,No,No,104,7,692,25,Activate Mobile Banking
CUST100573,46,247204,443092,No,Yes,No,No,145,26,574,25,Enable UPI
CUST100574,30,196871,1565155,Yes,Yes,No,Yes,165,9,749,75,Start SIP
CUST100575,29,258154,752520,Yes,Yes,No,Yes,192,20,782,75,Start SIP
CUST100576,48,87307,1947962,No,Yes,No,Yes,195,20,553,50,Enable UPI
CUST100577,63,250998,1616589,No,No,No,Yes,132,10,837,25,Enable UPI
CUST100578,19,136757,403471,Yes,Yes,No,Yes,40,19,722,75,Start SIP
CUST100579,68,68664,473163,Yes,Yes,No,No,144,26,733,50,Start SIP
CUST100580,67,181536,844812,Yes,Yes,Yes,No,139,25,800,75,Buy Insurance
CUST100581,52,274438,775008,No,Yes,Yes,No,26,19,840,50,Enable UPI
CUST100582,40,165528,582621,Yes,Yes,No,No,95,23,835,50,Start SIP
CUST100583,34,290553,309603,Yes,Yes,Yes,No,98,2,661,75,Buy Insurance
CUST100584,43,215399,907950,Yes,Yes,No,Yes,103,26,854,75,Start SIP
CUST100585,25,237472,1839774,Yes,Yes,No,Yes,193,15,899,75,Start SIP
CUST100586,46,246182,303307,No,Yes,No,Yes,125,2,888,50,Enable UPI
CUST100587,43,296836,1218619,Yes,Yes,Yes,No,2,7,679,75,Buy Insurance
CUST100588,27,104037,1543563,Yes,Yes,No,Yes,91,18,736,75,Start SIP
CUST100589,43,224912,1774085,Yes,Yes,No,No,45,11,578,50,Start SIP
CUST100590,51,200272,1049654,Yes,Yes,No,Yes,171,17,707,75,Start SIP
CUST100591,68,239135,1400450,Yes,Yes,No,No,3,12,784,50,Start SIP
CUST100592,58,203487,286620,Yes,No,No,Yes,162,10,827,50,Activate Mobile Banking
CUST100593,24,33074,1384300,No,Yes,No,No,80,28,651,25,Enable UPI
CUST100594,21,161621,1305407,Yes,No,Yes,Yes,193,12,774,75,Activate Mobile Banking
CUST100595,67,242434,897008,Yes,Yes,No,Yes,64,20,824,75,Start SIP
CUST100596,62,247679,353737,Yes,Yes,Yes,No,135,26,872,75,Buy Insurance
CUST100597,28,67265,729410,Yes,No,No,No,35,2,781,25,Activate Mobile Banking
CUST100598,46,31061,1260174,No,Yes,Yes,No,22,5,891,50,Enable UPI
CUST100599,53,174882,1551288,Yes,No,No,No,176,26,823,25,Activate Mobile Banking
CUST100600,42,128502,1949079,Yes,Yes,Yes,No,160,22,662,75,Buy Insurance
CUST100601,38,299944,1692696,Yes,Yes,Yes,No,26,2,688,75,Buy Insurance
CUST100602,53,271505,1454299,Yes,Yes,No,Yes,120,24,765,75,Start SIP
CUST100603,27,122228,1517185,Yes,No,No,Yes,6,25,863,50,Activate Mobile Banking
CUST100604,54,221548,672478,No,No,Yes,Yes,174,0,823,50,Enable UPI
CUST100605,26,191469,186601,Yes,Yes,No,No,183,13,877,50,Start SIP
CUST100606,41,28233,73682,Yes,Yes,No,No,118,22,898,50,Start SIP
CUST100607,52,257277,1276585,Yes,Yes,Yes,No,183,19,733,75,Buy Insurance
CUST100608,66,171140,452392,Yes,No,No,Yes,85,6,861,50,Activate Mobile Banking
CUST100609,52,119135,1300129,Yes,Yes,No,Yes,185,24,743,75,Start SIP
CUST100610,65,232314,1407433,No,Yes,No,No,121,8,828,25,Enable UPI
CUST100611,53,28682,1419780,Yes,Yes,No,Yes,63,0,821,75,Start SIP
CUST100612,35,169455,664774,Yes,Yes,No,No,129,9,849,50,Start SIP
CUST100613,66,239404,1136606,Yes,Yes,Yes,Yes,149,12,621,100,Advanced Wealth Products
CUST100614,56,106198,1173936,No,No,No,Yes,20,11,745,25,Enable UPI
CUST100615,49,56830,1925981,Yes,Yes,Yes,No,29,3,819,75,Buy Insurance
CUST100616,41,25234,664297,No,No,No,Yes,43,6,880,25,Enable UPI
CUST100617,40,72616,1876739,Yes,Yes,Yes,Yes,173,9,789,100,Advanced Wealth Products
CUST100618,49,286365,1009366,No,Yes,No,No,65,21,657,25,Enable UPI
CUST100619,54,157482,699025,Yes,Yes,Yes,No,131,24,841,75,Buy Insurance
CUST100620,29,226127,472726,Yes,Yes,No,No,96,28,849,50,Start SIP
CUST100621,66,207485,1559473,Yes,No,No,No,20,6,649,25,Activate Mobile Banking
CUST100622,30,16051,940004,Yes,Yes,No,Yes,81,14,630,75,Start SIP
CUST100623,40,91918,1167936,Yes,Yes,No,Yes,37,18,819,75,Start SIP
CUST100624,42,93116,1317470,Yes,Yes,No,No,38,6,898,50,Start SIP
CUST100625,52,243931,594306,Yes,Yes,Yes,Yes,45,25,566,100,Advanced Wealth Products
CUST100626,58,223547,1047960,Yes,No,Yes,Yes,170,13,742,75,Activate Mobile Banking
CUST100627,47,241572,1450819,No,Yes,No,No,46,20,761,25,Enable UPI
CUST100628,34,146379,1818768,Yes,Yes,No,Yes,60,13,675,75,Start SIP
CUST100629,66,71889,141817,No,Yes,Yes,No,96,17,859,50,Enable UPI
CUST100630,37,241256,197803,Yes,Yes,Yes,Yes,13,9,675,100,Advanced Wealth Products
CUST100631,65,53134,1664848,Yes,Yes,Yes,Yes,31,2,679,100,Advanced Wealth Products
CUST100632,42,217834,1947991,Yes,Yes,No,Yes,124,5,694,75,Start SIP
CUST100633,39,242579,819883,Yes,Yes,No,No,68,28,805,50,Start SIP
CUST100634,30,40954,360887,No,Yes,No,Yes,116,21,572,50,Enable UPI
CUST100635,36,201093,862906,Yes,No,Yes,No,62,22,763,50,Activate Mobile Banking
CUST100636,66,241999,1770472,No,Yes,Yes,No,177,21,678,50,Enable UPI
CUST100637,53,225938,1065726,No,Yes,Yes,Yes,146,8,561,75,Enable UPI
CUST100638,29,216499,804838,Yes,No,No,No,75,13,690,25,Activate Mobile Banking
CUST100639,58,282136,1204429,No,Yes,No,No,106,20,817,25,Enable UPI
CUST100640,36,16961,1242065,Yes,No,Yes,No,53,20,606,50,Activate Mobile Banking
CUST100641,29,27497,907479,No,No,No,Yes,146,23,635,25,Enable UPI
CUST100642,26,271446,1963979,Yes,Yes,Yes,No,51,7,823,75,Buy Insurance
CUST100643,24,290399,1943165,Yes,Yes,No,No,169,0,652,50,Start SIP
CUST100644,45,150639,1596189,No,Yes,No,Yes,101,2,888,50,Enable UPI
CUST100645,31,250889,204756,Yes,Yes,Yes,Yes,101,28,899,100,Advanced Wealth Products
CUST100646,48,194075,1934423,Yes,No,No,Yes,195,21,692,50,Activate Mobile Banking
CUST100647,69,35389,1561339,Yes,Yes,No,Yes,193,5,883,75,Start SIP
CUST100648,36,190595,1782405,Yes,Yes,No,Yes,83,0,878,75,Start SIP
CUST100649,64,228175,1980516,Yes,Yes,No,No,123,17,725,50,Start SIP
CUST100650,33,18358,22669,No,Yes,Yes,Yes,134,9,682,75,Enable UPI
CUST100651,22,267557,918817,Yes,No,No,No,165,22,893,25,Activate Mobile Banking
CUST100652,52,222596,339154,Yes,Yes,Yes,No,12,16,813,75,Buy Insurance
CUST100653,29,269488,1559775,Yes,Yes,No,No,81,25,696,50,Start SIP
CUST100654,42,120982,212836,Yes,No,Yes,No,2,20,561,50,Activate Mobile Banking
CUST100655,69,243129,1545866,Yes,Yes,Yes,Yes,53,0,877,100,Advanced Wealth Products
CUST100656,38,282842,137915,No,Yes,Yes,No,153,21,604,50,Enable UPI
CUST100657,53,108079,201681,No,Yes,Yes,No,156,22,779,50,Enable UPI
CUST100658,40,70805,580100,Yes,Yes,No,Yes,173,7,671,75,Start SIP
CUST100659,33,177421,807491,Yes,No,Yes,Yes,37,28,898,75,Activate Mobile Banking
CUST100660,56,222849,1401989,No,Yes,No,Yes,145,11,782,50,Enable UPI
CUST100661,62,253483,782150,No,Yes,Yes,Yes,69,18,711,75,Enable UPI
CUST100662,59,59041,1225416,Yes,Yes,No,Yes,56,13,631,75,Start SIP
CUST100663,56,285146,30395,Yes,No,No,Yes,121,29,596,50,Activate Mobile Banking
CUST100664,31,122524,1335922,No,Yes,No,Yes,58,18,840,50,Enable UPI
CUST100665,48,233306,935777,Yes,No,No,No,4,26,709,25,Activate Mobile Banking
CUST100666,22,34738,1283283,Yes,Yes,No,Yes,103,16,728,75,Start SIP
CUST100667,52,287847,776469,Yes,Yes,No,No,183,27,757,50,Start SIP
CUST100668,40,128776,1781984,Yes,No,No,No,49,15,589,25,Activate Mobile Banking
CUST100669,46,195494,229839,Yes,Yes,No,No,38,18,763,50,Start SIP
CUST100670,60,207971,1273458,Yes,Yes,No,Yes,45,4,703,75,Start SIP
CUST100671,28,292785,1681099,Yes,Yes,Yes,No,108,21,887,75,Buy Insurance
CUST100672,35,283449,1623374,Yes,Yes,No,Yes,158,18,842,75,Start SIP
CUST100673,64,244334,1665809,Yes,Yes,Yes,Yes,37,3,715,100,Advanced Wealth Products
CUST100674,29,295926,1296378,Yes,Yes,No,No,184,4,821,50,Start SIP
CUST100675,26,251371,779456,No,Yes,No,Yes,155,4,573,50,Enable UPI
CUST100676,27,92963,862081,No,No,No,Yes,32,24,664,25,Enable UPI
CUST100677,61,136987,898155,Yes,Yes,No,Yes,139,23,900,75,Start SIP
CUST100678,34,166638,532169,Yes,Yes,No,Yes,58,0,809,75,Start SIP
CUST100679,55,139591,837345,No,No,No,Yes,77,17,855,25,Enable UPI
CUST100680,24,82766,1689724,Yes,Yes,No,No,163,27,775,50,Start SIP
CUST100681,63,21511,876217,Yes,Yes,Yes,Yes,17,14,651,100,Advanced Wealth Products
CUST100682,30,129816,463253,No,Yes,No,No,158,20,680,25,Enable UPI
CUST100683,57,264432,1902465,Yes,Yes,No,No,146,27,813,50,Start SIP
CUST100684,59,281909,171415,No,Yes,Yes,No,30,18,561,50,Enable UPI
CUST100685,26,166426,1509181,No,Yes,No,No,90,22,871,25,Enable UPI
CUST100686,67,174892,476466,Yes,Yes,No,No,119,13,730,50,Start SIP
CUST100687,44,126576,1193304,Yes,Yes,No,No,16,26,898,50,Start SIP
CUST100688,19,86088,1321461,Yes,Yes,No,No,75,5,710,50,Start SIP
CUST100689,22,92525,152733,Yes,Yes,No,Yes,182,17,663,75,Start SIP
CUST100690,46,28780,1937099,Yes,Yes,Yes,No,4,7,567,75,Buy Insurance
CUST100691,54,283733,820122,Yes,Yes,No,No,127,4,653,50,Start SIP
CUST100692,55,119188,299977,Yes,Yes,Yes,No,105,21,735,75,Buy Insurance
CUST100693,36,108326,631854,No,Yes,Yes,No,143,7,891,50,Enable UPI
CUST100694,25,80785,1124816,Yes,No,Yes,Yes,155,28,642,75,Activate Mobile Banking
CUST100695,65,34309,636186,Yes,No,Yes,Yes,4,5,850,75,Activate Mobile Banking
CUST100696,62,69195,1393431,Yes,No,Yes,No,163,9,692,50,Activate Mobile Banking
CUST100697,18,40901,979645,Yes,Yes,Yes,Yes,85,2,692,100,Advanced Wealth Products
CUST100698,39,169648,214304,Yes,Yes,Yes,No,63,12,850,75,Buy Insurance
CUST100699,69,40464,1879031,Yes,Yes,No,Yes,100,6,649,75,Start SIP
CUST100700,34,293404,1880217,Yes,Yes,Yes,No,66,29,611,75,Buy Insurance
CUST100701,24,139997,360734,No,Yes,No,No,39,3,633,25,Enable UPI
CUST100702,42,71683,1926620,No,Yes,No,Yes,156,12,825,50,Enable UPI
CUST100703,62,187502,1134098,Yes,Yes,No,Yes,162,5,716,75,Start SIP
CUST100704,21,171177,378798,Yes,Yes,Yes,Yes,161,15,844,100,Advanced Wealth Products
CUST100705,53,93484,674800,Yes,No,No,No,178,21,678,25,Activate Mobile Banking
CUST100706,23,264819,124107,Yes,Yes,Yes,No,188,26,616,75,Buy Insurance
CUST100707,48,221486,406176,Yes,No,Yes,Yes,72,20,596,75,Activate Mobile Banking
CUST100708,36,156449,1076038,No,Yes,No,Yes,72,28,859,50,Enable UPI
CUST100709,61,68592,1048423,Yes,No,No,No,42,0,697,25,Activate Mobile Banking
CUST100710,56,153419,1857829,Yes,Yes,No,No,86,29,799,50,Start SIP
CUST100711,44,70798,425474,Yes,No,No,Yes,91,23,686,50,Activate Mobile Banking
CUST100712,27,150370,97889,No,Yes,No,Yes,28,12,644,50,Enable UPI
CUST100713,43,258767,93952,No,Yes,Yes,No,155,29,787,50,Enable UPI
CUST100714,36,35922,722884,Yes,Yes,Yes,No,119,25,833,75,Buy Insurance
CUST100715,56,241817,420331,Yes,Yes,No,No,129,1,869,50,Start SIP
CUST100716,20,17866,909498,Yes,No,No,No,91,19,584,25,Activate Mobile Banking
CUST100717,62,127669,706793,Yes,No,Yes,No,8,28,845,50,Activate Mobile Banking
CUST100718,30,283042,226576,Yes,Yes,No,No,121,27,807,50,Start SIP
CUST100719,67,295539,1010771,No,Yes,Yes,No,46,18,819,50,Enable UPI
CUST100720,45,185091,748681,Yes,Yes,No,Yes,24,5,873,75,Start SIP
CUST100721,37,281150,503149,No,No,No,Yes,115,10,596,25,Enable UPI
CUST100722,45,180465,870796,Yes,Yes,No,Yes,168,16,643,75,Start SIP
CUST100723,25,288100,861509,No,Yes,Yes,No,179,8,731,50,Enable UPI
CUST100724,58,136724,307788,No,Yes,No,No,119,4,739,25,Enable UPI
CUST100725,56,77901,329787,Yes,Yes,No,Yes,24,4,600,75,Start SIP
CUST100726,18,215569,1329031,Yes,Yes,Yes,No,22,15,755,75,Buy Insurance
CUST100727,20,132192,1045725,Yes,Yes,Yes,Yes,68,3,853,100,Advanced Wealth Products
CUST100728,30,187646,259084,No,Yes,No,Yes,136,19,882,50,Enable UPI
CUST100729,45,109881,134466,Yes,Yes,No,Yes,58,28,674,75,Start SIP
CUST100730,66,257934,1084107,Yes,Yes,Yes,No,15,12,761,75,Buy Insurance
CUST100731,42,147659,19588,Yes,Yes,No,No,8,16,815,50,Start SIP
CUST100732,50,136688,1889424,Yes,Yes,No,No,170,8,684,50,Start SIP
CUST100733,55,130584,148452,Yes,Yes,Yes,No,167,24,822,75,Buy Insurance
CUST100734,23,200782,1751581,Yes,Yes,No,Yes,35,12,827,75,Start SIP
CUST100735,61,237820,1464610,Yes,No,Yes,No,169,15,864,50,Activate Mobile Banking
CUST100736,62,231896,1215505,Yes,No,Yes,Yes,48,19,849,75,Activate Mobile Banking
CUST100737,49,194689,1599575,No,No,Yes,Yes,96,9,816,50,Enable UPI
CUST100738,62,180289,665457,No,No,No,Yes,71,9,847,25,Enable UPI
CUST100739,64,298028,1956356,Yes,Yes,No,Yes,44,19,828,75,Start SIP
CUST100740,38,282598,1737329,No,Yes,Yes,Yes,97,27,763,75,Enable UPI
CUST100741,33,89960,1862084,Yes,Yes,No,Yes,35,15,611,75,Start SIP
CUST100742,38,117421,1399994,Yes,No,No,No,27,22,603,25,Activate Mobile Banking
CUST100743,28,253245,324753,Yes,Yes,Yes,Yes,193,19,887,100,Advanced Wealth Products
CUST100744,54,58618,1738253,Yes,Yes,No,No,70,0,661,50,Start SIP
CUST100745,53,62111,1551557,Yes,Yes,No,Yes,66,10,818,75,Start SIP
CUST100746,52,231750,1112056,Yes,Yes,No,Yes,71,12,873,75,Start SIP
CUST100747,36,135592,798476,Yes,Yes,No,Yes,191,24,656,75,Start SIP
CUST100748,37,249000,993537,No,No,Yes,Yes,80,17,832,50,Enable UPI
CUST100749,35,270989,779597,Yes,Yes,No,Yes,29,4,717,75,Start SIP
CUST100750,64,143652,60486,Yes,No,Yes,No,31,3,623,50,Activate Mobile Banking
CUST100751,58,93672,1108738,No,Yes,No,No,192,23,785,25,Enable UPI
CUST100752,66,265351,739647,No,Yes,No,Yes,181,5,641,50,Enable UPI
CUST100753,31,232516,34882,Yes,No,Yes,Yes,68,14,634,75,Activate Mobile Banking
CUST100754,32,76602,583366,Yes,No,No,No,25,22,624,25,Activate Mobile Banking
CUST100755,48,218117,850166,Yes,Yes,No,Yes,117,1,633,75,Start SIP
CUST100756,18,252069,1292256,Yes,Yes,No,Yes,141,3,794,75,Start SIP
CUST100757,20,57222,1686594,Yes,Yes,Yes,No,81,13,777,75,Buy Insurance
CUST100758,33,256084,179898,Yes,Yes,No,No,168,3,632,50,Start SIP
CUST100759,40,257318,1403705,No,Yes,No,No,87,27,564,25,Enable UPI
CUST100760,28,80333,311172,Yes,No,Yes,No,135,28,850,50,Activate Mobile Banking
CUST100761,29,198804,517871,No,Yes,Yes,Yes,160,17,730,75,Enable UPI
CUST100762,27,64420,628226,No,Yes,No,Yes,24,25,887,50,Enable UPI
CUST100763,49,90504,647607,No,Yes,Yes,Yes,1,19,812,75,Enable UPI
CUST100764,33,17462,561831,Yes,No,Yes,No,111,15,627,50,Activate Mobile Banking
CUST100765,25,286604,653567,No,No,No,No,47,8,778,0,Enable UPI
CUST100766,55,114319,34362,Yes,Yes,No,Yes,179,7,782,75,Start SIP
CUST100767,29,271674,425531,Yes,Yes,No,Yes,36,10,579,75,Start SIP
CUST100768,41,155347,163818,Yes,Yes,No,Yes,155,13,704,75,Start SIP
CUST100769,45,159341,408273,Yes,Yes,No,Yes,198,16,854,75,Start SIP
CUST100770,25,144593,1296297,No,Yes,No,Yes,42,12,734,50,Enable UPI
CUST100771,45,137672,834347,No,No,Yes,No,76,7,804,25,Enable UPI
CUST100772,53,299697,943565,Yes,No,No,No,90,13,718,25,Activate Mobile Banking
CUST100773,43,59036,1891378,Yes,Yes,No,Yes,89,10,630,75,Start SIP
CUST100774,25,163441,694517,Yes,Yes,No,Yes,68,8,835,75,Start SIP
CUST100775,67,157867,378519,Yes,Yes,No,Yes,70,7,759,75,Start SIP
CUST100776,45,85021,1195970,No,Yes,Yes,Yes,110,13,808,75,Enable UPI
CUST100777,45,176215,1647676,Yes,Yes,No,Yes,126,14,586,75,Start SIP
CUST100778,54,251304,476058,No,Yes,No,No,141,25,835,25,Enable UPI
CUST100779,58,20368,825449,Yes,Yes,No,Yes,153,0,603,75,Start SIP
CUST100780,53,150693,848224,Yes,Yes,No,No,95,23,761,50,Start SIP
CUST100781,44,73829,950246,Yes,Yes,Yes,No,22,11,891,75,Buy Insurance
CUST100782,34,291863,1281784,Yes,Yes,Yes,No,21,4,649,75,Buy Insurance
CUST100783,26,44227,1042904,Yes,Yes,Yes,Yes,143,24,634,100,Advanced Wealth Products
CUST100784,50,124430,1444918,No,Yes,No,No,195,13,762,25,Enable UPI
CUST100785,37,27306,1857637,No,Yes,Yes,No,165,24,813,50,Enable UPI
CUST100786,30,68822,1706478,Yes,Yes,No,Yes,45,21,635,75,Start SIP
CUST100787,45,39042,1979325,Yes,No,Yes,Yes,154,15,612,75,Activate Mobile Banking
CUST100788,65,163459,101950,Yes,Yes,No,No,111,18,741,50,Start SIP
CUST100789,46,104424,179942,Yes,No,Yes,Yes,183,27,642,75,Activate Mobile Banking
CUST100790,30,197690,1118405,Yes,Yes,No,Yes,178,15,802,75,Start SIP
CUST100791,63,238122,774890,Yes,Yes,No,Yes,163,6,687,75,Start SIP
CUST100792,52,164395,1588452,No,Yes,No,Yes,169,2,598,50,Enable UPI
CUST100793,23,33019,1971522,Yes,Yes,No,Yes,72,22,670,75,Start SIP
CUST100794,35,55863,896712,No,No,Yes,Yes,116,7,588,50,Enable UPI
CUST100795,68,126023,501195,Yes,No,Yes,No,11,20,583,50,Activate Mobile Banking
CUST100796,22,156355,1356441,No,No,No,Yes,88,20,815,25,Enable UPI
CUST100797,64,77780,697505,Yes,Yes,No,No,136,13,558,50,Start SIP
CUST100798,42,207656,277743,Yes,Yes,Yes,No,54,19,737,75,Buy Insurance
CUST100799,19,184024,339738,No,Yes,No,Yes,129,2,645,50,Enable UPI
CUST100800,27,115706,480958,Yes,Yes,No,No,20,27,682,50,Start SIP
CUST100801,47,183735,737790,Yes,Yes,Yes,No,100,23,712,75,Buy Insurance
CUST100802,67,137019,1711875,Yes,No,Yes,No,34,10,688,50,Activate Mobile Banking
CUST100803,62,207453,257856,No,No,No,No,57,21,847,0,Enable UPI
CUST100804,22,194001,289293,No,Yes,Yes,No,141,13,629,50,Enable UPI
CUST100805,50,286487,1967624,Yes,Yes,Yes,Yes,125,21,640,100,Advanced Wealth Products
CUST100806,18,115260,726927,Yes,Yes,Yes,No,182,1,805,75,Buy Insurance
CUST100807,35,185863,1194856,No,Yes,Yes,Yes,53,3,697,75,Enable UPI
CUST100808,49,175206,202170,Yes,Yes,No,No,52,20,728,50,Start SIP
CUST100809,64,193173,1424754,Yes,No,Yes,Yes,134,26,806,75,Activate Mobile Banking
CUST100810,66,84443,1234140,Yes,Yes,Yes,No,36,25,767,75,Buy Insurance
CUST100811,28,245183,1074527,Yes,Yes,No,No,153,4,816,50,Start SIP
CUST100812,38,150899,184992,Yes,Yes,Yes,No,91,18,866,75,Buy Insurance
CUST100813,43,111143,576054,Yes,Yes,No,No,186,9,628,50,Start SIP
CUST100814,42,208725,1897022,Yes,No,No,No,183,20,716,25,Activate Mobile Banking
CUST100815,39,159771,1212999,Yes,Yes,No,No,95,20,653,50,Start SIP
CUST100816,44,263044,482432,Yes,No,No,Yes,3,1,853,50,Activate Mobile Banking
CUST100817,66,151385,1496178,Yes,Yes,Yes,No,28,20,887,75,Buy Insurance
CUST100818,30,159670,616410,No,Yes,No,No,122,2,833,25,Enable UPI
CUST100819,50,126362,800740,Yes,Yes,No,No,196,14,894,50,Start SIP
CUST100820,51,261517,850684,Yes,Yes,No,No,166,18,764,50,Start SIP
CUST100821,58,215462,473361,No,Yes,Yes,Yes,34,20,624,75,Enable UPI
CUST100822,52,191298,1017535,Yes,Yes,Yes,Yes,84,24,774,100,Advanced Wealth Products
CUST100823,18,74550,1136787,Yes,Yes,No,No,141,29,885,50,Start SIP
CUST100824,38,280702,1474856,Yes,Yes,No,No,111,1,841,50,Start SIP
CUST100825,65,201950,452095,No,No,No,Yes,5,24,892,25,Enable UPI
CUST100826,23,73219,1180110,No,No,Yes,No,128,2,619,25,Enable UPI
CUST100827,45,181258,538008,No,Yes,Yes,No,188,28,739,50,Enable UPI
CUST100828,34,179841,393348,No,No,No,No,88,11,655,0,Enable UPI
CUST100829,22,266004,1489732,Yes,Yes,No,No,115,22,619,50,Start SIP
CUST100830,48,272336,609281,Yes,Yes,Yes,Yes,102,27,559,100,Advanced Wealth Products
CUST100831,22,251495,990979,Yes,Yes,Yes,No,17,13,763,75,Buy Insurance
CUST100832,55,68218,314257,Yes,No,No,No,185,16,554,25,Activate Mobile Banking
CUST100833,20,296373,840358,Yes,Yes,No,Yes,31,15,577,75,Start SIP
CUST100834,40,42877,1484995,Yes,Yes,No,Yes,92,16,864,75,Start SIP
CUST100835,54,204073,1797837,Yes,Yes,No,Yes,193,23,790,75,Start SIP
CUST100836,54,162878,1976472,No,Yes,No,No,194,8,785,25,Enable UPI
CUST100837,27,234707,1603769,Yes,Yes,Yes,Yes,161,2,641,100,Advanced Wealth Products
CUST100838,27,256249,209580,Yes,Yes,No,Yes,104,21,867,75,Start SIP
CUST100839,36,52034,579673,Yes,Yes,No,Yes,93,13,894,75,Start SIP
CUST100840,34,186389,1084229,Yes,No,No,No,132,2,587,25,Activate Mobile Banking
CUST100841,38,203868,1145441,Yes,No,No,No,82,5,768,25,Activate Mobile Banking
CUST100842,31,25589,1531512,Yes,No,Yes,No,55,22,701,50,Activate Mobile Banking
CUST100843,26,72221,655101,Yes,Yes,No,Yes,152,20,741,75,Start SIP
CUST100844,63,270927,1199447,No,Yes,No,No,160,18,670,25,Enable UPI
CUST100845,18,278801,1769039,No,Yes,No,No,73,23,720,25,Enable UPI
CUST100846,68,132229,253535,Yes,Yes,Yes,Yes,47,12,659,100,Advanced Wealth Products
CUST100847,62,67227,1592916,Yes,No,No,Yes,144,4,693,50,Activate Mobile Banking
CUST100848,30,280308,142116,Yes,Yes,No,No,149,0,615,50,Start SIP
CUST100849,21,108078,155943,No,No,Yes,No,94,11,871,25,Enable UPI
CUST100850,18,250113,225375,Yes,Yes,Yes,No,67,14,746,75,Buy Insurance
CUST100851,66,65599,510935,Yes,No,No,Yes,97,24,595,50,Activate Mobile Banking
CUST100852,57,261367,1991314,No,Yes,No,No,159,18,698,25,Enable UPI
CUST100853,49,204651,1599245,Yes,Yes,Yes,No,120,1,609,75,Buy Insurance
CUST100854,51,83207,1726210,Yes,Yes,No,No,142,2,687,50,Start SIP
CUST100855,45,126426,772522,Yes,Yes,No,No,134,6,639,50,Start SIP
CUST100856,48,149794,1010344,Yes,Yes,No,No,197,27,761,50,Start SIP
CUST100857,25,186103,1833881,Yes,Yes,Yes,No,157,10,718,75,Buy Insurance
CUST100858,56,225307,350252,Yes,Yes,No,Yes,183,27,662,75,Start SIP
CUST100859,43,36438,1288596,No,No,Yes,No,37,9,890,25,Enable UPI
CUST100860,51,73819,54892,Yes,Yes,Yes,Yes,187,7,615,100,Advanced Wealth Products
CUST100861,20,58856,186593,Yes,Yes,No,No,164,1,851,50,Start SIP
CUST100862,67,74807,882933,Yes,Yes,No,Yes,110,13,667,75,Start SIP
CUST100863,29,58461,744280,No,Yes,No,No,187,12,774,25,Enable UPI
CUST100864,18,108474,350535,Yes,Yes,Yes,Yes,78,6,700,100,Advanced Wealth Products
CUST100865,61,297579,285064,Yes,Yes,No,No,192,26,716,50,Start SIP
CUST100866,22,230189,1856710,Yes,Yes,No,Yes,171,20,644,75,Start SIP
CUST100867,47,269730,1309792,No,Yes,No,Yes,118,8,809,50,Enable UPI
CUST100868,47,261732,1025961,Yes,Yes,No,No,42,6,808,50,Start SIP
CUST100869,34,177793,1841902,Yes,Yes,Yes,No,74,0,669,75,Buy Insurance
CUST100870,65,69786,1870993,Yes,Yes,Yes,Yes,125,0,623,100,Advanced Wealth Products
CUST100871,64,290848,1212935,No,Yes,Yes,Yes,60,5,645,75,Enable UPI
CUST100872,40,71635,788059,Yes,Yes,No,Yes,190,24,841,75,Start SIP
CUST100873,32,255909,130702,Yes,Yes,Yes,No,64,0,726,75,Buy Insurance
CUST100874,54,260984,78527,No,Yes,Yes,No,58,15,576,50,Enable UPI
CUST100875,38,127752,1200087,No,Yes,No,No,2,2,858,25,Enable UPI
CUST100876,31,226194,920108,Yes,Yes,Yes,Yes,78,12,854,100,Advanced Wealth Products
CUST100877,19,243584,754980,No,No,Yes,Yes,71,20,760,50,Enable UPI
CUST100878,28,147886,833667,Yes,Yes,No,No,120,3,806,50,Start SIP
CUST100879,68,93537,688019,Yes,Yes,Yes,Yes,8,16,867,100,Advanced Wealth Products
CUST100880,56,162580,292120,No,Yes,No,No,184,9,754,25,Enable UPI
CUST100881,55,100166,1288887,Yes,Yes,No,Yes,164,3,615,75,Start SIP
CUST100882,51,224988,874075,Yes,Yes,Yes,No,197,19,699,75,Buy Insurance
CUST100883,55,209840,728225,Yes,Yes,No,No,13,26,716,50,Start SIP
CUST100884,67,49785,1423351,Yes,No,No,Yes,39,11,769,50,Activate Mobile Banking
CUST100885,51,178052,728666,Yes,Yes,No,No,102,25,849,50,Start SIP
CUST100886,35,246791,1634561,Yes,Yes,No,No,81,12,807,50,Start SIP
CUST100887,47,81253,599670,No,Yes,No,Yes,6,3,752,50,Enable UPI
CUST100888,32,106128,808083,Yes,No,Yes,Yes,19,15,789,75,Activate Mobile Banking
CUST100889,44,176081,185116,Yes,Yes,No,No,153,18,864,50,Start SIP
CUST100890,68,125966,19633,No,Yes,No,Yes,131,6,778,50,Enable UPI
CUST100891,51,152854,84164,Yes,Yes,No,No,105,0,705,50,Start SIP
CUST100892,69,114352,792001,Yes,Yes,No,Yes,53,15,767,75,Start SIP
CUST100893,55,154379,458116,Yes,Yes,Yes,Yes,28,1,744,100,Advanced Wealth Products
CUST100894,50,238279,858941,Yes,No,No,Yes,154,0,819,50,Activate Mobile Banking
CUST100895,41,252281,128425,Yes,Yes,No,Yes,47,13,565,75,Start SIP
CUST100896,32,123297,1941134,Yes,Yes,No,No,136,19,790,50,Start SIP
CUST100897,47,221946,779508,Yes,Yes,Yes,Yes,57,4,801,100,Advanced Wealth Products
CUST100898,59,53346,1443242,Yes,Yes,No,No,55,26,600,50,Start SIP
CUST100899,68,127138,300182,Yes,Yes,No,No,79,14,577,50,Start SIP
CUST100900,34,55149,1233736,No,Yes,Yes,No,1,9,602,50,Enable UPI
CUST100901,22,173598,1257825,No,Yes,Yes,Yes,168,20,857,75,Enable UPI
CUST100902,46,143447,210538,Yes,Yes,Yes,No,23,1,665,75,Buy Insurance
CUST100903,21,20695,470432,Yes,Yes,No,Yes,182,10,558,75,Start SIP
CUST100904,27,54169,727153,No,No,No,No,42,15,560,0,Enable UPI
CUST100905,34,193296,1520578,Yes,Yes,No,Yes,178,18,656,75,Start SIP
CUST100906,27,171625,1353858,No,Yes,Yes,Yes,4,3,850,75,Enable UPI
CUST100907,34,201098,985814,Yes,Yes,No,No,8,9,890,50,Start SIP
CUST100908,37,207994,1999837,No,No,No,Yes,164,21,807,25,Enable UPI
CUST100909,41,16881,206466,Yes,Yes,No,No,10,21,731,50,Start SIP
CUST100910,22,94211,1029389,Yes,Yes,Yes,Yes,116,11,719,100,Advanced Wealth Products
CUST100911,51,171078,477243,Yes,Yes,Yes,No,158,1,874,75,Buy Insurance
CUST100912,23,242203,1537622,Yes,Yes,No,No,100,1,688,50,Start SIP
CUST100913,19,210558,1240799,Yes,Yes,Yes,Yes,16,8,834,100,Advanced Wealth Products
CUST100914,30,151949,902172,Yes,No,Yes,No,158,11,660,50,Activate Mobile Banking
CUST100915,60,54553,1689038,Yes,No,Yes,No,64,1,641,50,Activate Mobile Banking
CUST100916,60,150758,316416,Yes,Yes,No,No,108,17,769,50,Start SIP
CUST100917,65,47766,142980,Yes,Yes,Yes,No,121,15,554,75,Buy Insurance
CUST100918,28,46422,409060,Yes,Yes,Yes,No,139,18,569,75,Buy Insurance
CUST100919,68,289349,842887,Yes,No,No,Yes,162,14,650,50,Activate Mobile Banking
CUST100920,64,169599,1025669,Yes,Yes,No,No,55,24,844,50,Start SIP
CUST100921,40,257555,1646311,Yes,Yes,No,No,83,29,706,50,Start SIP
CUST100922,33,43202,734887,Yes,Yes,No,Yes,4,15,550,75,Start SIP
CUST100923,48,228456,1392828,Yes,Yes,No,No,177,5,761,50,Start SIP
CUST100924,28,35855,441282,Yes,Yes,No,Yes,44,26,668,75,Start SIP
CUST100925,33,206444,231301,Yes,Yes,No,Yes,159,14,809,75,Start SIP
CUST100926,25,118119,962508,Yes,Yes,Yes,Yes,48,11,724,100,Advanced Wealth Products
CUST100927,21,67003,829765,Yes,Yes,No,Yes,99,21,683,75,Start SIP
CUST100928,57,109837,912651,No,Yes,Yes,Yes,98,11,651,75,Enable UPI
CUST100929,21,238068,1398749,Yes,Yes,Yes,No,26,9,611,75,Buy Insurance
CUST100930,42,138805,1355417,Yes,Yes,No,Yes,103,20,603,75,Start SIP
CUST100931,20,130657,1857642,Yes,Yes,No,No,198,14,854,50,Start SIP
CUST100932,49,119428,916952,Yes,Yes,No,Yes,97,22,556,75,Start SIP
CUST100933,20,137035,1864569,Yes,No,No,No,12,26,552,25,Activate Mobile Banking
CUST100934,44,245780,416249,Yes,Yes,No,No,45,3,881,50,Start SIP
CUST100935,46,232282,995391,No,Yes,No,Yes,136,9,884,50,Enable UPI
CUST100936,49,84518,60063,No,Yes,No,No,9,25,698,25,Enable UPI
CUST100937,67,191355,1865929,No,Yes,No,No,1,18,837,25,Enable UPI
CUST100938,68,158277,548628,Yes,Yes,Yes,No,133,22,561,75,Buy Insurance
CUST100939,36,135243,592069,Yes,Yes,Yes,Yes,71,13,653,100,Advanced Wealth Products
CUST100940,38,289892,1854909,Yes,Yes,No,No,54,9,660,50,Start SIP
CUST100941,22,68311,1064214,No,Yes,Yes,No,104,16,812,50,Enable UPI
CUST100942,35,37692,222986,Yes,No,Yes,Yes,152,21,722,75,Activate Mobile Banking
CUST100943,45,139954,1360044,Yes,No,Yes,No,154,28,644,50,Activate Mobile Banking
CUST100944,59,169934,1404076,Yes,No,No,Yes,10,26,870,50,Activate Mobile Banking
CUST100945,39,236468,226668,Yes,Yes,No,Yes,189,26,752,75,Start SIP
CUST100946,38,95152,299786,No,No,No,No,40,10,594,0,Enable UPI
CUST100947,23,19926,520518,Yes,Yes,No,Yes,44,17,583,75,Start SIP
CUST100948,18,18969,554666,Yes,Yes,No,Yes,112,1,760,75,Start SIP
CUST100949,22,50733,1890875,Yes,Yes,No,No,12,10,774,50,Start SIP
CUST100950,58,56743,1389406,No,Yes,No,Yes,22,7,813,50,Enable UPI
CUST100951,29,145193,310019,Yes,No,No,Yes,155,18,850,50,Activate Mobile Banking
CUST100952,43,185948,1171747,No,Yes,No,No,195,24,775,25,Enable UPI
CUST100953,63,35323,1415781,Yes,Yes,Yes,Yes,82,15,653,100,Advanced Wealth Products
CUST100954,51,293572,1792665,No,Yes,Yes,Yes,197,3,770,75,Enable UPI
CUST100955,66,49578,593665,Yes,No,No,Yes,142,13,883,50,Activate Mobile Banking
CUST100956,31,101486,789627,Yes,Yes,No,No,153,21,850,50,Start SIP
CUST100957,43,272450,583979,Yes,No,No,No,52,16,672,25,Activate Mobile Banking
CUST100958,62,122325,1043240,Yes,Yes,No,No,112,10,771,50,Start SIP
CUST100959,44,283508,1511095,Yes,Yes,Yes,Yes,118,25,592,100,Advanced Wealth Products
CUST100960,26,146763,1507631,No,Yes,Yes,No,59,25,759,50,Enable UPI
CUST100961,43,272971,316207,Yes,Yes,No,No,38,2,886,50,Start SIP
CUST100962,64,110598,621070,Yes,Yes,Yes,Yes,20,3,560,100,Advanced Wealth Products
CUST100963,39,212539,1837760,Yes,Yes,No,No,78,20,765,50,Start SIP
CUST100964,64,191968,83343,Yes,Yes,No,No,20,12,713,50,Start SIP
CUST100965,47,72062,350215,No,Yes,No,Yes,184,16,774,50,Enable UPI
CUST100966,60,243338,927996,Yes,Yes,Yes,Yes,101,29,774,100,Advanced Wealth Products
CUST100967,65,225834,650687,No,Yes,No,Yes,110,19,795,50,Enable UPI
CUST100968,34,159933,560645,No,Yes,No,Yes,30,20,695,50,Enable UPI
CUST100969,43,242909,1518630,Yes,Yes,No,No,107,19,740,50,Start SIP
CUST100970,53,103302,1872322,Yes,Yes,No,No,41,9,810,50,Start SIP
CUST100971,18,78928,446913,No,Yes,No,Yes,84,25,836,50,Enable UPI
CUST100972,25,229303,599571,Yes,Yes,Yes,No,71,22,565,75,Buy Insurance
CUST100973,66,56347,64567,Yes,Yes,No,No,63,23,743,50,Start SIP
CUST100974,52,18121,314150,Yes,Yes,No,Yes,197,11,558,75,Start SIP
CUST100975,69,98793,242778,Yes,No,Yes,No,95,7,551,50,Activate Mobile Banking
CUST100976,32,43164,1195334,No,Yes,Yes,No,29,2,842,50,Enable UPI
CUST100977,64,74222,1639470,Yes,No,Yes,Yes,77,28,633,75,Activate Mobile Banking
CUST100978,39,169237,1334611,Yes,Yes,No,Yes,172,20,758,75,Start SIP
CUST100979,31,18748,1498907,No,Yes,No,Yes,79,9,607,50,Enable UPI
CUST100980,43,41553,631020,No,Yes,Yes,Yes,83,23,888,75,Enable UPI
CUST100981,45,131547,721079,Yes,No,No,Yes,57,6,655,50,Activate Mobile Banking
CUST100982,40,75380,1017968,No,Yes,No,Yes,152,29,685,50,Enable UPI
CUST100983,31,59331,995534,Yes,Yes,Yes,No,147,24,857,75,Buy Insurance
CUST100984,41,242105,959227,No,No,Yes,No,17,28,880,25,Enable UPI
CUST100985,19,135617,821309,Yes,Yes,Yes,Yes,112,9,626,100,Advanced Wealth Products
CUST100986,62,90910,254465,Yes,Yes,No,Yes,197,6,874,75,Start SIP
CUST100987,43,222288,229589,Yes,Yes,Yes,No,189,17,759,75,Buy Insurance
CUST100988,31,25068,543314,Yes,Yes,No,No,132,19,781,50,Start SIP
CUST100989,68,69460,1336142,No,Yes,No,Yes,150,27,674,50,Enable UPI
CUST100990,24,61418,1980324,Yes,Yes,No,Yes,6,13,729,75,Start SIP
CUST100991,20,143180,300625,No,Yes,Yes,No,158,11,839,50,Enable UPI
CUST100992,64,277431,1929188,No,Yes,No,Yes,93,7,763,50,Enable UPI
CUST100993,40,37337,638672,Yes,Yes,No,Yes,75,24,646,75,Start SIP
CUST100994,63,166738,1306347,No,Yes,Yes,Yes,139,6,798,75,Enable UPI
CUST100995,60,262667,63031,Yes,Yes,Yes,Yes,48,4,770,100,Advanced Wealth Products
CUST100996,64,147233,1979601,No,Yes,No,Yes,46,0,562,50,Enable UPI
CUST100997,62,113064,1972826,Yes,Yes,No,Yes,155,14,855,75,Start SIP
CUST100998,35,261686,1923135,Yes,Yes,Yes,No,147,8,640,75,Buy Insurance
CUST100999,55,18178,359398,Yes,Yes,No,No,86,11,742,50,Start SIP
CUST101000,52,46831,597520,Yes,Yes,No,No,92,21,748,50,Start SIP
CUST101001,68,148248,1720948,Yes,No,No,Yes,59,17,809,50,Activate Mobile Banking
CUST101002,32,118306,347368,Yes,Yes,Yes,Yes,124,10,613,100,Advanced Wealth Products
CUST101003,42,179726,421673,No,Yes,No,No,196,9,879,25,Enable UPI
CUST101004,54,269292,468788,Yes,Yes,Yes,No,182,9,781,75,Buy Insurance
CUST101005,45,198622,765791,Yes,Yes,No,Yes,83,17,776,75,Start SIP
CUST101006,27,190982,1869968,Yes,No,No,Yes,145,25,716,50,Activate Mobile Banking
CUST101007,56,105417,1024526,Yes,Yes,No,Yes,50,0,800,75,Start SIP
CUST101008,34,204323,92695,Yes,Yes,No,Yes,168,27,735,75,Start SIP
CUST101009,56,26984,1183642,No,Yes,Yes,Yes,100,19,798,75,Enable UPI
CUST101010,39,104312,1192558,No,Yes,No,No,87,25,821,25,Enable UPI
CUST101011,43,207458,1318413,Yes,Yes,Yes,Yes,114,10,889,100,Advanced Wealth Products
CUST101012,61,98291,1693177,Yes,Yes,No,No,139,28,687,50,Start SIP
CUST101013,42,284279,1986938,Yes,Yes,Yes,No,122,1,658,75,Buy Insurance
CUST101014,34,15320,558098,Yes,Yes,No,Yes,14,25,867,75,Start SIP
CUST101015,30,167756,549380,Yes,Yes,No,No,13,10,593,50,Start SIP
CUST101016,37,241921,1535571,No,Yes,No,No,88,24,891,25,Enable UPI
CUST101017,42,194971,1635969,Yes,Yes,Yes,Yes,80,1,886,100,Advanced Wealth Products
CUST101018,21,270083,1739441,No,Yes,No,Yes,156,26,750,50,Enable UPI
CUST101019,27,124863,1257876,Yes,No,Yes,No,172,8,653,50,Activate Mobile Banking
CUST101020,20,56777,295699,Yes,Yes,No,No,63,0,669,50,Start SIP
CUST101021,58,61250,601222,Yes,No,No,No,103,29,577,25,Activate Mobile Banking
CUST101022,62,195418,1650652,Yes,Yes,No,No,106,22,656,50,Start SIP
CUST101023,35,230834,868689,Yes,Yes,No,Yes,189,5,829,75,Start SIP
CUST101024,64,30216,1857947,No,Yes,Yes,No,17,21,577,50,Enable UPI
CUST101025,53,18009,1458617,Yes,Yes,No,Yes,50,1,735,75,Start SIP
CUST101026,64,175399,1537579,No,No,Yes,No,154,14,744,25,Enable UPI
CUST101027,39,160281,500707,Yes,No,No,No,135,0,695,25,Activate Mobile Banking
CUST101028,51,194515,160223,Yes,Yes,No,No,123,25,809,50,Start SIP
CUST101029,64,30029,1705932,Yes,Yes,No,No,79,23,726,50,Start SIP
CUST101030,25,225515,1577900,Yes,Yes,No,No,16,23,677,50,Start SIP
CUST101031,57,203069,1409668,Yes,No,Yes,No,17,17,655,50,Activate Mobile Banking
CUST101032,66,129456,1923715,Yes,Yes,No,No,90,3,760,50,Start SIP
CUST101033,61,257471,568339,Yes,Yes,Yes,Yes,163,28,898,100,Advanced Wealth Products
CUST101034,36,48783,496513,Yes,Yes,No,No,84,12,871,50,Start SIP
CUST101035,59,49152,85738,Yes,Yes,No,Yes,84,3,863,75,Start SIP
CUST101036,58,73741,340740,Yes,Yes,Yes,Yes,151,14,560,100,Advanced Wealth Products
CUST101037,54,44092,1637935,Yes,Yes,No,Yes,197,1,870,75,Start SIP
CUST101038,23,163725,135613,No,No,Yes,Yes,9,26,566,50,Enable UPI
CUST101039,69,245636,78601,Yes,Yes,No,No,18,8,885,50,Start SIP
CUST101040,43,186541,1083449,No,Yes,Yes,Yes,75,11,615,75,Enable UPI
CUST101041,51,269136,1745584,Yes,Yes,No,No,176,13,662,50,Start SIP
CUST101042,62,176050,1125044,Yes,Yes,No,Yes,72,19,681,75,Start SIP
CUST101043,23,102592,817902,Yes,Yes,Yes,Yes,91,3,620,100,Advanced Wealth Products
CUST101044,54,58169,1774065,No,Yes,No,Yes,66,14,610,50,Enable UPI
CUST101045,50,69745,1061904,Yes,Yes,No,No,23,3,863,50,Start SIP
CUST101046,39,125168,142405,No,Yes,Yes,No,138,4,793,50,Enable UPI
CUST101047,38,128985,780807,Yes,Yes,No,No,38,9,858,50,Start SIP
CUST101048,23,282687,126173,Yes,Yes,Yes,Yes,128,11,554,100,Advanced Wealth Products
CUST101049,23,202464,51638,Yes,Yes,Yes,No,59,11,866,75,Buy Insurance
CUST101050,65,36067,802700,Yes,Yes,No,Yes,68,7,570,75,Start SIP
CUST101051,21,66033,1255251,Yes,Yes,No,No,85,3,735,50,Start SIP
CUST101052,47,60256,1167496,Yes,Yes,No,Yes,119,2,758,75,Start SIP
CUST101053,28,236705,1950387,Yes,Yes,No,Yes,171,26,780,75,Start SIP
CUST101054,47,254455,415261,No,No,No,Yes,12,0,563,25,Enable UPI
CUST101055,48,215417,1749677,Yes,Yes,No,Yes,112,17,628,75,Start SIP
CUST101056,41,101803,1489562,No,Yes,Yes,No,116,19,731,50,Enable UPI
CUST101057,26,218814,12887,Yes,Yes,Yes,No,181,24,627,75,Buy Insurance
CUST101058,20,133843,758266,Yes,Yes,No,No,142,13,846,50,Start SIP
CUST101059,68,43992,1027658,No,Yes,No,No,52,16,821,25,Enable UPI
CUST101060,48,227603,1078494,No,Yes,Yes,No,84,5,600,50,Enable UPI
CUST101061,57,63803,826929,No,Yes,Yes,No,111,5,806,50,Enable UPI
CUST101062,54,209549,360706,Yes,Yes,No,No,61,9,845,50,Start SIP
CUST101063,53,159282,721369,Yes,Yes,Yes,Yes,169,18,567,100,Advanced Wealth Products
CUST101064,41,41270,1327649,Yes,Yes,No,Yes,21,9,839,75,Start SIP
CUST101065,48,259929,1560084,Yes,Yes,No,No,176,24,767,50,Start SIP
CUST101066,23,22452,1680065,Yes,Yes,No,No,56,29,649,50,Start SIP
CUST101067,19,29859,525337,No,No,Yes,No,35,25,698,25,Enable UPI
CUST101068,37,47083,1022977,No,No,No,No,44,2,704,0,Enable UPI
CUST101069,45,126462,739459,Yes,No,Yes,Yes,39,0,651,75,Activate Mobile Banking
CUST101070,28,162735,1432286,Yes,No,No,Yes,143,17,664,50,Activate Mobile Banking
CUST101071,21,264737,295690,No,Yes,No,No,140,14,819,25,Enable UPI
CUST101072,32,296197,1043646,Yes,No,No,Yes,117,19,641,50,Activate Mobile Banking
CUST101073,23,157157,214496,Yes,Yes,No,Yes,8,3,570,75,Start SIP
CUST101074,66,205167,697698,Yes,Yes,Yes,No,124,17,669,75,Buy Insurance
CUST101075,47,84517,1481075,Yes,Yes,No,Yes,101,9,568,75,Start SIP
CUST101076,55,167225,611782,No,Yes,No,No,67,21,573,25,Enable UPI
CUST101077,68,151319,1524962,Yes,No,Yes,No,94,21,575,50,Activate Mobile Banking
CUST101078,19,241453,1793723,Yes,Yes,Yes,Yes,93,18,702,100,Advanced Wealth Products
CUST101079,32,151645,313710,Yes,Yes,No,Yes,129,16,850,75,Start SIP
CUST101080,28,94267,352608,No,Yes,No,Yes,80,9,751,50,Enable UPI
CUST101081,25,153261,1811717,No,Yes,No,No,42,24,688,25,Enable UPI
CUST101082,43,146004,1181855,Yes,Yes,No,No,31,3,829,50,Start SIP
CUST101083,68,68687,86991,Yes,No,No,Yes,122,24,573,50,Activate Mobile Banking
CUST101084,62,122615,359824,Yes,Yes,No,No,74,4,561,50,Start SIP
CUST101085,61,42564,1343733,Yes,Yes,No,Yes,158,6,684,75,Start SIP
CUST101086,22,22697,1105708,Yes,Yes,Yes,Yes,43,18,630,100,Advanced Wealth Products
CUST101087,23,95165,260069,Yes,Yes,No,Yes,26,18,619,75,Start SIP
CUST101088,43,219994,490714,Yes,Yes,Yes,Yes,12,7,753,100,Advanced Wealth Products
CUST101089,21,72823,688444,Yes,Yes,No,No,127,0,628,50,Start SIP
CUST101090,36,24615,1947863,Yes,Yes,No,Yes,104,23,828,75,Start SIP
CUST101091,37,91436,681503,No,Yes,No,Yes,187,7,748,50,Enable UPI
CUST101092,50,206591,1145203,Yes,Yes,Yes,No,69,18,843,75,Buy Insurance
CUST101093,37,49782,127772,Yes,Yes,Yes,No,73,16,834,75,Buy Insurance
CUST101094,66,93533,1985259,No,Yes,No,Yes,11,8,705,50,Enable UPI
CUST101095,29,255011,1282991,Yes,Yes,No,No,47,19,625,50,Start SIP
CUST101096,64,204327,981230,Yes,No,No,No,23,22,768,25,Activate Mobile Banking
CUST101097,18,87684,670582,Yes,Yes,No,Yes,81,15,873,75,Start SIP
CUST101098,43,272165,982469,Yes,Yes,Yes,No,171,8,826,75,Buy Insurance
CUST101099,31,230356,1566853,Yes,Yes,Yes,No,77,18,814,75,Buy Insurance
CUST101100,55,231621,1312589,Yes,Yes,Yes,No,123,15,598,75,Buy Insurance
CUST101101,54,250295,1904076,No,Yes,Yes,No,167,20,647,50,Enable UPI
CUST101102,28,266435,1470741,Yes,Yes,No,No,73,25,842,50,Start SIP
CUST101103,53,272424,1069692,Yes,Yes,Yes,No,55,26,570,75,Buy Insurance
CUST101104,30,283782,711412,Yes,Yes,Yes,Yes,18,12,572,100,Advanced Wealth Products
CUST101105,60,48377,1629233,Yes,Yes,No,Yes,94,18,687,75,Start SIP
CUST101106,20,121244,709177,Yes,Yes,No,No,170,4,779,50,Start SIP
CUST101107,50,189188,1943108,Yes,Yes,No,Yes,154,26,875,75,Start SIP
CUST101108,23,228363,238982,Yes,No,No,No,18,1,578,25,Activate Mobile Banking
CUST101109,67,38382,1792139,Yes,Yes,Yes,Yes,128,3,864,100,Advanced Wealth Products
CUST101110,27,261375,210383,No,No,No,No,41,11,570,0,Enable UPI
CUST101111,22,202135,296799,Yes,Yes,Yes,No,170,17,891,75,Buy Insurance
CUST101112,40,168466,193874,No,Yes,No,No,33,2,648,25,Enable UPI
CUST101113,27,249318,1625496,Yes,Yes,No,Yes,43,20,612,75,Start SIP
CUST101114,61,146936,936697,Yes,Yes,No,Yes,14,24,851,75,Start SIP
CUST101115,19,138664,216284,No,Yes,No,No,183,18,682,25,Enable UPI
CUST101116,30,167027,1739712,Yes,Yes,No,No,58,25,564,50,Start SIP
CUST101117,57,118533,441441,Yes,Yes,No,No,138,21,654,50,Start SIP
CUST101118,19,262997,1244658,Yes,Yes,Yes,Yes,28,3,660,100,Advanced Wealth Products
CUST101119,37,84590,218807,Yes,Yes,No,Yes,14,3,888,75,Start SIP
CUST101120,18,259936,1250099,Yes,Yes,Yes,No,154,15,885,75,Buy Insurance
CUST101121,54,63924,1757748,No,No,No,No,74,10,660,0,Enable UPI
CUST101122,26,24726,478818,Yes,Yes,Yes,Yes,145,28,892,100,Advanced Wealth Products
CUST101123,34,206896,1334615,No,Yes,Yes,No,162,25,553,50,Enable UPI
CUST101124,26,55542,943713,Yes,Yes,No,Yes,14,25,701,75,Start SIP
CUST101125,28,49753,1289468,Yes,Yes,Yes,No,154,12,591,75,Buy Insurance
CUST101126,32,298460,1791272,Yes,Yes,No,No,162,20,575,50,Start SIP
CUST101127,41,248979,247718,No,Yes,Yes,Yes,24,10,743,75,Enable UPI
CUST101128,55,99698,722167,No,Yes,No,No,104,6,557,25,Enable UPI
CUST101129,52,293104,552374,Yes,Yes,No,Yes,70,26,622,75,Start SIP
CUST101130,47,45791,1139213,Yes,Yes,No,Yes,20,13,627,75,Start SIP
CUST101131,48,88290,480243,Yes,Yes,No,No,167,3,697,50,Start SIP
CUST101132,66,62014,1736143,Yes,No,Yes,Yes,121,7,871,75,Activate Mobile Banking
CUST101133,22,150150,374478,Yes,Yes,No,No,173,11,617,50,Start SIP
CUST101134,61,65519,1729833,No,Yes,Yes,Yes,34,12,732,75,Enable UPI
CUST101135,67,281186,592371,Yes,Yes,No,No,150,24,883,50,Start SIP
CUST101136,31,64052,1148604,Yes,No,No,Yes,71,8,634,50,Activate Mobile Banking
CUST101137,28,29389,1906965,Yes,Yes,No,No,33,8,628,50,Start SIP
CUST101138,26,83111,1675415,Yes,Yes,Yes,No,6,1,588,75,Buy Insurance
CUST101139,51,172753,1918514,Yes,No,Yes,No,16,2,855,50,Activate Mobile Banking
CUST101140,29,104524,667643,Yes,Yes,Yes,No,109,20,569,75,Buy Insurance
CUST101141,52,109913,1671888,No,Yes,No,Yes,23,11,619,50,Enable UPI
CUST101142,52,109108,1921489,Yes,Yes,Yes,Yes,146,16,705,100,Advanced Wealth Products
CUST101143,18,269803,267399,Yes,Yes,No,No,14,3,666,50,Start SIP
CUST101144,57,284637,1568728,Yes,No,Yes,No,50,26,577,50,Activate Mobile Banking
CUST101145,39,84639,212627,Yes,Yes,Yes,Yes,61,29,647,100,Advanced Wealth Products
CUST101146,46,246452,1593351,Yes,Yes,No,Yes,36,13,878,75,Start SIP
CUST101147,25,149066,1554125,No,Yes,Yes,No,15,20,700,50,Enable UPI
CUST101148,28,215352,1597210,Yes,Yes,No,No,5,8,571,50,Start SIP
CUST101149,58,143674,826482,No,Yes,No,No,53,7,810,25,Enable UPI
CUST101150,54,20594,275888,Yes,Yes,Yes,Yes,48,0,609,100,Advanced Wealth Products
CUST101151,31,251907,422972,Yes,No,No,Yes,11,29,712,50,Activate Mobile Banking
CUST101152,47,284515,1115172,No,Yes,No,Yes,2,12,663,50,Enable UPI
CUST101153,52,62315,1792333,Yes,Yes,Yes,No,87,27,745,75,Buy Insurance
CUST101154,38,229636,1996226,No,Yes,Yes,No,24,2,594,50,Enable UPI
CUST101155,54,142251,1435360,Yes,Yes,No,No,68,29,662,50,Start SIP
CUST101156,22,247520,846464,Yes,Yes,Yes,No,79,13,728,75,Buy Insurance
CUST101157,36,94526,834119,No,Yes,No,Yes,12,18,819,50,Enable UPI
CUST101158,31,258459,182175,No,Yes,No,Yes,187,26,874,50,Enable UPI
CUST101159,43,162698,1206624,Yes,Yes,Yes,No,67,5,605,75,Buy Insurance
CUST101160,21,252330,1902871,Yes,Yes,No,Yes,160,3,896,75,Start SIP
CUST101161,42,120573,398807,Yes,No,No,Yes,36,19,816,50,Activate Mobile Banking
CUST101162,62,152900,1059853,No,Yes,No,No,149,0,664,25,Enable UPI
CUST101163,59,250707,853292,Yes,Yes,No,No,112,27,716,50,Start SIP
CUST101164,42,198736,138332,No,Yes,No,No,198,9,664,25,Enable UPI
CUST101165,35,163955,1294091,Yes,Yes,Yes,Yes,194,12,629,100,Advanced Wealth Products
CUST101166,57,189131,1838441,Yes,Yes,No,No,122,11,863,50,Start SIP
CUST101167,25,189004,1774819,Yes,Yes,No,No,137,10,835,50,Start SIP
CUST101168,56,279179,291885,Yes,No,No,No,44,3,872,25,Activate Mobile Banking
CUST101169,57,124767,386864,No,Yes,No,No,59,16,578,25,Enable UPI
CUST101170,31,32241,1352931,Yes,Yes,No,No,152,14,591,50,Start SIP
CUST101171,49,67975,769752,No,Yes,No,Yes,127,20,668,50,Enable UPI
CUST101172,68,169226,787733,Yes,Yes,No,No,63,28,611,50,Start SIP
CUST101173,55,71396,439758,Yes,Yes,No,Yes,41,2,704,75,Start SIP
CUST101174,50,133920,1322589,No,Yes,No,Yes,76,28,834,50,Enable UPI
CUST101175,40,209999,1540410,Yes,No,Yes,Yes,107,9,738,75,Activate Mobile Banking
CUST101176,32,101226,354760,Yes,No,No,No,130,20,834,25,Activate Mobile Banking
CUST101177,50,99719,99515,Yes,Yes,Yes,Yes,95,13,653,100,Advanced Wealth Products
CUST101178,42,78014,1204070,No,Yes,Yes,No,28,18,606,50,Enable UPI
CUST101179,34,54346,1744549,No,Yes,Yes,No,144,20,860,50,Enable UPI
CUST101180,50,85411,1241664,Yes,No,No,Yes,59,3,721,50,Activate Mobile Banking
CUST101181,64,200550,1637974,No,Yes,No,No,129,24,705,25,Enable UPI
CUST101182,19,158326,224601,Yes,Yes,No,Yes,86,13,714,75,Start SIP
CUST101183,31,201806,738282,Yes,Yes,Yes,Yes,1,5,882,100,Advanced Wealth Products
CUST101184,57,61121,301177,No,Yes,No,No,31,11,618,25,Enable UPI
CUST101185,57,227490,1885221,Yes,Yes,Yes,No,22,29,607,75,Buy Insurance
CUST101186,68,99577,1314281,No,No,Yes,No,187,25,756,25,Enable UPI
CUST101187,56,264106,1508785,Yes,No,No,No,119,1,634,25,Activate Mobile Banking
CUST101188,68,150909,17938,Yes,Yes,No,No,28,16,874,50,Start SIP
CUST101189,23,16466,1184418,Yes,Yes,Yes,Yes,116,0,650,100,Advanced Wealth Products
CUST101190,23,244638,999199,Yes,No,No,No,76,16,841,25,Activate Mobile Banking
CUST101191,20,103422,1317994,No,Yes,No,No,27,24,800,25,Enable UPI
CUST101192,24,279037,1924398,Yes,Yes,Yes,Yes,87,4,769,100,Advanced Wealth Products
CUST101193,68,111907,430031,Yes,Yes,Yes,No,129,15,709,75,Buy Insurance
CUST101194,25,223434,1522810,Yes,No,No,No,124,13,736,25,Activate Mobile Banking
CUST101195,59,233532,1203609,Yes,Yes,Yes,Yes,107,19,636,100,Advanced Wealth Products
CUST101196,69,273093,1073620,No,Yes,No,No,130,9,879,25,Enable UPI
CUST101197,32,167271,1152948,Yes,No,No,Yes,95,20,898,50,Activate Mobile Banking
CUST101198,64,220400,944479,Yes,Yes,No,No,66,24,704,50,Start SIP
CUST101199,46,182477,1330426,No,No,No,Yes,177,2,829,25,Enable UPI
CUST101200,50,244304,1190622,Yes,Yes,No,No,19,2,892,50,Start SIP
CUST101201,69,30989,343608,No,Yes,Yes,No,156,27,872,50,Enable UPI
CUST101202,47,286434,550501,Yes,Yes,No,No,198,17,713,50,Start SIP
CUST101203,56,136136,1579814,Yes,Yes,No,Yes,167,23,617,75,Start SIP
CUST101204,44,222370,1307619,No,Yes,Yes,Yes,19,22,837,75,Enable UPI
CUST101205,53,141299,1793949,Yes,No,No,Yes,127,17,761,50,Activate Mobile Banking
CUST101206,46,176205,1850419,Yes,Yes,Yes,No,116,3,669,75,Buy Insurance
CUST101207,55,258688,1968611,Yes,No,Yes,Yes,64,6,734,75,Activate Mobile Banking
CUST101208,50,120686,1009735,Yes,Yes,No,No,58,0,765,50,Start SIP
CUST101209,54,97666,1378464,Yes,Yes,No,No,17,15,679,50,Start SIP
CUST101210,44,203728,678131,No,Yes,No,No,198,16,627,25,Enable UPI
CUST101211,50,150705,1516602,Yes,Yes,Yes,Yes,79,7,719,100,Advanced Wealth Products
CUST101212,21,122573,826485,Yes,Yes,No,No,41,5,587,50,Start SIP
CUST101213,39,243892,253966,No,No,Yes,Yes,5,1,604,50,Enable UPI
CUST101214,19,284152,450292,Yes,Yes,No,No,23,25,839,50,Start SIP
CUST101215,27,173477,1191693,Yes,Yes,No,No,197,9,595,50,Start SIP
CUST101216,22,263141,1373343,No,Yes,No,Yes,126,16,720,50,Enable UPI
CUST101217,27,105909,1083290,No,Yes,No,Yes,10,18,679,50,Enable UPI
CUST101218,50,166899,694746,Yes,Yes,No,No,68,27,713,50,Start SIP
CUST101219,55,75354,1425003,Yes,Yes,No,Yes,140,3,619,75,Start SIP
CUST101220,30,33157,1324282,Yes,Yes,No,No,111,12,841,50,Start SIP
CUST101221,48,50315,322192,Yes,Yes,No,Yes,138,20,618,75,Start SIP
CUST101222,64,160486,360439,Yes,Yes,No,No,60,26,654,50,Start SIP
CUST101223,53,273669,17026,No,Yes,No,No,127,25,603,25,Enable UPI
CUST101224,62,147018,111147,No,Yes,No,No,30,18,797,25,Enable UPI
CUST101225,41,291837,1609453,No,No,Yes,No,114,15,858,25,Enable UPI
CUST101226,69,110790,1686063,Yes,Yes,Yes,No,152,12,655,75,Buy Insurance
CUST101227,32,87255,888706,No,Yes,No,Yes,69,29,898,50,Enable UPI
CUST101228,46,210829,293988,Yes,Yes,No,No,13,4,864,50,Start SIP
CUST101229,25,187275,1994527,Yes,No,No,Yes,9,11,646,50,Activate Mobile Banking
CUST101230,22,207933,357559,Yes,Yes,Yes,Yes,146,6,891,100,Advanced Wealth Products
CUST101231,46,276439,1262150,Yes,Yes,No,No,163,26,576,50,Start SIP
CUST101232,64,26350,1267916,No,Yes,No,No,132,8,621,25,Enable UPI
CUST101233,21,201584,59708,Yes,Yes,No,Yes,169,4,734,75,Start SIP
CUST101234,29,116894,462141,Yes,Yes,Yes,No,26,3,683,75,Buy Insurance
CUST101235,62,46728,1648689,No,Yes,No,No,125,9,723,25,Enable UPI
CUST101236,19,294720,1629438,Yes,Yes,No,Yes,44,15,830,75,Start SIP
CUST101237,44,98384,1401268,No,Yes,Yes,No,170,10,647,50,Enable UPI
CUST101238,48,15390,417028,Yes,Yes,No,No,10,28,613,50,Start SIP
CUST101239,68,26569,1285985,Yes,Yes,Yes,Yes,105,8,662,100,Advanced Wealth Products
CUST101240,68,37490,1764245,No,Yes,Yes,No,106,23,614,50,Enable UPI
CUST101241,53,283011,1642094,Yes,No,No,No,1,4,765,25,Activate Mobile Banking
CUST101242,53,95820,1308027,Yes,Yes,Yes,No,182,24,839,75,Buy Insurance
CUST101243,43,286265,832013,Yes,No,Yes,Yes,144,10,864,75,Activate Mobile Banking
CUST101244,60,16539,1300750,Yes,Yes,No,No,46,29,638,50,Start SIP
CUST101245,44,78965,444844,Yes,No,No,Yes,141,8,796,50,Activate Mobile Banking
CUST101246,22,112799,1273276,Yes,Yes,No,Yes,64,16,881,75,Start SIP
CUST101247,37,108948,292249,Yes,Yes,Yes,Yes,78,27,698,100,Advanced Wealth Products
CUST101248,28,158314,1919838,No,Yes,No,No,87,21,789,25,Enable UPI
CUST101249,27,263099,519539,Yes,Yes,No,No,183,10,555,50,Start SIP
CUST101250,57,286091,336301,Yes,Yes,No,Yes,63,20,786,75,Start SIP
CUST101251,55,258322,1479234,Yes,Yes,No,Yes,146,5,816,75,Start SIP
CUST101252,23,217538,1048840,No,Yes,No,Yes,61,25,885,50,Enable UPI
CUST101253,25,249778,1402955,No,Yes,No,Yes,92,15,787,50,Enable UPI
CUST101254,40,270821,775802,Yes,Yes,No,No,123,18,688,50,Start SIP
CUST101255,64,207888,269491,No,Yes,Yes,No,20,13,714,50,Enable UPI
CUST101256,43,277651,755382,Yes,Yes,Yes,No,193,2,831,75,Buy Insurance
CUST101257,63,173223,1887658,Yes,Yes,Yes,No,64,9,734,75,Buy Insurance
CUST101258,60,26618,153182,Yes,No,Yes,No,76,20,703,50,Activate Mobile Banking
CUST101259,29,293266,198242,Yes,Yes,Yes,Yes,192,22,655,100,Advanced Wealth Products
CUST101260,43,153426,927427,Yes,Yes,No,Yes,107,3,698,75,Start SIP
CUST101261,30,101436,712161,Yes,No,Yes,No,141,21,734,50,Activate Mobile Banking
CUST101262,57,225448,460987,No,Yes,No,No,196,20,820,25,Enable UPI
CUST101263,35,151109,129926,No,Yes,No,No,198,1,740,25,Enable UPI
CUST101264,42,43633,86147,Yes,No,Yes,No,57,12,712,50,Activate Mobile Banking
CUST101265,50,227456,1363855,Yes,Yes,No,No,45,10,750,50,Start SIP
CUST101266,64,153442,1597063,Yes,Yes,Yes,Yes,120,11,655,100,Advanced Wealth Products
CUST101267,57,134873,1980146,Yes,No,No,Yes,86,0,764,50,Activate Mobile Banking
CUST101268,60,86947,1941591,Yes,No,No,No,38,21,873,25,Activate Mobile Banking
CUST101269,29,185205,1236784,Yes,Yes,Yes,No,182,20,769,75,Buy Insurance
CUST101270,61,242107,1932298,Yes,Yes,No,Yes,164,8,894,75,Start SIP
CUST101271,53,110761,1483367,No,Yes,No,No,67,11,766,25,Enable UPI
CUST101272,65,43926,225868,Yes,Yes,Yes,No,121,6,578,75,Buy Insurance
CUST101273,21,119700,125787,Yes,Yes,No,No,126,16,787,50,Start SIP
CUST101274,22,64593,969237,Yes,Yes,No,Yes,11,28,613,75,Start SIP
CUST101275,54,20209,119427,Yes,No,Yes,No,98,9,645,50,Activate Mobile Banking
CUST101276,25,141700,153063,No,No,No,No,155,5,703,0,Enable UPI
CUST101277,59,101597,682913,Yes,Yes,Yes,Yes,87,26,577,100,Advanced Wealth Products
CUST101278,66,284355,1274358,No,Yes,No,No,145,6,889,25,Enable UPI
CUST101279,45,24927,616781,No,Yes,Yes,No,122,18,725,50,Enable UPI
CUST101280,48,223535,1971714,Yes,Yes,No,No,98,13,800,50,Start SIP
CUST101281,26,132333,493633,Yes,Yes,No,Yes,33,24,743,75,Start SIP
CUST101282,68,170666,804203,No,Yes,Yes,No,133,26,828,50,Enable UPI
CUST101283,46,220924,1179183,No,Yes,Yes,Yes,123,29,588,75,Enable UPI
CUST101284,31,223785,776122,Yes,No,Yes,No,81,29,618,50,Activate Mobile Banking
CUST101285,57,154005,940802,No,Yes,No,No,62,10,826,25,Enable UPI
CUST101286,58,118780,84876,No,Yes,Yes,Yes,65,1,669,75,Enable UPI
CUST101287,39,55696,497108,Yes,Yes,No,No,199,0,635,50,Start SIP
CUST101288,28,211521,172071,Yes,Yes,No,No,125,25,726,50,Start SIP
CUST101289,40,172195,1780823,No,No,No,No,195,9,643,0,Enable UPI
CUST101290,18,65013,1899656,Yes,Yes,Yes,No,90,11,641,75,Buy Insurance
CUST101291,63,231486,460884,Yes,Yes,No,Yes,44,8,630,75,Start SIP
CUST101292,54,254350,1516166,Yes,Yes,No,Yes,121,22,890,75,Start SIP
CUST101293,38,41140,1514301,Yes,Yes,No,Yes,142,25,777,75,Start SIP
CUST101294,43,278328,1297298,Yes,No,No,No,91,28,637,25,Activate Mobile Banking
CUST101295,63,170918,1550140,No,Yes,No,No,57,10,899,25,Enable UPI
CUST101296,53,126361,342927,Yes,Yes,No,No,48,0,677,50,Start SIP
CUST101297,40,168267,573728,Yes,Yes,No,Yes,145,19,847,75,Start SIP
CUST101298,18,282750,560943,Yes,Yes,Yes,No,44,9,739,75,Buy Insurance
CUST101299,68,31555,572327,Yes,Yes,No,Yes,132,28,683,75,Start SIP
CUST101300,57,105385,322399,Yes,Yes,No,No,81,18,685,50,Start SIP
CUST101301,32,270658,77219,Yes,Yes,Yes,Yes,97,26,874,100,Advanced Wealth Products
CUST101302,38,172419,715349,Yes,No,No,Yes,30,22,589,50,Activate Mobile Banking
CUST101303,64,244797,1851252,Yes,Yes,No,No,121,20,687,50,Start SIP
CUST101304,26,118844,1672458,Yes,Yes,No,Yes,85,24,836,75,Start SIP
CUST101305,26,106321,1374315,Yes,No,Yes,No,183,10,805,50,Activate Mobile Banking
CUST101306,27,209923,699911,No,Yes,Yes,No,158,2,835,50,Enable UPI
CUST101307,69,113234,723590,Yes,Yes,Yes,No,146,26,634,75,Buy Insurance
CUST101308,43,242705,371042,Yes,Yes,Yes,No,84,15,866,75,Buy Insurance
CUST101309,58,216283,1344091,Yes,Yes,No,Yes,98,21,576,75,Start SIP
CUST101310,52,44793,1516150,Yes,Yes,No,No,92,9,779,50,Start SIP
CUST101311,69,163929,164950,Yes,Yes,Yes,No,73,1,840,75,Buy Insurance
CUST101312,42,34627,172229,Yes,Yes,No,No,172,18,865,50,Start SIP
CUST101313,43,237633,1059490,Yes,Yes,No,Yes,190,3,837,75,Start SIP
CUST101314,28,239440,1268348,No,Yes,Yes,No,31,15,895,50,Enable UPI
CUST101315,55,190188,1342900,No,Yes,No,Yes,109,5,681,50,Enable UPI
CUST101316,19,273191,926192,Yes,Yes,Yes,Yes,16,10,640,100,Advanced Wealth Products
CUST101317,24,138099,1920227,Yes,Yes,No,Yes,95,16,778,75,Start SIP
CUST101318,35,224074,870048,Yes,Yes,No,Yes,77,14,576,75,Start SIP
CUST101319,44,188686,1281137,No,Yes,No,Yes,151,21,852,50,Enable UPI
CUST101320,51,289864,1980996,No,Yes,Yes,Yes,142,3,831,75,Enable UPI
CUST101321,44,122449,1241011,Yes,Yes,No,Yes,2,23,829,75,Start SIP
CUST101322,34,117828,624501,Yes,No,Yes,Yes,140,24,748,75,Activate Mobile Banking
CUST101323,60,141613,425576,Yes,Yes,No,Yes,186,7,849,75,Start SIP
CUST101324,61,87095,567093,Yes,Yes,No,No,128,23,703,50,Start SIP
CUST101325,68,120924,411669,Yes,Yes,No,Yes,92,28,848,75,Start SIP
CUST101326,41,111452,1180175,Yes,Yes,No,Yes,184,28,592,75,Start SIP
CUST101327,42,102593,683063,Yes,Yes,No,Yes,24,17,871,75,Start SIP
CUST101328,24,181964,1243669,No,No,No,Yes,37,13,659,25,Enable UPI
CUST101329,69,141202,1127752,No,No,Yes,Yes,29,25,660,50,Enable UPI
CUST101330,23,92606,99799,Yes,Yes,No,Yes,42,1,550,75,Start SIP
CUST101331,41,138769,627673,Yes,Yes,No,No,18,15,689,50,Start SIP
CUST101332,50,133542,764942,No,Yes,No,No,131,21,727,25,Enable UPI
CUST101333,66,278068,1142495,Yes,Yes,No,No,13,14,609,50,Start SIP
CUST101334,46,66322,929914,Yes,Yes,No,No,106,20,732,50,Start SIP
CUST101335,60,172550,610750,Yes,No,Yes,No,157,5,831,50,Activate Mobile Banking
CUST101336,39,86042,184340,Yes,No,No,Yes,194,8,862,50,Activate Mobile Banking
CUST101337,43,61418,694608,Yes,No,Yes,No,59,11,770,50,Activate Mobile Banking
CUST101338,45,115699,1084735,Yes,Yes,Yes,Yes,92,9,776,100,Advanced Wealth Products
CUST101339,67,105140,47039,Yes,Yes,No,No,176,6,693,50,Start SIP
CUST101340,38,26781,762262,Yes,Yes,No,Yes,4,4,773,75,Start SIP
CUST101341,66,112628,1101376,Yes,Yes,No,No,51,25,601,50,Start SIP
CUST101342,24,91946,307905,Yes,Yes,No,No,133,22,630,50,Start SIP
CUST101343,34,100058,623914,No,Yes,Yes,No,167,7,698,50,Enable UPI
CUST101344,37,166542,484319,Yes,Yes,Yes,Yes,41,26,576,100,Advanced Wealth Products
CUST101345,58,285675,1171944,Yes,Yes,No,Yes,5,11,781,75,Start SIP
CUST101346,66,57674,704023,Yes,Yes,No,No,136,0,660,50,Start SIP
CUST101347,37,142572,1658767,Yes,No,No,No,184,9,628,25,Activate Mobile Banking
CUST101348,39,240730,962916,Yes,Yes,No,No,153,10,828,50,Start SIP
CUST101349,45,72174,1172574,Yes,Yes,No,No,91,26,676,50,Start SIP
CUST101350,57,288423,246324,Yes,Yes,No,No,180,22,830,50,Start SIP
CUST101351,66,271008,514662,Yes,Yes,Yes,No,52,19,868,75,Buy Insurance
CUST101352,24,68051,433583,Yes,Yes,No,No,135,4,890,50,Start SIP
CUST101353,18,218085,1567096,Yes,Yes,No,No,189,12,731,50,Start SIP
CUST101354,49,80524,1976893,Yes,Yes,No,No,47,17,668,50,Start SIP
CUST101355,30,283614,1375614,Yes,Yes,No,No,127,9,815,50,Start SIP
CUST101356,47,246189,238229,Yes,No,No,No,82,20,727,25,Activate Mobile Banking
CUST101357,40,59439,842876,Yes,No,No,No,66,24,750,25,Activate Mobile Banking
CUST101358,68,291452,956773,Yes,Yes,Yes,No,187,16,619,75,Buy Insurance
CUST101359,36,106563,66748,Yes,Yes,No,No,133,18,707,50,Start SIP
CUST101360,49,242328,1094766,Yes,No,Yes,Yes,172,3,860,75,Activate Mobile Banking
CUST101361,47,221314,1093894,Yes,Yes,Yes,No,170,8,647,75,Buy Insurance
CUST101362,46,24837,697378,Yes,Yes,Yes,No,61,17,754,75,Buy Insurance
CUST101363,66,250207,129078,Yes,No,Yes,Yes,191,15,635,75,Activate Mobile Banking
CUST101364,62,133128,44759,Yes,Yes,No,No,50,6,829,50,Start SIP
CUST101365,46,182896,807930,No,No,No,No,166,24,634,0,Enable UPI
CUST101366,47,179145,555277,No,Yes,Yes,No,182,11,764,50,Enable UPI
CUST101367,33,112624,1549502,Yes,Yes,No,No,172,25,682,50,Start SIP
CUST101368,57,204933,1734504,Yes,No,Yes,No,152,3,796,50,Activate Mobile Banking
CUST101369,36,45063,384179,Yes,Yes,No,No,128,20,690,50,Start SIP
CUST101370,35,84453,858009,Yes,Yes,Yes,Yes,63,27,625,100,Advanced Wealth Products
CUST101371,18,269371,372375,Yes,Yes,Yes,Yes,167,11,647,100,Advanced Wealth Products
CUST101372,31,117166,1037203,Yes,No,Yes,Yes,140,11,852,75,Activate Mobile Banking
CUST101373,68,29506,690459,No,Yes,No,No,191,25,604,25,Enable UPI
CUST101374,64,240413,881332,Yes,Yes,No,Yes,103,3,854,75,Start SIP
CUST101375,67,128604,438855,Yes,Yes,Yes,Yes,9,11,808,100,Advanced Wealth Products
CUST101376,19,41026,896111,Yes,Yes,No,No,79,22,571,50,Start SIP
CUST101377,45,270116,290626,Yes,Yes,Yes,Yes,87,7,584,100,Advanced Wealth Products
CUST101378,66,205285,1384932,No,Yes,No,No,109,23,577,25,Enable UPI
CUST101379,67,65971,1502053,No,No,No,No,22,29,719,0,Enable UPI
CUST101380,47,128978,1033825,No,Yes,Yes,No,36,29,689,50,Enable UPI
CUST101381,55,174163,485533,Yes,Yes,No,Yes,74,2,678,75,Start SIP
CUST101382,68,118864,821480,Yes,Yes,No,No,156,15,649,50,Start SIP
CUST101383,21,110386,925569,Yes,No,No,Yes,56,1,796,50,Activate Mobile Banking
CUST101384,18,101126,1448828,Yes,Yes,No,No,99,5,572,50,Start SIP
CUST101385,25,177023,1613678,Yes,Yes,No,No,157,27,833,50,Start SIP
CUST101386,46,95863,720054,Yes,No,No,Yes,5,16,662,50,Activate Mobile Banking
CUST101387,56,140659,1463716,Yes,Yes,No,Yes,4,11,746,75,Start SIP
CUST101388,20,205944,396637,Yes,Yes,No,Yes,179,8,713,75,Start SIP
CUST101389,49,22235,1113780,Yes,Yes,No,Yes,15,15,859,75,Start SIP
CUST101390,27,77712,1610708,Yes,Yes,No,No,188,6,605,50,Start SIP
CUST101391,27,167545,253827,Yes,Yes,No,No,26,7,559,50,Start SIP
CUST101392,36,213639,250256,Yes,No,No,Yes,23,6,682,50,Activate Mobile Banking
CUST101393,63,252890,349087,Yes,No,No,No,125,20,701,25,Activate Mobile Banking
CUST101394,51,140849,26518,Yes,Yes,No,No,103,4,740,50,Start SIP
CUST101395,50,270493,415275,Yes,Yes,No,No,29,22,833,50,Start SIP
CUST101396,40,94823,1600916,No,Yes,Yes,Yes,86,6,826,75,Enable UPI
CUST101397,45,119215,1834210,Yes,Yes,No,No,57,17,792,50,Start SIP
CUST101398,49,256071,599091,Yes,Yes,No,No,62,17,881,50,Start SIP
CUST101399,67,47230,76524,Yes,No,No,No,187,15,825,25,Activate Mobile Banking
CUST101400,24,238660,753870,No,Yes,Yes,Yes,48,6,739,75,Enable UPI
CUST101401,46,194736,1572431,Yes,Yes,Yes,Yes,111,20,664,100,Advanced Wealth Products
CUST101402,25,138246,881004,Yes,Yes,No,No,35,1,856,50,Start SIP
CUST101403,18,99817,1979760,Yes,Yes,No,No,46,16,845,50,Start SIP
CUST101404,20,253657,596309,Yes,Yes,No,No,33,24,783,50,Start SIP
CUST101405,41,232033,740609,Yes,Yes,No,Yes,71,26,890,75,Start SIP
CUST101406,40,246414,287187,Yes,Yes,No,No,10,7,630,50,Start SIP
CUST101407,25,271812,1055995,No,Yes,No,Yes,176,1,742,50,Enable UPI
CUST101408,64,85219,1765828,No,Yes,No,Yes,44,17,807,50,Enable UPI
CUST101409,54,185956,1175407,Yes,Yes,No,No,126,18,780,50,Start SIP
CUST101410,20,272134,773976,Yes,No,No,Yes,114,19,563,50,Activate Mobile Banking
CUST101411,68,36650,1679663,Yes,No,No,Yes,198,8,563,50,Activate Mobile Banking
CUST101412,50,185521,939644,No,Yes,No,No,123,11,593,25,Enable UPI
CUST101413,45,185733,441700,Yes,Yes,Yes,No,63,21,759,75,Buy Insurance
CUST101414,64,257037,1248517,No,No,Yes,Yes,49,18,589,50,Enable UPI
CUST101415,25,95428,1229858,Yes,Yes,No,No,85,29,583,50,Start SIP
CUST101416,51,221251,1897608,Yes,Yes,No,Yes,41,7,784,75,Start SIP
CUST101417,52,24943,1956475,No,Yes,No,Yes,98,21,870,50,Enable UPI
CUST101418,49,189312,345641,Yes,Yes,Yes,No,39,7,783,75,Buy Insurance
CUST101419,41,36042,637899,Yes,Yes,No,Yes,107,9,823,75,Start SIP
CUST101420,31,267842,1191135,Yes,Yes,No,No,151,27,839,50,Start SIP
CUST101421,49,201443,1900700,Yes,No,No,Yes,13,17,892,50,Activate Mobile Banking
CUST101422,63,166990,591400,Yes,Yes,No,No,106,14,885,50,Start SIP
CUST101423,60,229304,953614,Yes,Yes,No,No,111,23,778,50,Start SIP
CUST101424,33,159923,1292616,Yes,No,No,No,181,10,867,25,Activate Mobile Banking
CUST101425,21,216904,807792,No,Yes,No,Yes,70,20,677,50,Enable UPI
CUST101426,69,202428,762739,No,No,Yes,No,57,25,875,25,Enable UPI
CUST101427,54,160817,1799354,Yes,No,Yes,No,76,13,758,50,Activate Mobile Banking
CUST101428,38,20730,1045206,Yes,Yes,Yes,Yes,195,14,853,100,Advanced Wealth Products
CUST101429,31,244502,1398758,Yes,No,Yes,No,176,13,629,50,Activate Mobile Banking
CUST101430,48,217210,1560381,Yes,Yes,Yes,Yes,20,11,844,100,Advanced Wealth Products
CUST101431,65,229183,995671,Yes,Yes,Yes,No,62,3,725,75,Buy Insurance
CUST101432,35,34023,270161,No,Yes,Yes,No,173,2,782,50,Enable UPI
CUST101433,24,141796,353405,No,Yes,Yes,Yes,63,11,875,75,Enable UPI
CUST101434,27,299981,196196,Yes,No,Yes,No,136,24,885,50,Activate Mobile Banking
CUST101435,24,191111,1825282,Yes,Yes,Yes,Yes,154,25,814,100,Advanced Wealth Products
CUST101436,50,35923,1799234,Yes,Yes,No,No,38,6,834,50,Start SIP
CUST101437,40,286020,1497741,Yes,Yes,No,Yes,92,6,667,75,Start SIP
CUST101438,38,209795,1767204,Yes,Yes,Yes,No,99,21,715,75,Buy Insurance
CUST101439,36,248462,595608,Yes,Yes,No,Yes,108,24,867,75,Start SIP
CUST101440,65,66413,1288643,No,Yes,No,Yes,105,18,691,50,Enable UPI
CUST101441,36,270719,1790237,Yes,No,No,No,169,13,796,25,Activate Mobile Banking
CUST101442,53,43756,1871135,No,Yes,Yes,Yes,107,0,726,75,Enable UPI
CUST101443,46,133248,1449988,Yes,Yes,No,No,102,6,848,50,Start SIP
CUST101444,35,287448,342232,Yes,Yes,No,No,130,24,893,50,Start SIP
CUST101445,19,45341,1234362,No,Yes,Yes,Yes,7,21,813,75,Enable UPI
CUST101446,18,142039,1347641,No,Yes,Yes,No,127,9,717,50,Enable UPI
CUST101447,64,206830,1844754,Yes,Yes,Yes,Yes,105,17,574,100,Advanced Wealth Products
CUST101448,22,177730,859967,Yes,Yes,No,Yes,153,12,740,75,Start SIP
CUST101449,37,195074,1118926,No,Yes,No,Yes,51,7,564,50,Enable UPI
CUST101450,28,249390,186417,Yes,Yes,No,No,50,8,565,50,Start SIP
CUST101451,59,147447,245678,Yes,Yes,Yes,Yes,64,25,859,100,Advanced Wealth Products
CUST101452,19,114485,348275,Yes,Yes,Yes,No,140,14,676,75,Buy Insurance
CUST101453,20,299236,1075639,No,Yes,Yes,No,181,7,816,50,Enable UPI
CUST101454,40,146562,1694980,No,Yes,No,Yes,75,24,577,50,Enable UPI
CUST101455,29,18729,1518528,No,No,No,No,10,0,812,0,Enable UPI
CUST101456,37,152046,1928921,Yes,Yes,No,No,189,2,843,50,Start SIP
CUST101457,22,133222,1394666,Yes,Yes,No,Yes,183,18,701,75,Start SIP
CUST101458,54,98860,1230619,Yes,Yes,No,Yes,99,29,617,75,Start SIP
CUST101459,55,273360,139670,No,Yes,No,Yes,68,8,586,50,Enable UPI
CUST101460,47,36398,15564,Yes,Yes,No,No,170,18,584,50,Start SIP
CUST101461,26,118889,771412,Yes,No,No,No,66,14,683,25,Activate Mobile Banking
CUST101462,51,280303,756794,Yes,No,No,Yes,172,13,710,50,Activate Mobile Banking
CUST101463,61,240959,1570515,Yes,No,No,Yes,28,25,773,50,Activate Mobile Banking
CUST101464,52,117834,316869,No,No,No,No,107,0,659,0,Enable UPI
CUST101465,69,36638,1663998,Yes,Yes,Yes,Yes,110,2,651,100,Advanced Wealth Products
CUST101466,39,278217,110940,No,Yes,No,No,111,1,731,25,Enable UPI
CUST101467,61,230379,982444,Yes,Yes,No,Yes,78,24,696,75,Start SIP
CUST101468,41,247069,591373,No,No,No,No,186,29,765,0,Enable UPI
CUST101469,34,44320,1595726,No,Yes,No,No,93,0,688,25,Enable UPI
CUST101470,27,49924,1325985,Yes,Yes,Yes,Yes,130,26,876,100,Advanced Wealth Products
CUST101471,47,227792,1194353,No,Yes,No,Yes,183,17,737,50,Enable UPI
CUST101472,63,186097,191351,Yes,No,Yes,No,34,0,637,50,Activate Mobile Banking
CUST101473,40,17159,1640335,No,Yes,Yes,Yes,148,8,796,75,Enable UPI
CUST101474,49,63940,1144656,No,Yes,No,Yes,47,6,735,50,Enable UPI
CUST101475,34,94436,478050,No,No,Yes,No,118,29,637,25,Enable UPI
CUST101476,67,29678,461195,Yes,Yes,No,Yes,128,12,883,75,Start SIP
CUST101477,68,207147,322972,Yes,No,No,Yes,26,16,701,50,Activate Mobile Banking
CUST101478,34,152844,1544998,Yes,Yes,Yes,No,84,12,816,75,Buy Insurance
CUST101479,31,82163,1432604,Yes,Yes,No,No,1,12,749,50,Start SIP
CUST101480,26,256040,1685871,No,No,No,Yes,193,9,884,25,Enable UPI
CUST101481,57,219827,1623968,No,Yes,Yes,No,97,27,795,50,Enable UPI
CUST101482,19,169536,1618798,No,Yes,No,No,87,5,765,25,Enable UPI
CUST101483,62,66137,783894,Yes,Yes,No,No,75,4,623,50,Start SIP
CUST101484,42,115485,1954428,No,Yes,No,Yes,108,9,709,50,Enable UPI
CUST101485,56,255970,1583914,No,Yes,No,Yes,15,13,804,50,Enable UPI
CUST101486,26,120468,1752888,No,Yes,No,No,142,10,566,25,Enable UPI
CUST101487,39,15901,1533362,Yes,Yes,No,No,55,4,687,50,Start SIP
CUST101488,60,102980,1033520,Yes,No,No,No,129,3,555,25,Activate Mobile Banking
CUST101489,63,280025,1324204,Yes,Yes,Yes,Yes,33,2,768,100,Advanced Wealth Products
CUST101490,21,257434,1378368,Yes,Yes,No,No,70,13,550,50,Start SIP
CUST101491,43,217258,1375665,Yes,Yes,Yes,No,56,12,613,75,Buy Insurance
CUST101492,46,266839,714038,No,Yes,No,Yes,23,23,758,50,Enable UPI
CUST101493,62,87572,1609187,Yes,No,No,Yes,54,22,550,50,Activate Mobile Banking
CUST101494,51,54255,91332,Yes,Yes,No,No,90,4,738,50,Start SIP
CUST101495,40,78212,886037,Yes,No,Yes,No,131,11,796,50,Activate Mobile Banking
CUST101496,54,37499,1534155,No,Yes,No,Yes,46,24,806,50,Enable UPI
CUST101497,28,117552,1309116,No,Yes,Yes,No,134,27,723,50,Enable UPI
CUST101498,23,76360,259547,No,Yes,No,No,153,22,658,25,Enable UPI
CUST101499,35,158704,957865,Yes,Yes,No,No,17,9,609,50,Start SIP
CUST101500,38,176679,801747,Yes,Yes,No,No,156,1,592,50,Start SIP
CUST101501,59,106873,315112,No,Yes,Yes,No,160,6,587,50,Enable UPI
CUST101502,53,80756,1735455,Yes,Yes,No,Yes,93,6,807,75,Start SIP
CUST101503,58,209454,276251,Yes,No,No,Yes,23,3,631,50,Activate Mobile Banking
CUST101504,55,42464,1568332,Yes,Yes,No,No,144,11,770,50,Start SIP
CUST101505,51,136897,585069,Yes,Yes,No,Yes,96,27,660,75,Start SIP
CUST101506,34,98791,271013,Yes,Yes,Yes,No,154,23,814,75,Buy Insurance
CUST101507,54,170371,1920991,Yes,Yes,No,No,161,3,685,50,Start SIP
CUST101508,42,194047,1998450,Yes,No,No,Yes,186,6,885,50,Activate Mobile Banking
CUST101509,55,147534,460911,Yes,Yes,No,No,176,19,867,50,Start SIP
CUST101510,29,96441,458638,Yes,Yes,No,No,83,12,572,50,Start SIP
CUST101511,40,252612,1585835,Yes,Yes,Yes,Yes,55,7,898,100,Advanced Wealth Products
CUST101512,59,246444,1936813,Yes,Yes,No,No,169,13,608,50,Start SIP
CUST101513,39,291319,1832791,Yes,Yes,Yes,No,62,29,815,75,Buy Insurance
CUST101514,38,152263,1341371,Yes,Yes,No,Yes,145,2,689,75,Start SIP
CUST101515,44,99518,1372694,Yes,No,No,No,102,1,665,25,Activate Mobile Banking
CUST101516,48,226230,499509,Yes,Yes,No,Yes,59,9,753,75,Start SIP
CUST101517,23,62645,28446,Yes,Yes,No,Yes,142,5,707,75,Start SIP
CUST101518,44,254608,1835283,Yes,Yes,Yes,Yes,149,22,879,100,Advanced Wealth Products
CUST101519,57,38283,1222756,No,Yes,Yes,No,191,6,745,50,Enable UPI
CUST101520,51,205195,533111,Yes,No,Yes,Yes,174,15,761,75,Activate Mobile Banking
CUST101521,29,117780,149526,Yes,No,Yes,Yes,55,5,590,75,Activate Mobile Banking
CUST101522,62,15515,664292,Yes,Yes,No,No,62,15,556,50,Start SIP
CUST101523,24,243872,932724,No,Yes,Yes,Yes,167,26,899,75,Enable UPI
CUST101524,27,73755,210162,Yes,Yes,No,Yes,170,23,654,75,Start SIP
CUST101525,62,42856,1121541,Yes,Yes,No,Yes,48,11,857,75,Start SIP
CUST101526,34,88870,1999288,Yes,Yes,No,Yes,103,21,594,75,Start SIP
CUST101527,43,152080,471196,No,No,No,No,28,14,587,0,Enable UPI
CUST101528,38,285131,277654,No,Yes,Yes,Yes,84,21,713,75,Enable UPI
CUST101529,45,111502,1490837,Yes,Yes,Yes,Yes,134,2,630,100,Advanced Wealth Products
CUST101530,63,81323,670897,Yes,No,Yes,No,59,27,890,50,Activate Mobile Banking
CUST101531,19,287017,1519475,Yes,Yes,No,No,90,15,607,50,Start SIP
CUST101532,60,228614,110935,No,No,No,No,70,17,851,0,Enable UPI
CUST101533,18,182516,860566,Yes,Yes,Yes,No,167,14,672,75,Buy Insurance
CUST101534,68,120219,762993,Yes,No,No,No,185,22,744,25,Activate Mobile Banking
CUST101535,53,20033,1912262,No,Yes,Yes,No,182,5,742,50,Enable UPI
CUST101536,68,292833,506443,No,Yes,No,No,60,16,653,25,Enable UPI
CUST101537,43,124756,258978,No,Yes,No,No,145,1,661,25,Enable UPI
CUST101538,46,277210,674142,No,Yes,No,No,168,1,681,25,Enable UPI
CUST101539,38,129159,381924,No,Yes,No,Yes,66,16,645,50,Enable UPI
CUST101540,28,191318,392688,Yes,No,No,No,115,18,632,25,Activate Mobile Banking
CUST101541,57,22533,521404,No,No,No,No,124,4,719,0,Enable UPI
CUST101542,28,216224,1905595,No,Yes,Yes,No,182,3,598,50,Enable UPI
CUST101543,53,257653,1922246,Yes,Yes,No,Yes,71,27,684,75,Start SIP
CUST101544,66,124028,342864,Yes,Yes,No,Yes,44,17,814,75,Start SIP
CUST101545,56,288916,1655868,No,Yes,Yes,Yes,84,7,748,75,Enable UPI
CUST101546,57,265231,1075648,Yes,Yes,No,No,195,8,832,50,Start SIP
CUST101547,52,27940,86015,No,No,Yes,Yes,57,23,584,50,Enable UPI
CUST101548,51,31932,230075,Yes,Yes,Yes,Yes,36,22,893,100,Advanced Wealth Products
CUST101549,64,241377,1797874,Yes,Yes,No,Yes,57,25,753,75,Start SIP
CUST101550,41,39648,1126322,Yes,Yes,No,Yes,121,17,790,75,Start SIP
CUST101551,39,47966,181774,Yes,Yes,Yes,No,171,21,898,75,Buy Insurance
CUST101552,22,270733,369404,Yes,Yes,No,No,44,10,872,50,Start SIP
CUST101553,50,178639,404273,Yes,Yes,No,Yes,62,15,592,75,Start SIP
CUST101554,53,261331,133259,Yes,Yes,Yes,No,115,15,813,75,Buy Insurance
CUST101555,64,57598,35916,Yes,Yes,No,Yes,83,3,627,75,Start SIP
CUST101556,37,205271,556556,Yes,Yes,No,Yes,61,20,585,75,Start SIP
CUST101557,36,190309,1752914,Yes,Yes,Yes,No,94,8,853,75,Buy Insurance
CUST101558,52,211569,1821830,No,Yes,No,No,11,12,723,25,Enable UPI
CUST101559,69,146250,28259,Yes,Yes,Yes,No,77,24,684,75,Buy Insurance
CUST101560,60,263004,451799,Yes,No,No,No,120,19,879,25,Activate Mobile Banking
CUST101561,34,32118,608688,Yes,Yes,No,No,161,7,689,50,Start SIP
CUST101562,62,37616,301437,Yes,Yes,Yes,Yes,102,10,604,100,Advanced Wealth Products
CUST101563,60,146870,1689445,Yes,Yes,No,Yes,121,20,801,75,Start SIP
CUST101564,51,284745,1060619,Yes,Yes,No,Yes,112,8,828,75,Start SIP
CUST101565,26,17795,1759366,No,Yes,Yes,No,66,17,729,50,Enable UPI
CUST101566,43,112462,112009,No,Yes,No,Yes,110,19,562,50,Enable UPI
CUST101567,19,280228,1878901,No,Yes,Yes,Yes,120,2,753,75,Enable UPI
CUST101568,26,277875,963146,Yes,No,No,No,23,22,858,25,Activate Mobile Banking
CUST101569,26,147201,1262713,Yes,No,No,Yes,177,29,612,50,Activate Mobile Banking
CUST101570,57,174094,166940,Yes,Yes,No,Yes,148,17,623,75,Start SIP
CUST101571,34,278749,1866317,Yes,Yes,No,Yes,15,18,856,75,Start SIP
CUST101572,18,92506,1573042,No,No,No,Yes,194,8,704,25,Enable UPI
CUST101573,42,255313,814716,Yes,Yes,No,No,30,23,556,50,Start SIP
CUST101574,60,59130,1966809,Yes,Yes,No,No,4,17,855,50,Start SIP
CUST101575,57,178402,642547,Yes,No,No,Yes,64,21,892,50,Activate Mobile Banking
CUST101576,59,161259,1154380,No,No,No,Yes,65,15,702,25,Enable UPI
CUST101577,42,216682,74000,No,Yes,Yes,No,8,13,593,50,Enable UPI
CUST101578,56,238034,89179,Yes,Yes,No,No,52,18,585,50,Start SIP
CUST101579,52,114694,1905057,No,Yes,No,No,142,27,646,25,Enable UPI
CUST101580,20,34773,1869273,Yes,No,No,No,58,28,714,25,Activate Mobile Banking
CUST101581,67,281383,1528282,No,No,No,Yes,11,21,783,25,Enable UPI
CUST101582,54,298007,789514,No,Yes,Yes,No,59,29,652,50,Enable UPI
CUST101583,61,83968,1077456,No,Yes,No,No,24,14,556,25,Enable UPI
CUST101584,61,75430,1924587,Yes,Yes,Yes,Yes,88,20,643,100,Advanced Wealth Products
CUST101585,68,265072,1447047,Yes,Yes,No,Yes,160,25,670,75,Start SIP
CUST101586,47,16515,399718,Yes,No,No,Yes,46,3,586,50,Activate Mobile Banking
CUST101587,55,112206,730552,Yes,Yes,No,Yes,28,11,570,75,Start SIP
CUST101588,51,260282,1905432,No,Yes,No,No,16,6,647,25,Enable UPI
CUST101589,29,250702,474054,Yes,Yes,No,No,42,10,851,50,Start SIP
CUST101590,36,20586,862398,Yes,Yes,No,Yes,103,25,570,75,Start SIP
CUST101591,54,260277,177438,No,Yes,No,Yes,16,6,781,50,Enable UPI
CUST101592,61,46186,425641,Yes,Yes,Yes,No,100,19,621,75,Buy Insurance
CUST101593,66,41928,450544,Yes,No,No,Yes,140,2,601,50,Activate Mobile Banking
CUST101594,34,244336,774640,Yes,Yes,No,No,190,3,771,50,Start SIP
CUST101595,27,229159,1645260,Yes,No,No,No,34,1,834,25,Activate Mobile Banking
CUST101596,66,35711,1387414,Yes,Yes,No,No,38,19,874,50,Start SIP
CUST101597,64,69962,1452598,No,Yes,No,No,127,14,716,25,Enable UPI
CUST101598,29,35039,484490,Yes,Yes,Yes,No,175,19,832,75,Buy Insurance
CUST101599,33,51561,808538,No,No,Yes,No,22,11,754,25,Enable UPI
CUST101600,41,221555,61731,Yes,Yes,No,Yes,80,20,687,75,Start SIP
CUST101601,36,234730,1128586,Yes,Yes,Yes,No,88,16,585,75,Buy Insurance
CUST101602,25,16577,254091,Yes,Yes,Yes,Yes,3,17,644,100,Advanced Wealth Products
CUST101603,48,122792,1348319,Yes,Yes,No,Yes,1,7,565,75,Start SIP
CUST101604,38,262980,76326,Yes,No,No,Yes,53,23,786,50,Activate Mobile Banking
CUST101605,34,253540,778164,Yes,No,No,No,192,7,713,25,Activate Mobile Banking
CUST101606,40,243506,342850,Yes,Yes,Yes,Yes,172,4,639,100,Advanced Wealth Products
CUST101607,54,227489,1586868,Yes,Yes,No,No,47,23,657,50,Start SIP
CUST101608,33,25785,1555074,Yes,Yes,No,No,166,8,633,50,Start SIP
CUST101609,23,87227,1168594,Yes,Yes,No,Yes,191,29,804,75,Start SIP
CUST101610,25,80431,1498156,No,No,No,No,115,19,714,0,Enable UPI
CUST101611,42,262941,1603656,No,No,No,No,41,19,749,0,Enable UPI
CUST101612,35,209844,493968,Yes,Yes,No,No,149,22,873,50,Start SIP
CUST101613,42,165653,463128,Yes,Yes,No,Yes,173,4,864,75,Start SIP
CUST101614,29,278606,59645,No,Yes,No,No,141,26,706,25,Enable UPI
CUST101615,32,210245,1585096,Yes,Yes,Yes,No,194,9,580,75,Buy Insurance
CUST101616,43,190486,476426,No,Yes,Yes,Yes,66,0,615,75,Enable UPI
CUST101617,58,87573,1632630,Yes,Yes,No,Yes,43,23,638,75,Start SIP
CUST101618,62,239737,1698465,No,Yes,No,No,190,3,808,25,Enable UPI
CUST101619,43,134682,86588,Yes,Yes,No,No,89,23,802,50,Start SIP
CUST101620,64,28386,1233190,No,Yes,No,Yes,176,15,783,50,Enable UPI
CUST101621,49,69460,1583777,Yes,Yes,No,Yes,113,17,656,75,Start SIP
CUST101622,27,130375,1690270,Yes,No,No,No,26,27,618,25,Activate Mobile Banking
CUST101623,33,167117,118693,Yes,Yes,Yes,Yes,99,11,827,100,Advanced Wealth Products
CUST101624,24,131582,1671313,Yes,No,No,No,61,19,885,25,Activate Mobile Banking
CUST101625,34,258015,15567,No,Yes,No,Yes,125,14,750,50,Enable UPI
CUST101626,40,168778,1616243,Yes,No,No,No,119,17,602,25,Activate Mobile Banking
CUST101627,43,67335,1783904,No,No,No,Yes,62,4,790,25,Enable UPI
CUST101628,38,244087,1316039,Yes,Yes,No,No,82,25,881,50,Start SIP
CUST101629,39,67949,1143581,No,Yes,No,No,142,25,724,25,Enable UPI
CUST101630,24,110558,1950998,Yes,No,No,No,182,13,591,25,Activate Mobile Banking
CUST101631,31,279860,1800962,No,Yes,No,No,169,23,809,25,Enable UPI
CUST101632,32,162646,1532912,No,No,No,Yes,188,26,759,25,Enable UPI
CUST101633,24,257887,1058367,Yes,Yes,No,Yes,137,6,591,75,Start SIP
CUST101634,26,207898,495488,No,Yes,No,No,44,10,719,25,Enable UPI
CUST101635,68,166285,136401,No,Yes,Yes,No,56,14,808,50,Enable UPI
CUST101636,65,86916,210459,Yes,Yes,No,No,3,20,886,50,Start SIP
CUST101637,25,212223,66032,Yes,No,No,Yes,98,10,753,50,Activate Mobile Banking
CUST101638,67,274590,704438,Yes,Yes,No,No,97,6,886,50,Start SIP
CUST101639,40,263090,880094,No,Yes,No,No,91,20,712,25,Enable UPI
CUST101640,46,65906,1599164,Yes,Yes,No,Yes,59,22,654,75,Start SIP
CUST101641,35,277607,867132,Yes,Yes,Yes,No,73,19,727,75,Buy Insurance
CUST101642,48,89694,1497737,Yes,Yes,No,Yes,141,19,740,75,Start SIP
CUST101643,47,297152,584897,Yes,Yes,No,No,158,25,673,50,Start SIP
CUST101644,69,85474,196634,No,Yes,No,Yes,53,3,747,50,Enable UPI
CUST101645,56,53185,619333,No,Yes,No,Yes,179,26,648,50,Enable UPI
CUST101646,52,277048,1901909,Yes,Yes,Yes,Yes,42,23,555,100,Advanced Wealth Products
CUST101647,35,271574,797135,Yes,Yes,Yes,No,154,0,837,75,Buy Insurance
CUST101648,59,217211,753005,Yes,No,No,No,187,25,816,25,Activate Mobile Banking
CUST101649,56,37504,1378835,Yes,No,No,Yes,69,20,592,50,Activate Mobile Banking
CUST101650,34,69970,1031457,Yes,Yes,No,No,110,27,844,50,Start SIP
CUST101651,31,293910,224162,Yes,Yes,No,No,92,25,690,50,Start SIP
CUST101652,48,131944,1081252,Yes,Yes,Yes,No,3,1,818,75,Buy Insurance
CUST101653,41,188615,1508502,Yes,Yes,No,Yes,41,25,588,75,Start SIP
CUST101654,52,179211,1961340,No,Yes,No,Yes,125,3,711,50,Enable UPI
CUST101655,61,135494,749700,Yes,No,No,No,1,4,744,25,Activate Mobile Banking
CUST101656,62,249941,1754376,No,Yes,No,Yes,193,23,873,50,Enable UPI
CUST101657,51,23802,1221571,Yes,No,No,No,115,1,653,25,Activate Mobile Banking
CUST101658,20,186277,1345522,Yes,Yes,No,Yes,70,1,794,75,Start SIP
CUST101659,54,26516,1406051,No,Yes,Yes,Yes,126,17,614,75,Enable UPI
CUST101660,60,128758,461120,Yes,No,No,Yes,50,29,750,50,Activate Mobile Banking
CUST101661,57,45480,982666,Yes,Yes,No,No,80,23,791,50,Start SIP
CUST101662,43,198163,1178362,Yes,Yes,No,Yes,97,27,556,75,Start SIP
CUST101663,40,143023,856601,Yes,Yes,No,Yes,59,13,768,75,Start SIP
CUST101664,61,193838,1646011,No,Yes,No,No,74,2,552,25,Enable UPI
CUST101665,56,286409,551363,Yes,Yes,No,No,63,20,891,50,Start SIP
CUST101666,32,129165,1922023,Yes,Yes,No,No,25,17,854,50,Start SIP
CUST101667,66,134501,735076,Yes,Yes,Yes,No,138,21,863,75,Buy Insurance
CUST101668,21,264329,1062880,Yes,Yes,Yes,Yes,77,9,833,100,Advanced Wealth Products
CUST101669,46,292530,134851,No,No,Yes,Yes,124,5,571,50,Enable UPI
CUST101670,39,136635,1436449,No,Yes,No,No,129,1,643,25,Enable UPI
CUST101671,42,189326,1113198,Yes,Yes,Yes,No,99,19,620,75,Buy Insurance
CUST101672,30,235935,1369935,Yes,Yes,No,No,14,10,771,50,Start SIP
CUST101673,35,68634,1002650,Yes,Yes,Yes,Yes,149,17,562,100,Advanced Wealth Products
CUST101674,50,193734,1913981,Yes,Yes,No,Yes,186,13,554,75,Start SIP
CUST101675,33,249856,1686518,No,Yes,No,Yes,38,25,571,50,Enable UPI
CUST101676,62,233599,1459313,Yes,Yes,No,No,1,19,858,50,Start SIP
CUST101677,59,252919,1302685,Yes,Yes,Yes,Yes,84,12,844,100,Advanced Wealth Products
CUST101678,61,82443,291172,No,Yes,Yes,Yes,133,28,586,75,Enable UPI
CUST101679,19,56505,568616,Yes,No,No,Yes,44,26,580,50,Activate Mobile Banking
CUST101680,52,117478,294445,Yes,Yes,No,No,193,6,611,50,Start SIP
CUST101681,59,77699,305159,Yes,Yes,No,Yes,57,20,770,75,Start SIP
CUST101682,51,169721,1796212,No,Yes,No,No,104,25,630,25,Enable UPI
CUST101683,47,151668,566133,No,Yes,No,No,45,19,782,25,Enable UPI
CUST101684,30,293518,1926826,Yes,No,Yes,Yes,60,9,555,75,Activate Mobile Banking
CUST101685,30,133686,1654258,Yes,Yes,No,No,66,25,654,50,Start SIP
CUST101686,35,280919,180231,No,No,No,Yes,47,18,886,25,Enable UPI
CUST101687,49,298173,310858,Yes,Yes,Yes,Yes,115,28,711,100,Advanced Wealth Products
CUST101688,49,98981,1134298,Yes,Yes,No,No,26,28,892,50,Start SIP
CUST101689,52,129010,292374,No,No,No,No,137,12,601,0,Enable UPI
CUST101690,56,46105,1670418,No,Yes,No,No,51,21,707,25,Enable UPI
CUST101691,63,274021,1102838,Yes,No,Yes,No,94,1,562,50,Activate Mobile Banking
CUST101692,69,162032,1012705,Yes,Yes,Yes,No,110,19,735,75,Buy Insurance
CUST101693,46,141519,46722,Yes,Yes,No,Yes,136,11,771,75,Start SIP
CUST101694,66,157429,968863,Yes,Yes,Yes,No,5,7,790,75,Buy Insurance
CUST101695,46,292948,854228,No,Yes,Yes,No,39,17,858,50,Enable UPI
CUST101696,61,142732,700519,Yes,Yes,No,Yes,68,24,697,75,Start SIP
CUST101697,33,160698,245740,No,Yes,Yes,Yes,40,1,604,75,Enable UPI
CUST101698,61,174204,1031179,Yes,Yes,No,No,36,15,608,50,Start SIP
CUST101699,64,285095,1664916,Yes,Yes,No,Yes,149,7,747,75,Start SIP
CUST101700,27,296209,1154384,Yes,Yes,No,Yes,97,15,647,75,Start SIP
CUST101701,47,120072,260416,No,No,Yes,No,26,7,705,25,Enable UPI
CUST101702,42,155202,1315704,Yes,Yes,No,No,104,22,799,50,Start SIP
CUST101703,56,104360,1799145,Yes,Yes,No,No,103,29,729,50,Start SIP
CUST101704,37,77287,1452031,Yes,Yes,No,Yes,75,12,623,75,Start SIP
CUST101705,22,253009,775340,Yes,No,Yes,No,85,25,610,50,Activate Mobile Banking
CUST101706,18,197774,1931959,Yes,Yes,Yes,Yes,113,5,594,100,Advanced Wealth Products
CUST101707,47,183065,1366606,Yes,Yes,No,Yes,56,0,684,75,Start SIP
CUST101708,66,177947,894856,Yes,Yes,No,No,57,1,759,50,Start SIP
CUST101709,20,261356,1473987,Yes,Yes,No,Yes,187,6,635,75,Start SIP
CUST101710,62,152126,109697,Yes,Yes,No,Yes,128,12,819,75,Start SIP
CUST101711,31,245881,1541651,Yes,No,No,No,101,26,841,25,Activate Mobile Banking
CUST101712,47,122357,1285148,Yes,Yes,No,No,135,3,813,50,Start SIP
CUST101713,67,222440,762130,Yes,Yes,No,No,170,8,817,50,Start SIP
CUST101714,21,44670,1674163,Yes,No,No,No,141,18,774,25,Activate Mobile Banking
CUST101715,35,174379,695034,No,Yes,Yes,No,84,19,765,50,Enable UPI
CUST101716,54,259159,1202753,Yes,No,No,Yes,162,2,780,50,Activate Mobile Banking
CUST101717,42,213159,1032691,Yes,No,No,No,100,22,739,25,Activate Mobile Banking
CUST101718,65,209152,165811,Yes,Yes,No,Yes,181,1,691,75,Start SIP
CUST101719,18,94335,1560533,No,Yes,No,Yes,46,15,726,50,Enable UPI
CUST101720,63,81985,1216617,Yes,Yes,No,No,185,9,600,50,Start SIP
CUST101721,32,145744,1592361,Yes,Yes,Yes,No,61,27,739,75,Buy Insurance
CUST101722,26,266713,1448608,Yes,No,Yes,Yes,56,11,554,75,Activate Mobile Banking
CUST101723,32,186349,783492,Yes,No,No,Yes,29,17,760,50,Activate Mobile Banking
CUST101724,66,46551,1958923,No,Yes,Yes,Yes,111,1,744,75,Enable UPI
CUST101725,41,104813,262471,No,Yes,No,No,92,13,550,25,Enable UPI
CUST101726,21,191284,97019,Yes,Yes,Yes,No,142,11,653,75,Buy Insurance
CUST101727,29,24637,1768190,No,Yes,No,No,196,19,650,25,Enable UPI
CUST101728,54,144553,1162593,No,Yes,Yes,No,102,23,677,50,Enable UPI
CUST101729,54,41950,860817,Yes,No,No,No,71,23,854,25,Activate Mobile Banking
CUST101730,60,142870,223220,Yes,Yes,No,No,13,23,798,50,Start SIP
CUST101731,23,15215,1158729,Yes,No,Yes,No,145,7,900,50,Activate Mobile Banking
CUST101732,56,288667,563114,Yes,Yes,No,No,157,22,840,50,Start SIP
CUST101733,63,38834,639322,Yes,Yes,No,No,81,21,818,50,Start SIP
CUST101734,41,58066,1662106,Yes,Yes,No,No,100,27,587,50,Start SIP
CUST101735,28,287544,1963074,No,No,No,No,83,6,883,0,Enable UPI
CUST101736,30,25345,1627964,No,Yes,No,No,116,12,799,25,Enable UPI
CUST101737,51,48896,1799035,Yes,Yes,No,Yes,125,14,770,75,Start SIP
CUST101738,42,282727,1965178,Yes,Yes,No,No,2,13,612,50,Start SIP
CUST101739,24,86537,1975439,No,Yes,Yes,No,62,4,802,50,Enable UPI
CUST101740,69,255489,363349,No,Yes,No,No,20,7,814,25,Enable UPI
CUST101741,21,89807,1066385,No,Yes,No,No,184,17,713,25,Enable UPI
CUST101742,25,144648,1642314,Yes,Yes,No,Yes,90,4,572,75,Start SIP
CUST101743,37,159401,1354148,Yes,Yes,Yes,Yes,180,22,628,100,Advanced Wealth Products
CUST101744,46,247117,1017494,Yes,Yes,No,Yes,153,8,667,75,Start SIP
CUST101745,68,263780,1912798,No,No,No,No,62,9,734,0,Enable UPI
CUST101746,62,228286,1164702,Yes,Yes,No,Yes,17,16,608,75,Start SIP
CUST101747,63,52052,357465,No,Yes,Yes,No,39,26,852,50,Enable UPI
CUST101748,27,61032,793525,Yes,Yes,Yes,No,10,24,801,75,Buy Insurance
CUST101749,60,113802,573786,No,Yes,No,No,187,2,638,25,Enable UPI
CUST101750,51,249337,1694115,Yes,Yes,No,No,153,0,778,50,Start SIP
CUST101751,43,187857,1618849,Yes,No,No,No,110,6,892,25,Activate Mobile Banking
CUST101752,58,211753,823441,Yes,Yes,No,No,28,14,880,50,Start SIP
CUST101753,66,235934,1004598,Yes,Yes,Yes,No,61,18,787,75,Buy Insurance
CUST101754,20,241599,395659,Yes,Yes,No,No,58,7,841,50,Start SIP
CUST101755,23,128221,22718,Yes,Yes,No,Yes,44,10,844,75,Start SIP
CUST101756,22,141457,1332425,Yes,No,Yes,Yes,83,1,870,75,Activate Mobile Banking
CUST101757,22,293720,354762,Yes,No,Yes,No,151,19,593,50,Activate Mobile Banking
CUST101758,64,134875,67598,No,Yes,Yes,No,125,27,882,50,Enable UPI
CUST101759,40,46601,1917886,Yes,Yes,Yes,No,145,1,629,75,Buy Insurance
CUST101760,66,119186,1327959,Yes,No,No,No,79,10,723,25,Activate Mobile Banking
CUST101761,26,180707,838054,No,Yes,No,Yes,85,19,690,50,Enable UPI
CUST101762,52,284609,575953,Yes,Yes,No,No,38,27,586,50,Start SIP
CUST101763,37,71754,823706,No,No,Yes,Yes,30,16,563,50,Enable UPI
CUST101764,66,244047,1982499,Yes,Yes,Yes,No,147,28,671,75,Buy Insurance
CUST101765,59,107850,1948376,Yes,Yes,No,No,32,9,787,50,Start SIP
CUST101766,52,231191,151075,Yes,No,No,No,20,4,604,25,Activate Mobile Banking
CUST101767,67,53871,1739802,Yes,Yes,Yes,No,102,2,571,75,Buy Insurance
CUST101768,35,208946,1206636,Yes,Yes,Yes,No,64,8,889,75,Buy Insurance
CUST101769,34,264200,454110,Yes,Yes,No,No,36,19,752,50,Start SIP
CUST101770,41,216239,1948571,Yes,Yes,No,No,193,21,895,50,Start SIP
CUST101771,20,249453,1568916,Yes,Yes,No,No,171,24,564,50,Start SIP
CUST101772,49,47574,226516,Yes,Yes,No,No,26,1,579,50,Start SIP
CUST101773,52,117072,1714610,Yes,Yes,No,Yes,7,22,578,75,Start SIP
CUST101774,55,219603,1779474,Yes,No,No,Yes,34,18,801,50,Activate Mobile Banking
CUST101775,30,171258,1408823,Yes,Yes,Yes,No,164,16,709,75,Buy Insurance
CUST101776,64,168885,1120022,Yes,Yes,No,Yes,134,24,666,75,Start SIP
CUST101777,42,224884,558360,Yes,Yes,No,No,165,24,707,50,Start SIP
CUST101778,26,231597,38717,Yes,No,No,No,62,11,657,25,Activate Mobile Banking
CUST101779,21,124779,223417,Yes,Yes,No,No,86,26,664,50,Start SIP
CUST101780,31,33557,162723,Yes,Yes,No,No,73,19,821,50,Start SIP
CUST101781,54,174132,384346,Yes,Yes,No,Yes,128,8,887,75,Start SIP
CUST101782,51,246977,966795,Yes,Yes,No,Yes,60,22,725,75,Start SIP
CUST101783,28,152152,389533,Yes,Yes,Yes,No,64,3,780,75,Buy Insurance
CUST101784,58,159926,114525,Yes,Yes,No,Yes,178,27,833,75,Start SIP
CUST101785,20,213767,1510142,Yes,No,No,Yes,52,17,867,50,Activate Mobile Banking
CUST101786,45,173097,1266668,Yes,No,Yes,No,145,15,799,50,Activate Mobile Banking
CUST101787,46,199054,1058222,Yes,No,No,No,60,28,605,25,Activate Mobile Banking
CUST101788,26,56081,306857,No,Yes,Yes,No,77,20,880,50,Enable UPI
CUST101789,20,245693,1383656,No,No,No,No,119,23,822,0,Enable UPI
CUST101790,42,170063,1228979,Yes,No,Yes,Yes,182,9,739,75,Activate Mobile Banking
CUST101791,51,278445,289329,Yes,Yes,No,No,138,25,570,50,Start SIP
CUST101792,29,174682,351407,Yes,Yes,Yes,No,125,21,714,75,Buy Insurance
CUST101793,59,96463,759016,No,Yes,No,No,153,11,834,25,Enable UPI
CUST101794,26,180750,581395,Yes,Yes,Yes,Yes,18,29,617,100,Advanced Wealth Products
CUST101795,32,41081,774153,No,Yes,Yes,No,64,27,816,50,Enable UPI
CUST101796,57,39354,1513346,Yes,Yes,No,No,79,10,767,50,Start SIP
CUST101797,42,108297,808995,Yes,Yes,No,No,59,4,887,50,Start SIP
CUST101798,22,295444,1648593,Yes,Yes,Yes,No,155,19,645,75,Buy Insurance
CUST101799,28,79384,282845,Yes,Yes,Yes,Yes,58,10,737,100,Advanced Wealth Products
CUST101800,51,136684,1253720,Yes,Yes,No,Yes,61,15,757,75,Start SIP
CUST101801,41,50525,970721,Yes,No,Yes,No,118,14,623,50,Activate Mobile Banking
CUST101802,32,21464,744782,Yes,No,No,No,79,5,711,25,Activate Mobile Banking
CUST101803,55,31562,500339,No,Yes,No,No,71,12,710,25,Enable UPI
CUST101804,25,70514,1830479,Yes,Yes,Yes,Yes,171,15,609,100,Advanced Wealth Products
CUST101805,22,127564,657619,Yes,Yes,No,No,88,26,575,50,Start SIP
CUST101806,65,47634,689770,Yes,Yes,No,Yes,87,2,574,75,Start SIP
CUST101807,43,277204,104280,Yes,Yes,No,No,139,17,807,50,Start SIP
CUST101808,35,286413,719075,Yes,Yes,No,Yes,88,0,895,75,Start SIP
CUST101809,23,209215,1039472,Yes,No,No,No,133,24,889,25,Activate Mobile Banking
CUST101810,54,38065,1092241,Yes,Yes,No,No,186,16,552,50,Start SIP
CUST101811,65,280039,283101,Yes,Yes,No,No,39,26,837,50,Start SIP
CUST101812,30,158424,970631,Yes,Yes,Yes,Yes,176,19,806,100,Advanced Wealth Products
CUST101813,45,119127,986093,Yes,Yes,Yes,Yes,80,5,829,100,Advanced Wealth Products
CUST101814,22,111426,1886016,No,Yes,Yes,No,20,8,855,50,Enable UPI
CUST101815,30,207376,853352,Yes,Yes,Yes,Yes,81,3,797,100,Advanced Wealth Products
CUST101816,34,26962,1837149,Yes,Yes,Yes,No,19,6,593,75,Buy Insurance
CUST101817,67,48302,693235,Yes,Yes,No,Yes,188,22,582,75,Start SIP
CUST101818,57,19011,118828,No,Yes,Yes,No,154,28,843,50,Enable UPI
CUST101819,62,34782,915284,Yes,Yes,No,Yes,153,29,661,75,Start SIP
CUST101820,49,213763,1710562,Yes,Yes,No,Yes,143,21,857,75,Start SIP
CUST101821,46,135654,1144391,Yes,Yes,Yes,No,149,24,840,75,Buy Insurance
CUST101822,68,24196,1248470,Yes,Yes,Yes,Yes,175,10,822,100,Advanced Wealth Products
CUST101823,20,58459,994269,No,Yes,Yes,Yes,163,25,863,75,Enable UPI
CUST101824,57,102245,1781349,Yes,Yes,Yes,No,172,22,853,75,Buy Insurance
CUST101825,51,93863,1218290,No,Yes,No,No,134,2,592,25,Enable UPI
CUST101826,57,265463,1878319,Yes,Yes,No,Yes,116,15,853,75,Start SIP
CUST101827,44,47769,37356,Yes,Yes,Yes,No,101,5,593,75,Buy Insurance
CUST101828,30,271433,1319529,No,Yes,No,No,151,6,838,25,Enable UPI
CUST101829,62,39700,965875,Yes,Yes,Yes,Yes,39,11,636,100,Advanced Wealth Products
CUST101830,50,261864,1874883,Yes,Yes,No,No,146,6,779,50,Start SIP
CUST101831,23,226428,1818985,Yes,No,No,No,168,28,632,25,Activate Mobile Banking
CUST101832,41,246237,276609,Yes,Yes,No,Yes,36,21,753,75,Start SIP
CUST101833,36,282413,1775031,Yes,Yes,Yes,Yes,156,18,679,100,Advanced Wealth Products
CUST101834,33,129003,1389564,No,Yes,Yes,No,192,21,687,50,Enable UPI
CUST101835,57,154392,201322,No,Yes,No,No,83,15,632,25,Enable UPI
CUST101836,45,64589,1926897,Yes,Yes,No,Yes,94,17,724,75,Start SIP
CUST101837,50,265606,1593114,Yes,Yes,No,No,186,9,685,50,Start SIP
CUST101838,65,222348,51023,Yes,Yes,Yes,No,166,28,656,75,Buy Insurance
CUST101839,58,50897,1679214,Yes,No,No,Yes,172,0,700,50,Activate Mobile Banking
CUST101840,30,204637,182696,Yes,Yes,No,No,2,7,658,50,Start SIP
CUST101841,60,177002,1594291,Yes,Yes,No,No,73,2,771,50,Start SIP
CUST101842,62,203305,431492,Yes,Yes,Yes,Yes,35,29,897,100,Advanced Wealth Products
CUST101843,42,228893,863075,Yes,Yes,No,No,129,15,868,50,Start SIP
CUST101844,59,291524,215084,Yes,No,Yes,No,174,23,882,50,Activate Mobile Banking
CUST101845,53,222968,1188087,Yes,Yes,No,Yes,188,2,796,75,Start SIP
CUST101846,44,85934,484064,No,No,No,Yes,63,1,586,25,Enable UPI
CUST101847,55,70830,1796267,Yes,Yes,No,Yes,95,11,817,75,Start SIP
CUST101848,24,282673,1132248,Yes,Yes,No,Yes,45,7,623,75,Start SIP
CUST101849,22,267364,477919,Yes,Yes,No,Yes,125,18,664,75,Start SIP
CUST101850,60,248294,1070876,Yes,Yes,No,No,185,23,630,50,Start SIP
CUST101851,62,97987,327433,Yes,Yes,Yes,No,37,17,742,75,Buy Insurance
CUST101852,68,64178,1463974,Yes,Yes,No,Yes,7,19,763,75,Start SIP
CUST101853,48,153009,468723,No,Yes,No,Yes,110,24,564,50,Enable UPI
CUST101854,40,54886,1497704,Yes,Yes,Yes,Yes,144,14,885,100,Advanced Wealth Products
CUST101855,59,64699,949413,Yes,Yes,No,Yes,178,16,633,75,Start SIP
CUST101856,27,91396,24659,Yes,Yes,Yes,Yes,142,17,815,100,Advanced Wealth Products
CUST101857,49,105678,691763,No,Yes,No,Yes,134,17,847,50,Enable UPI
CUST101858,60,40279,1298835,No,Yes,No,No,189,8,703,25,Enable UPI
CUST101859,47,125776,1480378,No,Yes,No,Yes,149,25,854,50,Enable UPI
CUST101860,56,116444,15360,Yes,Yes,No,No,138,4,802,50,Start SIP
CUST101861,48,128793,812856,No,No,Yes,Yes,32,10,822,50,Enable UPI
CUST101862,35,225809,1675899,Yes,Yes,No,Yes,134,28,862,75,Start SIP
CUST101863,53,186616,1557023,Yes,Yes,Yes,No,2,3,891,75,Buy Insurance
CUST101864,19,257262,53791,No,Yes,No,Yes,39,25,681,50,Enable UPI
CUST101865,31,23997,401281,No,Yes,No,No,49,9,748,25,Enable UPI
CUST101866,30,121102,1777731,Yes,Yes,No,Yes,27,3,874,75,Start SIP
CUST101867,46,55860,1562386,Yes,Yes,Yes,No,56,22,900,75,Buy Insurance
CUST101868,29,280369,1328020,Yes,Yes,No,No,14,2,632,50,Start SIP
CUST101869,56,125114,562658,Yes,Yes,No,Yes,151,24,855,75,Start SIP
CUST101870,19,128218,730191,Yes,No,No,Yes,103,15,675,50,Activate Mobile Banking
CUST101871,49,122041,1080785,No,No,Yes,No,118,20,763,25,Enable UPI
CUST101872,30,207150,506503,Yes,Yes,No,Yes,122,10,872,75,Start SIP
CUST101873,63,91290,288071,No,Yes,Yes,No,105,8,764,50,Enable UPI
CUST101874,44,71633,1612443,No,Yes,No,Yes,179,0,787,50,Enable UPI
CUST101875,66,136118,508623,Yes,Yes,No,Yes,25,9,637,75,Start SIP
CUST101876,58,189673,1849040,No,Yes,Yes,Yes,53,11,662,75,Enable UPI
CUST101877,34,18114,622542,Yes,Yes,Yes,No,11,29,654,75,Buy Insurance
CUST101878,57,64768,869845,Yes,Yes,No,Yes,163,23,612,75,Start SIP
CUST101879,48,98123,1042441,Yes,No,No,Yes,183,1,788,50,Activate Mobile Banking
CUST101880,51,123255,1691392,Yes,No,Yes,No,186,14,575,50,Activate Mobile Banking
CUST101881,41,181405,752562,No,Yes,No,Yes,196,29,677,50,Enable UPI
CUST101882,62,18174,1439636,No,Yes,No,Yes,37,23,550,50,Enable UPI
CUST101883,52,132769,1816156,Yes,Yes,No,Yes,9,19,643,75,Start SIP
CUST101884,65,150393,1912310,No,Yes,Yes,No,28,15,561,50,Enable UPI
CUST101885,23,242043,1046371,Yes,Yes,Yes,No,55,1,715,75,Buy Insurance
CUST101886,36,257580,710314,No,No,No,Yes,174,12,847,25,Enable UPI
CUST101887,47,201493,1301918,Yes,Yes,No,Yes,127,17,821,75,Start SIP
CUST101888,24,87635,1797301,Yes,Yes,No,No,70,28,616,50,Start SIP
CUST101889,27,156385,877189,Yes,Yes,No,No,27,21,716,50,Start SIP
CUST101890,58,257878,1471894,Yes,Yes,No,Yes,10,18,803,75,Start SIP
CUST101891,49,232070,956937,Yes,Yes,Yes,Yes,151,10,802,100,Advanced Wealth Products
CUST101892,51,291274,807364,No,Yes,No,Yes,149,13,795,50,Enable UPI
CUST101893,45,165056,1865722,Yes,No,No,No,173,29,608,25,Activate Mobile Banking
CUST101894,32,158933,62803,No,Yes,No,No,126,25,843,25,Enable UPI
CUST101895,47,113970,1486535,Yes,Yes,No,Yes,3,2,693,75,Start SIP
CUST101896,54,97203,1187200,Yes,Yes,No,Yes,187,8,758,75,Start SIP
CUST101897,46,207319,585915,Yes,Yes,No,Yes,43,4,775,75,Start SIP
CUST101898,39,215173,1754923,Yes,Yes,Yes,Yes,99,13,833,100,Advanced Wealth Products
CUST101899,21,167049,1395530,Yes,Yes,No,Yes,7,6,640,75,Start SIP
CUST101900,37,232726,1098956,Yes,Yes,No,No,155,11,660,50,Start SIP
CUST101901,49,87902,165322,Yes,Yes,No,Yes,190,20,789,75,Start SIP
CUST101902,53,107172,1777280,Yes,Yes,No,No,42,17,899,50,Start SIP
CUST101903,67,161702,1904694,No,Yes,No,Yes,97,10,882,50,Enable UPI
CUST101904,21,35056,1556186,Yes,Yes,No,No,4,26,629,50,Start SIP
CUST101905,44,153454,1436041,Yes,Yes,No,No,190,23,753,50,Start SIP
CUST101906,34,70739,1572915,Yes,Yes,No,Yes,136,8,787,75,Start SIP
CUST101907,29,63639,836460,No,Yes,No,No,84,10,877,25,Enable UPI
CUST101908,39,278136,675655,No,Yes,No,Yes,145,17,843,50,Enable UPI
CUST101909,34,87394,1953149,Yes,Yes,No,No,5,1,733,50,Start SIP
CUST101910,27,197447,1895256,Yes,Yes,No,No,191,19,761,50,Start SIP
CUST101911,18,165644,1002709,Yes,Yes,No,Yes,113,12,800,75,Start SIP
CUST101912,39,19136,277667,Yes,Yes,Yes,No,137,14,776,75,Buy Insurance
CUST101913,43,76868,1361250,Yes,No,No,No,136,7,716,25,Activate Mobile Banking
CUST101914,35,125957,1836989,No,Yes,No,No,7,4,580,25,Enable UPI
CUST101915,67,30479,543057,Yes,No,Yes,No,37,4,885,50,Activate Mobile Banking
CUST101916,31,134392,117035,Yes,Yes,Yes,Yes,55,6,700,100,Advanced Wealth Products
CUST101917,64,177448,1229293,No,Yes,Yes,No,67,11,711,50,Enable UPI
CUST101918,46,150895,1799679,Yes,No,No,No,136,19,645,25,Activate Mobile Banking
CUST101919,29,271228,1508934,Yes,No,No,No,69,11,822,25,Activate Mobile Banking
CUST101920,53,216528,1809696,Yes,Yes,Yes,No,5,8,573,75,Buy Insurance
CUST101921,52,296729,685917,Yes,Yes,No,Yes,17,3,667,75,Start SIP
CUST101922,69,249847,764087,No,Yes,Yes,Yes,111,7,636,75,Enable UPI
CUST101923,29,280864,1395502,Yes,Yes,No,No,58,18,824,50,Start SIP
CUST101924,24,296411,345526,Yes,Yes,No,No,191,21,599,50,Start SIP
CUST101925,46,161768,1221733,Yes,Yes,No,No,155,0,876,50,Start SIP
CUST101926,28,176040,1498149,No,No,No,No,104,22,661,0,Enable UPI
CUST101927,50,66567,902371,Yes,Yes,Yes,No,113,10,829,75,Buy Insurance
CUST101928,23,106229,1198118,Yes,Yes,No,No,92,22,851,50,Start SIP
CUST101929,64,214316,870144,No,Yes,Yes,No,68,12,685,50,Enable UPI
CUST101930,32,211497,1696507,Yes,Yes,No,No,28,17,882,50,Start SIP
CUST101931,49,97844,1423137,Yes,Yes,No,No,89,20,552,50,Start SIP
CUST101932,68,178991,215154,Yes,Yes,No,No,186,19,711,50,Start SIP
CUST101933,28,105697,1715741,Yes,Yes,No,Yes,178,9,626,75,Start SIP
CUST101934,40,72196,1266972,Yes,Yes,Yes,Yes,106,12,734,100,Advanced Wealth Products
CUST101935,43,130600,1968264,Yes,Yes,No,Yes,67,24,607,75,Start SIP
CUST101936,51,115625,1803820,Yes,Yes,No,Yes,122,11,712,75,Start SIP
CUST101937,63,48324,984532,Yes,Yes,Yes,Yes,159,12,570,100,Advanced Wealth Products
CUST101938,51,66272,1235420,Yes,Yes,No,No,101,1,614,50,Start SIP
CUST101939,46,264264,527797,Yes,Yes,No,No,12,2,615,50,Start SIP
CUST101940,21,178996,996120,Yes,No,No,Yes,183,28,847,50,Activate Mobile Banking
CUST101941,34,242459,1679286,No,Yes,Yes,No,101,16,848,50,Enable UPI
CUST101942,52,169961,1405020,Yes,Yes,No,No,4,25,831,50,Start SIP
CUST101943,30,251538,1052006,No,Yes,No,Yes,121,20,724,50,Enable UPI
CUST101944,58,69675,273774,Yes,Yes,Yes,No,42,18,714,75,Buy Insurance
CUST101945,56,88591,915906,Yes,Yes,No,Yes,182,11,631,75,Start SIP
CUST101946,32,168706,366013,Yes,Yes,No,No,22,15,695,50,Start SIP
CUST101947,46,209824,1855709,No,No,No,Yes,1,19,753,25,Enable UPI
CUST101948,46,244530,1199507,No,Yes,No,No,48,19,713,25,Enable UPI
CUST101949,28,128627,419399,Yes,Yes,No,No,43,21,653,50,Start SIP
CUST101950,69,228988,888717,No,Yes,Yes,Yes,102,9,679,75,Enable UPI
CUST101951,49,52394,1695420,Yes,Yes,No,No,148,22,633,50,Start SIP
CUST101952,19,94795,1282071,Yes,Yes,No,Yes,18,22,669,75,Start SIP
CUST101953,64,290160,259809,No,Yes,Yes,No,198,14,808,50,Enable UPI
CUST101954,31,57137,964748,No,Yes,No,No,177,29,653,25,Enable UPI
CUST101955,37,153925,734672,No,No,No,No,76,26,583,0,Enable UPI
CUST101956,39,27379,1068597,Yes,Yes,No,Yes,145,7,723,75,Start SIP
CUST101957,28,136169,1778799,Yes,No,No,Yes,181,18,875,50,Activate Mobile Banking
CUST101958,44,184439,453781,Yes,Yes,No,No,150,4,781,50,Start SIP
CUST101959,20,164172,446259,Yes,Yes,Yes,Yes,82,11,734,100,Advanced Wealth Products
CUST101960,34,141082,733510,No,Yes,No,No,10,9,893,25,Enable UPI
CUST101961,61,26049,69361,Yes,Yes,No,No,24,21,567,50,Start SIP
CUST101962,45,176771,1972325,Yes,Yes,No,No,140,13,780,50,Start SIP
CUST101963,46,183112,801787,Yes,Yes,No,Yes,4,27,684,75,Start SIP
CUST101964,38,264527,1152417,Yes,Yes,No,No,170,21,594,50,Start SIP
CUST101965,64,239062,709364,Yes,Yes,No,No,126,11,661,50,Start SIP
CUST101966,33,72986,1299876,Yes,Yes,Yes,No,133,23,632,75,Buy Insurance
CUST101967,54,169672,165786,No,Yes,Yes,No,154,12,588,50,Enable UPI
CUST101968,37,236849,546486,Yes,Yes,Yes,Yes,187,20,803,100,Advanced Wealth Products
CUST101969,23,231775,334095,No,Yes,No,Yes,190,20,694,50,Enable UPI
CUST101970,36,120315,924156,Yes,Yes,Yes,Yes,80,16,866,100,Advanced Wealth Products
CUST101971,22,297229,1490417,Yes,Yes,No,No,5,0,600,50,Start SIP
CUST101972,20,192926,1312042,Yes,Yes,Yes,Yes,154,21,842,100,Advanced Wealth Products
CUST101973,18,230341,1532774,No,Yes,No,No,83,9,616,25,Enable UPI
CUST101974,55,185851,1596604,Yes,Yes,No,No,6,25,573,50,Start SIP
CUST101975,32,202279,1319530,Yes,Yes,No,No,152,4,671,50,Start SIP
CUST101976,51,240687,915175,Yes,Yes,No,Yes,181,10,598,75,Start SIP
CUST101977,52,160213,939073,Yes,Yes,Yes,No,7,9,698,75,Buy Insurance
CUST101978,66,155416,1311884,No,Yes,No,No,10,5,734,25,Enable UPI
CUST101979,42,30896,1153431,No,Yes,Yes,Yes,167,14,799,75,Enable UPI
CUST101980,41,104353,739480,Yes,No,No,Yes,78,8,694,50,Activate Mobile Banking
CUST101981,29,44813,1866791,Yes,Yes,Yes,No,156,7,792,75,Buy Insurance
CUST101982,35,230503,126701,No,Yes,No,Yes,42,22,698,50,Enable UPI
CUST101983,32,80679,497281,Yes,Yes,No,Yes,62,22,617,75,Start SIP
CUST101984,61,156753,1393767,Yes,No,No,Yes,125,5,773,50,Activate Mobile Banking
CUST101985,33,218975,1849479,Yes,Yes,No,Yes,180,5,759,75,Start SIP
CUST101986,44,280372,1164347,Yes,Yes,No,No,22,16,741,50,Start SIP
CUST101987,25,224755,1059739,Yes,No,No,No,57,11,849,25,Activate Mobile Banking
CUST101988,63,288541,985591,No,Yes,No,No,96,6,673,25,Enable UPI
CUST101989,42,94183,853503,Yes,No,Yes,No,139,4,833,50,Activate Mobile Banking
CUST101990,34,57317,1069641,Yes,Yes,No,No,142,15,841,50,Start SIP
CUST101991,46,193986,1438043,No,Yes,No,No,31,22,849,25,Enable UPI
CUST101992,25,230705,1819126,Yes,Yes,Yes,Yes,4,5,599,100,Advanced Wealth Products
CUST101993,32,191326,909401,Yes,Yes,No,No,109,7,732,50,Start SIP
CUST101994,44,67344,350600,Yes,Yes,No,Yes,150,2,796,75,Start SIP
CUST101995,63,261060,502721,Yes,Yes,No,Yes,118,7,637,75,Start SIP
CUST101996,67,214618,253924,No,Yes,No,Yes,93,28,687,50,Enable UPI
CUST101997,69,174484,708708,No,No,No,Yes,99,6,587,25,Enable UPI
CUST101998,24,125489,1859162,Yes,Yes,Yes,Yes,192,16,598,100,Advanced Wealth Products
CUST101999,20,273667,1945711,Yes,Yes,Yes,Yes,77,18,621,100,Advanced Wealth Products
CUST102000,46,26549,549517,Yes,No,No,No,83,25,807,25,Activate Mobile Banking
CUST102001,61,40739,1368307,No,Yes,No,Yes,115,19,593,50,Enable UPI
CUST102002,41,298353,1828334,Yes,Yes,No,No,61,13,840,50,Start SIP
CUST102003,20,122051,1365433,Yes,Yes,No,No,100,24,665,50,Start SIP
CUST102004,37,30116,1735933,Yes,Yes,Yes,No,134,27,698,75,Buy Insurance
CUST102005,63,35045,550389,Yes,Yes,No,Yes,79,5,862,75,Start SIP
CUST102006,32,50709,1618255,Yes,Yes,Yes,No,196,6,896,75,Buy Insurance
CUST102007,42,172977,211935,Yes,Yes,Yes,Yes,6,29,828,100,Advanced Wealth Products
CUST102008,47,218675,1126299,No,Yes,No,No,66,4,837,25,Enable UPI
CUST102009,31,244167,1279869,Yes,Yes,Yes,No,164,18,767,75,Buy Insurance
CUST102010,24,234222,195477,No,Yes,No,Yes,143,20,620,50,Enable UPI
CUST102011,34,204518,1219596,Yes,Yes,Yes,Yes,76,27,710,100,Advanced Wealth Products
CUST102012,61,198500,1940272,Yes,Yes,Yes,Yes,40,6,822,100,Advanced Wealth Products
CUST102013,37,283591,305065,No,No,No,No,169,8,676,0,Enable UPI
CUST102014,53,20499,1519363,Yes,No,No,No,7,11,719,25,Activate Mobile Banking
CUST102015,26,54041,475223,No,Yes,Yes,No,22,24,566,50,Enable UPI
CUST102016,55,147371,1868468,No,Yes,No,Yes,72,14,853,50,Enable UPI
CUST102017,65,151066,1564750,Yes,No,No,Yes,106,14,788,50,Activate Mobile Banking
CUST102018,39,241486,419287,Yes,Yes,No,Yes,139,27,725,75,Start SIP
CUST102019,19,227235,726478,Yes,Yes,Yes,No,130,23,759,75,Buy Insurance
CUST102020,41,272831,184354,Yes,Yes,No,Yes,30,20,606,75,Start SIP
CUST102021,25,131220,1669589,Yes,No,No,Yes,68,15,738,50,Activate Mobile Banking
CUST102022,28,236421,325589,Yes,Yes,Yes,No,181,22,593,75,Buy Insurance
CUST102023,30,279140,741427,Yes,Yes,Yes,No,89,19,671,75,Buy Insurance
CUST102024,34,266071,1397928,Yes,Yes,No,No,149,25,858,50,Start SIP
CUST102025,25,18089,1501608,Yes,Yes,Yes,Yes,153,14,582,100,Advanced Wealth Products
CUST102026,38,297803,1422003,No,Yes,Yes,No,73,4,861,50,Enable UPI
CUST102027,35,110965,90779,Yes,Yes,Yes,No,72,11,577,75,Buy Insurance
CUST102028,47,96268,1056636,Yes,Yes,No,No,133,3,700,50,Start SIP
CUST102029,35,216798,655094,Yes,Yes,No,Yes,66,2,612,75,Start SIP
CUST102030,63,252103,1329451,No,Yes,Yes,Yes,85,28,556,75,Enable UPI
CUST102031,64,259754,344974,No,Yes,No,Yes,49,26,660,50,Enable UPI
CUST102032,48,180637,1693735,Yes,Yes,No,No,8,28,679,50,Start SIP
CUST102033,55,104242,550007,No,Yes,Yes,Yes,155,0,681,75,Enable UPI
CUST102034,49,168956,1626980,Yes,Yes,No,No,2,12,557,50,Start SIP
CUST102035,28,294343,1568159,No,Yes,No,No,28,4,854,25,Enable UPI
CUST102036,62,75038,555613,Yes,Yes,No,No,139,11,578,50,Start SIP
CUST102037,42,72786,945101,Yes,No,Yes,Yes,46,1,887,75,Activate Mobile Banking
CUST102038,50,251042,989943,Yes,Yes,No,No,126,5,860,50,Start SIP
CUST102039,55,224087,1068127,Yes,Yes,No,No,21,4,900,50,Start SIP
CUST102040,58,180250,360431,No,Yes,No,Yes,170,26,555,50,Enable UPI
CUST102041,25,277678,1339998,Yes,Yes,No,No,32,17,661,50,Start SIP
CUST102042,28,204826,489405,No,No,Yes,Yes,160,23,654,50,Enable UPI
CUST102043,39,61233,20141,Yes,Yes,No,No,199,4,756,50,Start SIP
CUST102044,68,212780,335057,Yes,Yes,No,Yes,150,17,589,75,Start SIP
CUST102045,41,239522,825047,Yes,No,Yes,No,77,15,817,50,Activate Mobile Banking
CUST102046,58,121311,1699922,Yes,Yes,Yes,No,21,16,869,75,Buy Insurance
CUST102047,34,49409,723111,No,Yes,Yes,Yes,150,1,595,75,Enable UPI
CUST102048,29,261231,1690548,Yes,Yes,No,No,34,16,790,50,Start SIP
CUST102049,63,44709,294596,Yes,Yes,No,No,138,9,819,50,Start SIP
CUST102050,49,124321,1469517,Yes,No,No,No,65,25,704,25,Activate Mobile Banking
CUST102051,32,15363,579679,Yes,Yes,Yes,Yes,65,2,665,100,Advanced Wealth Products
CUST102052,33,287502,1698152,No,No,No,Yes,88,13,586,25,Enable UPI
CUST102053,39,60689,1783996,Yes,No,No,No,67,18,754,25,Activate Mobile Banking
CUST102054,45,279080,1167111,No,Yes,Yes,Yes,43,11,798,75,Enable UPI
CUST102055,37,106074,147770,Yes,Yes,Yes,No,115,25,659,75,Buy Insurance
CUST102056,50,190037,244947,Yes,Yes,Yes,Yes,169,0,867,100,Advanced Wealth Products
CUST102057,27,223606,615999,No,Yes,No,Yes,141,6,872,50,Enable UPI
CUST102058,57,15882,869282,Yes,Yes,No,No,118,25,629,50,Start SIP
CUST102059,49,269822,1949741,Yes,Yes,No,No,4,6,625,50,Start SIP
CUST102060,67,140865,1318085,Yes,Yes,Yes,No,23,12,819,75,Buy Insurance
CUST102061,50,138745,757913,Yes,No,No,No,70,8,647,25,Activate Mobile Banking
CUST102062,19,43885,889094,No,Yes,No,No,162,4,625,25,Enable UPI
CUST102063,50,186128,572660,Yes,Yes,No,No,41,3,831,50,Start SIP
CUST102064,50,206313,1621998,No,No,Yes,No,146,4,630,25,Enable UPI
CUST102065,58,36584,829255,Yes,Yes,No,No,120,23,858,50,Start SIP
CUST102066,30,285665,600446,Yes,Yes,No,No,90,23,612,50,Start SIP
CUST102067,47,196089,1936084,Yes,Yes,Yes,Yes,161,27,816,100,Advanced Wealth Products
CUST102068,50,44063,1037564,Yes,Yes,Yes,No,153,19,582,75,Buy Insurance
CUST102069,30,85268,1815023,No,Yes,No,Yes,52,11,846,50,Enable UPI
CUST102070,69,271306,1186597,Yes,Yes,No,Yes,145,7,589,75,Start SIP
CUST102071,43,141218,578684,Yes,Yes,No,Yes,51,12,723,75,Start SIP
CUST102072,39,239126,1424056,No,No,Yes,Yes,131,3,809,50,Enable UPI
CUST102073,56,185635,1085488,No,Yes,No,Yes,55,19,773,50,Enable UPI
CUST102074,19,185824,1110523,Yes,Yes,No,No,184,10,772,50,Start SIP
CUST102075,55,241305,518676,No,Yes,No,No,119,14,816,25,Enable UPI
CUST102076,56,91411,495913,Yes,Yes,No,Yes,113,23,704,75,Start SIP
CUST102077,43,124876,1097963,Yes,Yes,No,No,35,13,813,50,Start SIP
CUST102078,63,213153,986469,Yes,No,Yes,No,68,17,698,50,Activate Mobile Banking
CUST102079,67,175212,283652,Yes,Yes,No,No,187,19,774,50,Start SIP
CUST102080,32,155399,1361312,Yes,Yes,No,Yes,92,0,676,75,Start SIP
CUST102081,51,38331,638537,Yes,Yes,No,No,59,0,554,50,Start SIP
CUST102082,59,38004,6919,Yes,Yes,No,Yes,13,10,837,75,Start SIP
CUST102083,61,253441,834027,No,Yes,No,Yes,62,28,894,50,Enable UPI
CUST102084,66,204167,145689,No,Yes,No,Yes,94,28,607,50,Enable UPI
CUST102085,57,104044,1522060,No,Yes,Yes,No,175,28,621,50,Enable UPI
CUST102086,28,286189,38298,Yes,Yes,No,No,3,23,704,50,Start SIP
CUST102087,20,297260,1290801,Yes,Yes,Yes,Yes,21,19,831,100,Advanced Wealth Products
CUST102088,23,33667,1978009,Yes,Yes,No,Yes,104,29,717,75,Start SIP
CUST102089,26,89205,238725,Yes,Yes,No,No,65,5,578,50,Start SIP
CUST102090,23,42302,281600,Yes,No,Yes,No,146,4,631,50,Activate Mobile Banking
CUST102091,26,177007,1163175,Yes,Yes,No,Yes,13,12,812,75,Start SIP
CUST102092,56,87534,1926684,Yes,Yes,No,No,199,9,655,50,Start SIP
CUST102093,48,240414,1137297,Yes,Yes,No,No,77,5,826,50,Start SIP
CUST102094,49,177696,829356,Yes,Yes,No,Yes,109,3,559,75,Start SIP
CUST102095,58,28440,815672,Yes,Yes,No,No,96,3,611,50,Start SIP
CUST102096,67,285012,354525,Yes,Yes,No,Yes,93,6,773,75,Start SIP
CUST102097,29,176323,276372,Yes,Yes,Yes,No,45,15,685,75,Buy Insurance
CUST102098,25,99523,813118,Yes,Yes,Yes,Yes,62,0,773,100,Advanced Wealth Products
CUST102099,25,184801,541208,Yes,No,No,Yes,30,8,663,50,Activate Mobile Banking
CUST102100,67,30734,1585296,Yes,Yes,No,No,14,25,809,50,Start SIP
CUST102101,45,188501,1510367,Yes,Yes,Yes,No,181,18,706,75,Buy Insurance
CUST102102,37,187409,1688371,No,Yes,No,Yes,10,19,778,50,Enable UPI
CUST102103,64,285577,1446229,No,No,No,Yes,159,14,649,25,Enable UPI
CUST102104,24,155183,1387445,Yes,Yes,No,Yes,6,8,804,75,Start SIP
CUST102105,28,118986,1802511,Yes,Yes,Yes,No,119,20,728,75,Buy Insurance
CUST102106,37,128783,1742846,Yes,No,No,No,19,27,824,25,Activate Mobile Banking
CUST102107,33,226655,651052,Yes,Yes,No,No,12,19,778,50,Start SIP
CUST102108,21,298895,166298,Yes,Yes,No,No,117,27,580,50,Start SIP
CUST102109,23,162525,209222,Yes,Yes,No,No,192,21,657,50,Start SIP
CUST102110,39,231916,326243,Yes,No,No,No,103,0,831,25,Activate Mobile Banking
CUST102111,43,176149,1166133,No,No,No,No,114,25,658,0,Enable UPI
CUST102112,20,254654,1926768,No,No,No,No,82,0,578,0,Enable UPI
CUST102113,58,204216,547301,Yes,Yes,Yes,No,183,15,566,75,Buy Insurance
CUST102114,59,192169,1599310,Yes,No,No,Yes,195,4,719,50,Activate Mobile Banking
CUST102115,31,148851,896641,Yes,Yes,No,Yes,9,20,724,75,Start SIP
CUST102116,28,146827,501409,Yes,Yes,No,Yes,134,26,623,75,Start SIP
CUST102117,35,66482,730735,No,Yes,No,No,129,8,789,25,Enable UPI
CUST102118,29,137989,985013,Yes,Yes,No,Yes,170,0,645,75,Start SIP
CUST102119,40,291393,1680125,Yes,Yes,No,Yes,93,18,551,75,Start SIP
CUST102120,29,259255,1935747,No,Yes,No,No,183,15,751,25,Enable UPI
CUST102121,30,125361,267701,No,No,Yes,No,177,2,586,25,Enable UPI
CUST102122,42,296366,1746325,No,Yes,No,No,99,3,640,25,Enable UPI
CUST102123,62,56139,708060,Yes,Yes,Yes,Yes,99,11,782,100,Advanced Wealth Products
CUST102124,68,129919,135878,Yes,No,Yes,No,30,28,696,50,Activate Mobile Banking
CUST102125,36,262677,628431,Yes,Yes,No,Yes,35,6,846,75,Start SIP
CUST102126,63,240756,553866,Yes,Yes,No,Yes,63,14,802,75,Start SIP
CUST102127,53,154718,1652643,No,Yes,No,Yes,150,22,761,50,Enable UPI
CUST102128,62,159615,669956,Yes,Yes,No,No,171,14,613,50,Start SIP
CUST102129,25,240568,1897508,No,Yes,No,Yes,28,25,554,50,Enable UPI
CUST102130,46,168857,601822,Yes,Yes,Yes,No,146,4,695,75,Buy Insurance
CUST102131,49,38777,801561,No,No,Yes,No,32,29,621,25,Enable UPI
CUST102132,68,72939,461610,Yes,Yes,No,Yes,69,24,654,75,Start SIP
CUST102133,61,38548,202118,No,Yes,No,Yes,182,22,879,50,Enable UPI
CUST102134,35,140549,803028,Yes,Yes,No,Yes,162,1,585,75,Start SIP
CUST102135,23,152799,594643,Yes,Yes,No,No,159,11,696,50,Start SIP
CUST102136,35,256532,542262,No,Yes,No,Yes,110,18,805,50,Enable UPI
CUST102137,36,196789,1251321,Yes,No,No,Yes,97,26,777,50,Activate Mobile Banking
CUST102138,39,162764,1952012,Yes,Yes,Yes,Yes,132,22,898,100,Advanced Wealth Products
CUST102139,54,46625,1304942,No,Yes,No,No,142,4,828,25,Enable UPI
CUST102140,49,129881,1442514,Yes,No,Yes,Yes,15,22,662,75,Activate Mobile Banking
CUST102141,58,292721,491649,Yes,Yes,No,Yes,188,24,560,75,Start SIP
CUST102142,20,126776,861634,Yes,Yes,No,Yes,20,24,743,75,Start SIP
CUST102143,45,248996,79442,No,Yes,Yes,No,20,2,773,50,Enable UPI
CUST102144,27,272831,682178,Yes,Yes,Yes,Yes,177,23,799,100,Advanced Wealth Products
CUST102145,68,227803,1633462,Yes,No,No,No,99,28,798,25,Activate Mobile Banking
CUST102146,52,173761,138726,Yes,Yes,No,Yes,68,5,900,75,Start SIP
CUST102147,46,157226,563046,Yes,Yes,Yes,No,18,12,818,75,Buy Insurance
CUST102148,32,36341,1864212,Yes,Yes,No,No,152,19,891,50,Start SIP
CUST102149,50,220753,132309,Yes,No,No,No,155,14,840,25,Activate Mobile Banking
CUST102150,24,264141,695288,Yes,No,No,Yes,33,3,632,50,Activate Mobile Banking
CUST102151,29,214488,518644,Yes,Yes,No,Yes,125,19,578,75,Start SIP
CUST102152,66,271139,189681,Yes,Yes,Yes,Yes,64,6,888,100,Advanced Wealth Products
CUST102153,47,93840,1608416,Yes,Yes,No,No,153,21,629,50,Start SIP
CUST102154,38,180767,408552,Yes,Yes,No,No,69,17,644,50,Start SIP
CUST102155,48,176297,1362757,Yes,No,No,Yes,146,20,808,50,Activate Mobile Banking
CUST102156,41,64156,152278,Yes,No,No,No,45,20,671,25,Activate Mobile Banking
CUST102157,37,223281,1612695,Yes,No,No,Yes,110,21,673,50,Activate Mobile Banking
CUST102158,54,102453,1097139,Yes,Yes,Yes,No,20,6,572,75,Buy Insurance
CUST102159,21,173901,1071937,Yes,No,No,Yes,35,11,765,50,Activate Mobile Banking
CUST102160,45,40938,1881343,Yes,No,No,Yes,134,10,838,50,Activate Mobile Banking
CUST102161,61,74164,1128045,Yes,Yes,Yes,No,91,23,641,75,Buy Insurance
CUST102162,37,214271,1574157,Yes,Yes,No,No,9,11,573,50,Start SIP
CUST102163,41,75282,1564147,Yes,Yes,Yes,No,180,25,656,75,Buy Insurance
CUST102164,67,280470,555104,No,Yes,No,No,156,29,855,25,Enable UPI
CUST102165,66,173666,1835286,Yes,No,No,No,19,14,601,25,Activate Mobile Banking
CUST102166,68,130819,1724555,Yes,Yes,No,Yes,103,7,748,75,Start SIP
CUST102167,49,281907,239295,Yes,Yes,No,Yes,85,10,843,75,Start SIP
CUST102168,58,156900,621767,Yes,Yes,No,Yes,63,20,849,75,Start SIP
CUST102169,53,288365,31819,Yes,Yes,No,No,95,17,894,50,Start SIP
CUST102170,51,28569,1982821,Yes,No,No,No,135,9,605,25,Activate Mobile Banking
CUST102171,53,242966,1045801,No,Yes,No,No,37,7,743,25,Enable UPI
CUST102172,19,52860,1438050,Yes,Yes,No,No,89,5,594,50,Start SIP
CUST102173,32,217630,13798,Yes,Yes,No,Yes,92,2,892,75,Start SIP
CUST102174,51,159587,685503,Yes,Yes,No,No,36,19,788,50,Start SIP
CUST102175,53,86695,841127,Yes,Yes,No,Yes,17,11,781,75,Start SIP
CUST102176,23,268078,1479539,Yes,No,No,No,90,16,869,25,Activate Mobile Banking
CUST102177,56,257599,1821806,Yes,Yes,No,Yes,92,2,788,75,Start SIP
CUST102178,59,170976,1808123,Yes,Yes,Yes,No,165,19,685,75,Buy Insurance
CUST102179,68,206007,1707408,Yes,Yes,No,No,188,17,834,50,Start SIP
CUST102180,68,20636,1730118,No,Yes,No,Yes,49,29,562,50,Enable UPI
CUST102181,29,276578,1307376,Yes,No,No,No,81,11,578,25,Activate Mobile Banking
CUST102182,20,298816,538703,No,Yes,No,Yes,184,21,727,50,Enable UPI
CUST102183,62,282956,1982165,Yes,Yes,No,Yes,34,23,842,75,Start SIP
CUST102184,35,242693,1461800,Yes,Yes,No,No,158,15,806,50,Start SIP
CUST102185,57,15654,1665502,No,Yes,No,No,155,27,657,25,Enable UPI
CUST102186,38,69633,1596316,Yes,Yes,No,Yes,179,21,618,75,Start SIP
CUST102187,32,32143,1510867,No,Yes,No,Yes,137,9,725,50,Enable UPI
CUST102188,50,70934,1454912,Yes,Yes,Yes,No,20,18,732,75,Buy Insurance
CUST102189,52,118463,1773321,Yes,No,Yes,No,175,8,791,50,Activate Mobile Banking
CUST102190,43,140851,639493,Yes,Yes,Yes,Yes,147,13,743,100,Advanced Wealth Products
CUST102191,25,44087,1071746,Yes,Yes,No,No,68,19,868,50,Start SIP
CUST102192,53,157690,21259,No,No,Yes,No,77,13,571,25,Enable UPI
CUST102193,65,285590,289243,No,No,No,Yes,102,21,899,25,Enable UPI
CUST102194,47,173272,1194297,Yes,Yes,No,Yes,140,3,560,75,Start SIP
CUST102195,40,241179,1182970,Yes,Yes,No,No,125,14,834,50,Start SIP
CUST102196,59,207537,1018295,Yes,Yes,Yes,No,73,19,808,75,Buy Insurance
CUST102197,61,232508,1374978,Yes,Yes,Yes,Yes,79,26,722,100,Advanced Wealth Products
CUST102198,31,133422,1225685,Yes,Yes,Yes,No,113,1,754,75,Buy Insurance
CUST102199,31,234631,1327525,Yes,Yes,No,Yes,133,25,797,75,Start SIP
CUST102200,19,54148,1562788,Yes,Yes,No,No,197,17,808,50,Start SIP
CUST102201,54,166770,1308175,Yes,Yes,No,Yes,25,1,879,75,Start SIP
CUST102202,22,202535,1096723,No,Yes,No,No,101,17,819,25,Enable UPI
CUST102203,55,93012,79280,No,Yes,No,No,31,7,630,25,Enable UPI
CUST102204,62,71116,1230701,No,Yes,Yes,Yes,174,9,870,75,Enable UPI
CUST102205,58,159233,373921,No,Yes,No,No,34,19,737,25,Enable UPI
CUST102206,64,47152,1675705,Yes,Yes,No,Yes,169,3,887,75,Start SIP
CUST102207,31,121379,1538185,Yes,Yes,No,No,68,9,780,50,Start SIP
CUST102208,56,241905,1702590,Yes,Yes,Yes,No,122,9,577,75,Buy Insurance
CUST102209,42,35836,395503,No,Yes,No,No,166,26,899,25,Enable UPI
CUST102210,37,236439,81215,No,Yes,Yes,No,46,29,872,50,Enable UPI
CUST102211,19,201720,1690773,Yes,Yes,No,No,69,2,552,50,Start SIP
CUST102212,56,172403,1411085,No,Yes,No,No,27,20,786,25,Enable UPI
CUST102213,23,156835,1326705,Yes,Yes,No,Yes,171,3,730,75,Start SIP
CUST102214,34,108109,1328111,Yes,Yes,No,Yes,199,22,553,75,Start SIP
CUST102215,42,165259,534149,Yes,Yes,Yes,No,45,9,897,75,Buy Insurance
CUST102216,45,158029,266968,Yes,Yes,No,No,18,6,621,50,Start SIP
CUST102217,19,97018,1760864,Yes,Yes,Yes,No,32,21,731,75,Buy Insurance
CUST102218,52,138076,301508,Yes,Yes,No,Yes,2,22,653,75,Start SIP
CUST102219,54,173177,349543,Yes,Yes,No,No,169,11,821,50,Start SIP
CUST102220,22,194425,1543827,Yes,No,No,No,20,6,836,25,Activate Mobile Banking
CUST102221,18,230657,1826936,Yes,Yes,No,Yes,186,12,636,75,Start SIP
CUST102222,57,17637,519060,Yes,Yes,No,Yes,38,7,622,75,Start SIP
CUST102223,29,252989,229402,Yes,Yes,No,Yes,1,26,640,75,Start SIP
CUST102224,53,247259,572211,Yes,Yes,Yes,Yes,197,12,722,100,Advanced Wealth Products
CUST102225,62,97464,930423,Yes,Yes,No,No,182,0,859,50,Start SIP
CUST102226,40,26831,1240544,No,Yes,No,No,142,15,736,25,Enable UPI
CUST102227,64,128768,506854,Yes,Yes,No,Yes,153,18,785,75,Start SIP
CUST102228,48,261983,1401538,Yes,Yes,No,No,137,27,711,50,Start SIP
CUST102229,28,119824,695200,No,Yes,No,No,189,18,622,25,Enable UPI
CUST102230,27,103741,1751191,No,Yes,No,Yes,180,20,774,50,Enable UPI
CUST102231,20,33830,1386880,No,Yes,Yes,No,136,25,779,50,Enable UPI
CUST102232,31,84202,1181741,Yes,Yes,No,No,16,29,803,50,Start SIP
CUST102233,33,232394,1283890,Yes,Yes,No,No,114,12,711,50,Start SIP
CUST102234,27,217123,406392,Yes,Yes,No,No,8,28,799,50,Start SIP
CUST102235,46,172699,300673,Yes,Yes,Yes,No,23,6,748,75,Buy Insurance
CUST102236,27,292342,1503198,No,Yes,No,Yes,73,14,789,50,Enable UPI
CUST102237,29,121471,673301,Yes,Yes,Yes,Yes,34,25,786,100,Advanced Wealth Products
CUST102238,47,251824,530957,Yes,Yes,No,Yes,18,5,625,75,Start SIP
CUST102239,58,34403,1027936,Yes,Yes,Yes,Yes,109,3,891,100,Advanced Wealth Products
CUST102240,18,18681,1794718,Yes,No,No,Yes,44,21,844,50,Activate Mobile Banking
CUST102241,22,130260,1957381,Yes,Yes,Yes,Yes,143,22,594,100,Advanced Wealth Products
CUST102242,37,188364,312003,Yes,Yes,No,No,15,19,892,50,Start SIP
CUST102243,25,120386,1633650,No,Yes,No,No,93,10,728,25,Enable UPI
CUST102244,60,248378,711443,No,No,Yes,Yes,127,23,771,50,Enable UPI
CUST102245,29,108246,1598187,Yes,No,Yes,Yes,121,20,566,75,Activate Mobile Banking
CUST102246,18,110864,235502,Yes,Yes,Yes,No,23,18,768,75,Buy Insurance
CUST102247,37,223886,1835113,Yes,Yes,No,Yes,193,1,633,75,Start SIP
CUST102248,45,285561,1583885,Yes,Yes,No,Yes,71,16,740,75,Start SIP
CUST102249,60,180837,525766,No,Yes,Yes,No,109,14,681,50,Enable UPI
CUST102250,54,260160,306951,Yes,Yes,No,Yes,32,19,836,75,Start SIP
CUST102251,64,202646,395449,Yes,No,Yes,Yes,114,17,643,75,Activate Mobile Banking
CUST102252,54,274278,317499,Yes,Yes,No,Yes,160,11,644,75,Start SIP
CUST102253,29,271681,500655,Yes,Yes,No,Yes,33,2,733,75,Start SIP
CUST102254,54,186635,1691279,Yes,Yes,No,No,171,16,681,50,Start SIP
CUST102255,66,26332,275855,Yes,Yes,No,Yes,13,13,631,75,Start SIP
CUST102256,66,269817,461295,Yes,Yes,No,No,116,28,889,50,Start SIP
CUST102257,61,296321,1061480,Yes,Yes,No,No,137,5,845,50,Start SIP
CUST102258,45,235326,1641897,Yes,Yes,No,Yes,190,3,661,75,Start SIP
CUST102259,64,214519,1809523,No,Yes,Yes,Yes,185,20,852,75,Enable UPI
CUST102260,32,276849,1926486,Yes,Yes,Yes,No,176,7,855,75,Buy Insurance
CUST102261,23,95730,125035,Yes,No,Yes,No,171,26,600,50,Activate Mobile Banking
CUST102262,61,252474,1798723,Yes,Yes,No,Yes,67,19,843,75,Start SIP
CUST102263,37,298817,1239744,Yes,Yes,No,Yes,32,21,738,75,Start SIP
CUST102264,67,55870,1275242,No,Yes,Yes,No,73,2,757,50,Enable UPI
CUST102265,31,268017,1809717,No,Yes,Yes,Yes,105,7,698,75,Enable UPI
CUST102266,19,142536,270237,Yes,No,No,Yes,188,12,814,50,Activate Mobile Banking
CUST102267,26,299965,292062,Yes,No,Yes,Yes,129,18,830,75,Activate Mobile Banking
CUST102268,54,40494,995247,Yes,Yes,No,Yes,185,14,662,75,Start SIP
CUST102269,37,114477,198708,Yes,Yes,Yes,Yes,113,22,585,100,Advanced Wealth Products
CUST102270,43,220232,719166,Yes,Yes,No,No,106,6,660,50,Start SIP
CUST102271,46,295790,1194042,No,No,No,No,69,2,720,0,Enable UPI
CUST102272,18,138777,1178077,Yes,Yes,Yes,No,69,18,627,75,Buy Insurance
CUST102273,52,92360,789516,Yes,Yes,No,Yes,196,25,886,75,Start SIP
CUST102274,23,148501,621798,Yes,Yes,No,Yes,61,9,577,75,Start SIP
CUST102275,54,75654,1147284,Yes,No,No,No,8,27,594,25,Activate Mobile Banking
CUST102276,22,134975,627107,Yes,Yes,No,Yes,7,26,853,75,Start SIP
CUST102277,50,214215,1035649,Yes,Yes,Yes,Yes,165,15,691,100,Advanced Wealth Products
CUST102278,66,117326,1289179,Yes,Yes,Yes,Yes,170,13,564,100,Advanced Wealth Products
CUST102279,68,92527,935784,Yes,No,Yes,Yes,160,7,677,75,Activate Mobile Banking
CUST102280,31,181991,565591,Yes,Yes,Yes,No,145,10,716,75,Buy Insurance
CUST102281,29,111952,556741,No,No,No,No,156,18,702,0,Enable UPI
CUST102282,59,161895,1568484,Yes,Yes,No,Yes,70,1,612,75,Start SIP
CUST102283,37,61015,900318,Yes,Yes,No,No,176,4,608,50,Start SIP
CUST102284,67,117877,1900703,Yes,No,No,Yes,54,10,752,50,Activate Mobile Banking
CUST102285,41,292483,728809,Yes,No,No,Yes,170,6,706,50,Activate Mobile Banking
CUST102286,60,149563,1577102,Yes,Yes,No,Yes,36,7,552,75,Start SIP
CUST102287,51,112493,161837,Yes,Yes,Yes,No,66,16,588,75,Buy Insurance
CUST102288,42,161800,1449132,No,Yes,No,Yes,159,11,827,50,Enable UPI
CUST102289,67,206480,524676,No,Yes,No,Yes,193,17,650,50,Enable UPI
CUST102290,46,136648,1800651,Yes,Yes,Yes,Yes,3,28,718,100,Advanced Wealth Products
CUST102291,56,163790,1015913,Yes,Yes,Yes,Yes,13,6,569,100,Advanced Wealth Products
CUST102292,48,102508,1615921,Yes,Yes,No,No,159,8,690,50,Start SIP
CUST102293,64,229839,1971677,Yes,Yes,No,No,29,18,896,50,Start SIP
CUST102294,60,289270,1766924,Yes,Yes,Yes,No,57,13,824,75,Buy Insurance
CUST102295,67,79926,1672519,Yes,Yes,No,No,161,23,871,50,Start SIP
CUST102296,40,55633,1330745,Yes,Yes,No,No,181,29,742,50,Start SIP
CUST102297,61,223726,274289,No,Yes,No,Yes,10,25,701,50,Enable UPI
CUST102298,55,18317,630494,Yes,Yes,No,Yes,63,18,785,75,Start SIP
CUST102299,37,207718,1240445,No,Yes,Yes,Yes,73,19,843,75,Enable UPI
CUST102300,40,202035,1881731,Yes,Yes,No,Yes,193,17,757,75,Start SIP
CUST102301,62,195388,602518,Yes,Yes,No,Yes,108,24,586,75,Start SIP
CUST102302,69,292648,1975910,Yes,Yes,No,Yes,101,29,627,75,Start SIP
CUST102303,33,214665,684290,Yes,Yes,Yes,Yes,96,14,721,100,Advanced Wealth Products
CUST102304,67,227369,1470544,Yes,Yes,No,No,97,20,594,50,Start SIP
CUST102305,59,70501,1161714,Yes,Yes,Yes,No,2,20,886,75,Buy Insurance
CUST102306,25,199381,1784961,Yes,Yes,No,Yes,110,3,633,75,Start SIP
CUST102307,67,42043,741664,No,No,No,Yes,130,12,642,25,Enable UPI
CUST102308,38,48635,1115616,Yes,Yes,No,No,123,4,703,50,Start SIP
CUST102309,18,225387,1686532,Yes,No,Yes,Yes,197,11,655,75,Activate Mobile Banking
CUST102310,25,95691,1776632,Yes,Yes,Yes,Yes,116,29,758,100,Advanced Wealth Products
CUST102311,46,292510,509788,Yes,Yes,No,Yes,37,16,753,75,Start SIP
CUST102312,49,108944,1511440,Yes,Yes,No,No,130,9,797,50,Start SIP
CUST102313,55,218179,1895038,Yes,Yes,No,No,61,29,897,50,Start SIP
CUST102314,22,54236,1110391,Yes,No,No,No,40,25,775,25,Activate Mobile Banking
CUST102315,64,281294,221741,No,Yes,No,Yes,191,11,885,50,Enable UPI
CUST102316,39,296567,1166365,Yes,Yes,No,Yes,25,5,597,75,Start SIP
CUST102317,64,19137,1482482,Yes,Yes,No,Yes,123,26,795,75,Start SIP
CUST102318,51,44992,748766,Yes,Yes,Yes,No,166,19,580,75,Buy Insurance
CUST102319,18,130140,1012536,No,Yes,No,No,37,27,732,25,Enable UPI
CUST102320,43,190993,849355,No,Yes,No,Yes,27,19,806,50,Enable UPI
CUST102321,60,136225,1221220,Yes,No,No,No,84,11,675,25,Activate Mobile Banking
CUST102322,27,225047,1238678,Yes,Yes,Yes,Yes,178,12,768,100,Advanced Wealth Products
CUST102323,47,34122,335048,Yes,Yes,No,No,162,20,794,50,Start SIP
CUST102324,67,78879,1822397,No,Yes,No,No,44,29,688,25,Enable UPI
CUST102325,35,73560,242469,Yes,Yes,No,Yes,72,16,776,75,Start SIP
CUST102326,34,214757,762596,Yes,Yes,No,No,132,19,851,50,Start SIP
CUST102327,43,252268,1738139,No,No,No,No,180,9,806,0,Enable UPI
CUST102328,25,278312,1130664,Yes,Yes,No,Yes,55,18,804,75,Start SIP
CUST102329,64,181969,534896,No,Yes,No,No,73,4,619,25,Enable UPI
CUST102330,57,161104,574955,Yes,No,Yes,No,12,25,615,50,Activate Mobile Banking
CUST102331,66,280660,1633411,Yes,Yes,Yes,Yes,142,4,551,100,Advanced Wealth Products
CUST102332,29,165823,944989,Yes,Yes,Yes,No,163,7,874,75,Buy Insurance
CUST102333,44,45373,1554388,Yes,Yes,No,No,6,29,818,50,Start SIP
CUST102334,25,137026,932366,Yes,No,No,Yes,47,16,888,50,Activate Mobile Banking
CUST102335,42,45270,1968399,Yes,Yes,No,Yes,151,2,852,75,Start SIP
CUST102336,63,247931,1288483,Yes,Yes,Yes,No,115,20,678,75,Buy Insurance
CUST102337,21,210889,867380,Yes,Yes,Yes,Yes,68,15,695,100,Advanced Wealth Products
CUST102338,50,80184,1911888,Yes,Yes,Yes,No,193,26,662,75,Buy Insurance
CUST102339,18,225765,1111136,Yes,Yes,Yes,Yes,59,18,837,100,Advanced Wealth Products
CUST102340,36,52879,906495,Yes,Yes,Yes,Yes,137,5,645,100,Advanced Wealth Products
CUST102341,48,18626,1028695,Yes,Yes,No,Yes,119,9,816,75,Start SIP
CUST102342,33,100936,219601,Yes,No,No,No,186,15,557,25,Activate Mobile Banking
CUST102343,31,249873,885650,Yes,Yes,No,No,48,12,769,50,Start SIP
CUST102344,65,96515,381606,No,Yes,No,Yes,191,2,762,50,Enable UPI
CUST102345,22,223137,688775,No,No,Yes,Yes,9,21,651,50,Enable UPI
CUST102346,58,70390,941827,Yes,Yes,No,No,172,7,715,50,Start SIP
CUST102347,43,238032,1237862,No,No,No,Yes,46,19,811,25,Enable UPI
CUST102348,45,69144,285141,No,Yes,Yes,Yes,143,7,551,75,Enable UPI
CUST102349,19,159454,1174842,No,Yes,Yes,Yes,181,6,751,75,Enable UPI
CUST102350,67,19025,979507,Yes,Yes,Yes,Yes,176,26,878,100,Advanced Wealth Products
CUST102351,23,269043,1057255,Yes,Yes,Yes,Yes,72,10,732,100,Advanced Wealth Products
CUST102352,26,133910,493241,Yes,Yes,No,Yes,128,28,808,75,Start SIP
CUST102353,50,111055,1618172,Yes,Yes,Yes,Yes,170,19,871,100,Advanced Wealth Products
CUST102354,58,220782,1259672,Yes,Yes,No,No,110,2,777,50,Start SIP
CUST102355,42,298539,700202,Yes,Yes,Yes,Yes,145,20,749,100,Advanced Wealth Products
CUST102356,65,287869,987912,Yes,Yes,No,No,35,20,575,50,Start SIP
CUST102357,30,48461,992036,Yes,Yes,Yes,No,159,29,899,75,Buy Insurance
CUST102358,26,273072,452154,Yes,Yes,No,Yes,132,6,651,75,Start SIP
CUST102359,30,56115,534983,Yes,Yes,Yes,No,48,10,685,75,Buy Insurance
CUST102360,48,125084,231812,No,Yes,Yes,Yes,142,16,880,75,Enable UPI
CUST102361,58,174762,587787,Yes,Yes,No,Yes,153,24,894,75,Start SIP
CUST102362,28,278551,28382,Yes,Yes,No,No,46,17,746,50,Start SIP
CUST102363,21,88568,1854243,Yes,Yes,Yes,No,48,24,579,75,Buy Insurance
CUST102364,51,73560,722583,Yes,Yes,No,No,168,8,848,50,Start SIP
CUST102365,55,163866,1711302,Yes,No,No,No,178,12,682,25,Activate Mobile Banking
CUST102366,63,165953,1212115,No,Yes,No,Yes,7,28,805,50,Enable UPI
CUST102367,21,232364,457532,Yes,Yes,No,Yes,95,29,569,75,Start SIP
CUST102368,55,251770,1428188,Yes,No,No,Yes,60,14,857,50,Activate Mobile Banking
CUST102369,36,241024,1060340,No,Yes,Yes,No,35,18,570,50,Enable UPI
CUST102370,23,195775,751256,Yes,Yes,No,No,191,14,590,50,Start SIP
CUST102371,51,106288,1691695,Yes,Yes,Yes,No,148,6,701,75,Buy Insurance
CUST102372,35,264836,66836,Yes,Yes,No,Yes,144,2,857,75,Start SIP
CUST102373,30,29390,1347643,Yes,Yes,No,Yes,150,23,551,75,Start SIP
CUST102374,58,233547,1308609,Yes,Yes,No,No,164,7,593,50,Start SIP
CUST102375,40,42307,1935719,Yes,Yes,No,No,19,12,590,50,Start SIP
CUST102376,36,242436,21292,Yes,Yes,No,Yes,130,15,875,75,Start SIP
CUST102377,62,240121,916345,No,Yes,No,Yes,68,2,812,50,Enable UPI
CUST102378,28,266063,1972694,Yes,Yes,No,Yes,98,20,843,75,Start SIP
CUST102379,18,39502,1336659,No,Yes,No,Yes,7,22,722,50,Enable UPI
CUST102380,41,37486,1297348,Yes,Yes,Yes,No,47,0,558,75,Buy Insurance
CUST102381,24,184330,1072376,Yes,Yes,No,No,177,2,602,50,Start SIP
CUST102382,42,203788,61440,Yes,Yes,No,No,43,15,833,50,Start SIP
CUST102383,38,243300,421462,Yes,No,No,Yes,32,0,677,50,Activate Mobile Banking
CUST102384,32,118920,656809,Yes,Yes,No,Yes,145,17,568,75,Start SIP
CUST102385,18,227566,451021,Yes,Yes,No,Yes,128,13,681,75,Start SIP
CUST102386,29,77785,1052568,No,Yes,No,No,119,29,562,25,Enable UPI
CUST102387,24,91050,1699191,Yes,Yes,No,No,14,6,769,50,Start SIP
CUST102388,32,37738,1627512,Yes,Yes,Yes,Yes,81,22,816,100,Advanced Wealth Products
CUST102389,38,89231,1955200,No,Yes,Yes,Yes,160,2,794,75,Enable UPI
CUST102390,36,88606,455067,Yes,Yes,No,Yes,188,28,807,75,Start SIP
CUST102391,46,242369,360642,Yes,No,No,Yes,188,21,689,50,Activate Mobile Banking
CUST102392,42,292267,821196,Yes,Yes,No,No,52,15,796,50,Start SIP
CUST102393,50,171688,1872478,Yes,No,No,No,194,28,781,25,Activate Mobile Banking
CUST102394,66,288326,1834024,Yes,Yes,No,Yes,4,5,605,75,Start SIP
CUST102395,49,177403,174573,Yes,Yes,No,No,191,17,637,50,Start SIP
CUST102396,66,192170,1110783,Yes,No,No,No,33,28,803,25,Activate Mobile Banking
CUST102397,52,41128,1115733,Yes,Yes,No,Yes,106,24,601,75,Start SIP
CUST102398,61,46556,1187864,Yes,No,No,Yes,129,12,796,50,Activate Mobile Banking
CUST102399,55,273470,1731008,No,Yes,No,No,97,23,801,25,Enable UPI
CUST102400,43,167948,1147354,No,Yes,No,No,64,1,674,25,Enable UPI
CUST102401,28,155021,135016,Yes,Yes,No,Yes,128,11,750,75,Start SIP
CUST102402,52,66962,1702152,Yes,Yes,Yes,No,37,3,681,75,Buy Insurance
CUST102403,25,105054,173204,No,Yes,Yes,Yes,126,8,726,75,Enable UPI
CUST102404,63,217278,1164149,Yes,Yes,Yes,No,70,19,601,75,Buy Insurance
CUST102405,31,39099,125730,Yes,Yes,Yes,No,135,22,583,75,Buy Insurance
CUST102406,27,250943,1988941,Yes,Yes,Yes,No,104,4,571,75,Buy Insurance
CUST102407,19,198683,1117762,No,Yes,Yes,No,152,9,690,50,Enable UPI
CUST102408,63,184957,510349,Yes,Yes,No,Yes,114,5,868,75,Start SIP
CUST102409,26,211292,1844968,No,Yes,No,No,196,0,820,25,Enable UPI
CUST102410,20,22837,23781,Yes,Yes,No,No,55,19,717,50,Start SIP
CUST102411,38,195427,1291253,Yes,Yes,No,No,121,4,587,50,Start SIP
CUST102412,43,193371,262506,Yes,No,No,No,123,5,795,25,Activate Mobile Banking
CUST102413,25,263003,1084702,Yes,Yes,No,No,3,21,784,50,Start SIP
CUST102414,65,117413,1291793,No,Yes,No,Yes,92,20,604,50,Enable UPI
CUST102415,19,66012,420794,No,Yes,Yes,Yes,151,18,669,75,Enable UPI
CUST102416,23,145193,1569050,Yes,No,No,No,164,10,615,25,Activate Mobile Banking
CUST102417,45,233168,1946042,No,Yes,No,No,185,14,871,25,Enable UPI
CUST102418,46,163178,285027,No,Yes,No,No,119,1,877,25,Enable UPI
CUST102419,43,73123,559070,Yes,Yes,Yes,No,176,14,715,75,Buy Insurance
CUST102420,42,126825,1372107,Yes,Yes,No,No,141,6,759,50,Start SIP
CUST102421,29,23720,1725915,Yes,Yes,Yes,No,61,16,624,75,Buy Insurance
CUST102422,22,183733,825178,Yes,No,Yes,Yes,152,11,683,75,Activate Mobile Banking
CUST102423,51,261103,266161,Yes,No,No,No,171,11,814,25,Activate Mobile Banking
CUST102424,65,239970,71266,Yes,Yes,No,Yes,101,4,723,75,Start SIP
CUST102425,54,239866,529344,Yes,Yes,No,Yes,116,19,792,75,Start SIP
CUST102426,32,165862,1347177,No,No,No,Yes,33,6,638,25,Enable UPI
CUST102427,61,73655,1449035,No,Yes,No,Yes,78,1,799,50,Enable UPI
CUST102428,53,205715,1501823,Yes,Yes,No,Yes,24,26,580,75,Start SIP
CUST102429,32,108448,1186349,Yes,Yes,Yes,Yes,150,12,826,100,Advanced Wealth Products
CUST102430,60,193446,1765317,Yes,Yes,Yes,Yes,52,23,587,100,Advanced Wealth Products
CUST102431,65,188979,1759374,Yes,Yes,No,Yes,101,8,857,75,Start SIP
CUST102432,40,196143,340983,Yes,No,No,No,116,28,687,25,Activate Mobile Banking
CUST102433,23,135507,1134212,Yes,Yes,Yes,No,123,14,625,75,Buy Insurance
CUST102434,63,75186,374841,Yes,Yes,Yes,No,6,27,888,75,Buy Insurance
CUST102435,67,137066,1120059,Yes,Yes,No,No,147,25,802,50,Start SIP
CUST102436,61,196323,1074081,Yes,Yes,No,Yes,76,14,628,75,Start SIP
CUST102437,60,211243,404769,Yes,Yes,No,No,90,0,587,50,Start SIP
CUST102438,62,51160,562813,No,Yes,No,Yes,157,20,867,50,Enable UPI
CUST102439,38,34156,1265050,No,Yes,Yes,Yes,123,19,877,75,Enable UPI
CUST102440,40,91208,1149584,Yes,No,No,No,64,20,712,25,Activate Mobile Banking
CUST102441,60,164001,1097924,Yes,Yes,No,No,142,24,677,50,Start SIP
CUST102442,33,246226,731547,Yes,No,Yes,No,81,27,707,50,Activate Mobile Banking
CUST102443,64,256766,274417,Yes,Yes,No,No,158,2,878,50,Start SIP
CUST102444,32,210413,1379956,Yes,Yes,No,Yes,71,29,868,75,Start SIP
CUST102445,42,227909,735929,Yes,Yes,No,No,149,0,632,50,Start SIP
CUST102446,53,80439,139607,No,Yes,Yes,No,65,26,766,50,Enable UPI
CUST102447,28,153266,1989757,Yes,Yes,No,No,113,18,751,50,Start SIP
CUST102448,68,217459,1791960,No,Yes,No,No,102,19,827,25,Enable UPI
CUST102449,32,136361,1160733,Yes,Yes,No,Yes,4,12,701,75,Start SIP
CUST102450,21,227986,1578772,Yes,Yes,Yes,Yes,174,14,575,100,Advanced Wealth Products
CUST102451,38,212286,1305875,Yes,Yes,No,Yes,136,12,892,75,Start SIP
CUST102452,30,44777,1254801,Yes,Yes,No,Yes,146,17,803,75,Start SIP
CUST102453,39,271427,1161928,Yes,Yes,No,Yes,60,16,800,75,Start SIP
CUST102454,36,172255,1149543,Yes,Yes,No,No,45,0,716,50,Start SIP
CUST102455,51,213110,356133,Yes,Yes,No,No,72,14,689,50,Start SIP
CUST102456,31,196649,1612943,Yes,Yes,Yes,No,95,23,778,75,Buy Insurance
CUST102457,21,293011,217628,Yes,Yes,No,No,31,3,622,50,Start SIP
CUST102458,65,77501,116889,No,Yes,Yes,Yes,156,27,848,75,Enable UPI
CUST102459,69,160338,267063,Yes,Yes,Yes,Yes,120,1,785,100,Advanced Wealth Products
CUST102460,63,181280,316467,Yes,Yes,No,No,64,25,744,50,Start SIP
CUST102461,44,136544,967824,Yes,Yes,Yes,Yes,165,18,637,100,Advanced Wealth Products
CUST102462,46,153439,1014602,No,No,No,No,67,7,646,0,Enable UPI
CUST102463,64,270230,357053,Yes,Yes,No,No,109,21,715,50,Start SIP
CUST102464,45,50362,1099681,Yes,No,No,Yes,68,15,845,50,Activate Mobile Banking
CUST102465,52,265449,1476956,Yes,Yes,No,No,35,7,752,50,Start SIP
CUST102466,25,184357,137957,Yes,No,No,Yes,98,9,736,50,Activate Mobile Banking
CUST102467,33,141683,980323,Yes,Yes,Yes,No,36,15,824,75,Buy Insurance
CUST102468,59,271157,6049,No,Yes,No,Yes,185,4,569,50,Enable UPI
CUST102469,53,220827,582569,No,Yes,Yes,Yes,198,18,622,75,Enable UPI
CUST102470,47,217918,1358991,Yes,Yes,No,No,132,5,887,50,Start SIP
CUST102471,35,230757,1120273,Yes,No,No,No,49,9,859,25,Activate Mobile Banking
CUST102472,19,122669,464567,Yes,Yes,No,No,167,23,631,50,Start SIP
CUST102473,66,223030,1090110,Yes,No,Yes,No,18,29,845,50,Activate Mobile Banking
CUST102474,30,173998,1146610,No,Yes,Yes,No,60,4,576,50,Enable UPI
CUST102475,21,118215,1111673,Yes,Yes,No,No,86,20,690,50,Start SIP
CUST102476,43,113707,1762749,Yes,Yes,No,No,138,18,596,50,Start SIP
CUST102477,42,107837,292181,Yes,No,No,No,113,18,661,25,Activate Mobile Banking
CUST102478,47,260847,434223,No,Yes,No,No,23,12,784,25,Enable UPI
CUST102479,28,242544,1526270,Yes,Yes,Yes,No,68,27,700,75,Buy Insurance
CUST102480,24,282614,556566,Yes,Yes,Yes,No,59,14,864,75,Buy Insurance
CUST102481,48,242467,1717208,Yes,Yes,No,Yes,90,7,882,75,Start SIP
CUST102482,61,161025,1564284,Yes,No,No,Yes,7,10,675,50,Activate Mobile Banking
CUST102483,27,250652,1051417,No,Yes,Yes,No,13,0,556,50,Enable UPI
CUST102484,56,106493,979687,Yes,Yes,Yes,No,131,3,599,75,Buy Insurance
CUST102485,30,283667,1414893,Yes,Yes,Yes,No,168,24,615,75,Buy Insurance
CUST102486,48,232995,829726,Yes,Yes,Yes,Yes,11,21,716,100,Advanced Wealth Products
CUST102487,24,203262,1651141,No,Yes,No,Yes,51,21,801,50,Enable UPI
CUST102488,66,60641,985013,Yes,Yes,No,Yes,151,29,812,75,Start SIP
CUST102489,59,169062,9694,Yes,Yes,No,Yes,32,25,745,75,Start SIP
CUST102490,59,44661,587438,Yes,Yes,No,No,169,26,732,50,Start SIP
CUST102491,53,159491,1645334,Yes,Yes,Yes,No,42,26,813,75,Buy Insurance
CUST102492,37,291601,550844,Yes,Yes,No,Yes,166,12,837,75,Start SIP
CUST102493,21,118619,1249119,No,No,No,No,195,6,824,0,Enable UPI
CUST102494,24,48085,578374,Yes,No,No,Yes,102,26,667,50,Activate Mobile Banking
CUST102495,18,112064,679267,Yes,Yes,No,No,121,6,862,50,Start SIP
CUST102496,61,196726,777687,No,Yes,No,No,78,5,896,25,Enable UPI
CUST102497,62,120723,1233135,Yes,Yes,No,Yes,72,24,826,75,Start SIP
CUST102498,59,148114,1991373,Yes,Yes,Yes,No,106,7,681,75,Buy Insurance
CUST102499,64,48477,1034621,Yes,Yes,No,No,119,11,696,50,Start SIP
CUST102500,30,129161,628756,Yes,Yes,No,Yes,170,23,578,75,Start SIP
CUST102501,39,174788,824819,Yes,Yes,No,No,171,17,876,50,Start SIP
CUST102502,38,154133,963254,No,Yes,No,Yes,33,22,869,50,Enable UPI
CUST102503,39,154681,1646466,No,No,No,No,79,14,774,0,Enable UPI
CUST102504,45,256422,1992336,Yes,Yes,No,No,165,27,688,50,Start SIP
CUST102505,26,285001,1029446,Yes,Yes,No,No,78,15,838,50,Start SIP
CUST102506,43,157692,1547433,Yes,Yes,No,Yes,119,0,830,75,Start SIP
CUST102507,26,23177,521304,Yes,Yes,No,Yes,57,9,575,75,Start SIP
CUST102508,32,266842,928098,Yes,Yes,No,Yes,192,14,841,75,Start SIP
CUST102509,27,104941,1580324,Yes,Yes,Yes,Yes,192,23,816,100,Advanced Wealth Products
CUST102510,41,273121,77356,No,Yes,No,Yes,188,12,835,50,Enable UPI
CUST102511,59,26826,1894706,No,Yes,No,No,52,18,862,25,Enable UPI
CUST102512,25,159962,264925,Yes,Yes,No,No,72,26,646,50,Start SIP
CUST102513,41,141044,1941754,Yes,Yes,Yes,No,68,12,687,75,Buy Insurance
CUST102514,33,204103,1594055,Yes,No,No,Yes,100,8,830,50,Activate Mobile Banking
CUST102515,66,20495,613919,No,Yes,Yes,Yes,82,20,645,75,Enable UPI
CUST102516,43,43481,250702,Yes,Yes,No,Yes,155,15,606,75,Start SIP
CUST102517,44,157339,801961,Yes,Yes,Yes,Yes,59,22,672,100,Advanced Wealth Products
CUST102518,54,251774,37175,Yes,Yes,No,Yes,19,13,780,75,Start SIP
CUST102519,21,152815,1333395,No,No,Yes,Yes,3,22,839,50,Enable UPI
CUST102520,67,118475,441374,No,Yes,Yes,No,39,8,635,50,Enable UPI
CUST102521,41,194845,838230,Yes,Yes,No,No,66,17,859,50,Start SIP
CUST102522,36,64476,1910918,No,Yes,Yes,No,73,3,600,50,Enable UPI
CUST102523,53,238177,1446120,Yes,Yes,No,No,184,11,777,50,Start SIP
CUST102524,56,211314,1734912,Yes,No,No,Yes,134,23,555,50,Activate Mobile Banking
CUST102525,27,175020,1772052,No,Yes,No,No,28,4,859,25,Enable UPI
CUST102526,42,222383,345822,No,Yes,Yes,Yes,176,10,822,75,Enable UPI
CUST102527,35,84093,1116397,Yes,No,No,Yes,98,4,893,50,Activate Mobile Banking
CUST102528,36,84123,515559,Yes,Yes,No,Yes,93,18,551,75,Start SIP
CUST102529,53,31535,1065780,No,Yes,No,Yes,176,20,825,50,Enable UPI
CUST102530,27,61562,978169,No,Yes,No,No,195,28,640,25,Enable UPI
CUST102531,50,271323,798826,No,Yes,Yes,No,182,6,811,50,Enable UPI
CUST102532,67,273916,251464,Yes,Yes,No,No,126,3,791,50,Start SIP
CUST102533,22,204607,856246,No,Yes,Yes,Yes,16,7,795,75,Enable UPI
CUST102534,64,245063,1087169,No,Yes,No,No,35,29,628,25,Enable UPI
CUST102535,66,56269,964468,Yes,No,No,No,75,26,860,25,Activate Mobile Banking
CUST102536,52,95674,213260,No,Yes,No,No,107,5,853,25,Enable UPI
CUST102537,61,92095,120064,Yes,Yes,No,No,87,5,607,50,Start SIP
CUST102538,51,259172,497492,Yes,Yes,No,No,158,21,774,50,Start SIP
CUST102539,50,215003,58365,Yes,No,No,No,176,3,751,25,Activate Mobile Banking
CUST102540,38,105925,1818508,Yes,Yes,No,No,69,13,555,50,Start SIP
CUST102541,34,81381,922947,Yes,No,No,Yes,116,2,579,50,Activate Mobile Banking
CUST102542,39,114468,1274087,No,Yes,No,Yes,8,9,700,50,Enable UPI
CUST102543,65,257330,1545850,Yes,No,No,No,107,21,585,25,Activate Mobile Banking
CUST102544,54,28731,1474972,Yes,Yes,Yes,No,107,5,659,75,Buy Insurance
CUST102545,32,66024,1533447,No,Yes,Yes,Yes,114,17,670,75,Enable UPI
CUST102546,52,131712,211971,Yes,Yes,Yes,No,179,29,790,75,Buy Insurance
CUST102547,45,116121,966169,Yes,Yes,No,Yes,10,9,808,75,Start SIP
CUST102548,24,280976,108700,Yes,Yes,Yes,Yes,28,8,639,100,Advanced Wealth Products
CUST102549,49,47332,364221,Yes,Yes,No,Yes,164,15,579,75,Start SIP
CUST102550,28,27467,1450257,Yes,Yes,No,No,60,19,786,50,Start SIP
CUST102551,27,56025,73247,No,No,No,Yes,10,3,719,25,Enable UPI
CUST102552,26,159179,1236207,Yes,Yes,No,No,142,25,698,50,Start SIP
CUST102553,31,92994,161270,No,Yes,Yes,Yes,102,28,637,75,Enable UPI
CUST102554,30,109202,846172,Yes,Yes,No,No,63,27,553,50,Start SIP
CUST102555,42,58481,158560,Yes,Yes,No,No,175,10,801,50,Start SIP
CUST102556,19,90118,1747451,Yes,No,No,Yes,197,27,600,50,Activate Mobile Banking
CUST102557,52,138714,1563203,Yes,Yes,No,No,56,11,573,50,Start SIP
CUST102558,24,239699,1011648,Yes,Yes,Yes,No,134,23,595,75,Buy Insurance
CUST102559,38,175185,1343618,Yes,Yes,No,Yes,147,18,665,75,Start SIP
CUST102560,35,99363,1448711,Yes,No,Yes,No,180,9,576,50,Activate Mobile Banking
CUST102561,20,226027,186142,Yes,No,No,Yes,190,6,644,50,Activate Mobile Banking
CUST102562,59,288958,591901,Yes,Yes,Yes,Yes,128,6,648,100,Advanced Wealth Products
CUST102563,56,287168,1150283,Yes,Yes,No,No,177,17,665,50,Start SIP
CUST102564,58,209360,378921,Yes,Yes,Yes,No,78,2,825,75,Buy Insurance
CUST102565,66,72836,1008639,No,Yes,No,Yes,139,11,885,50,Enable UPI
CUST102566,28,284579,1005005,Yes,Yes,No,Yes,46,13,644,75,Start SIP
CUST102567,56,270095,52003,Yes,Yes,No,No,69,19,748,50,Start SIP
CUST102568,41,276176,1626342,Yes,Yes,No,No,45,1,695,50,Start SIP
CUST102569,63,264717,412650,Yes,Yes,Yes,Yes,95,29,704,100,Advanced Wealth Products
CUST102570,36,149479,968750,No,Yes,Yes,No,108,8,819,50,Enable UPI
CUST102571,21,47940,1483441,Yes,Yes,No,Yes,58,9,870,75,Start SIP
CUST102572,43,20666,1636894,Yes,Yes,No,Yes,160,26,825,75,Start SIP
CUST102573,55,171164,713421,No,Yes,No,No,115,5,875,25,Enable UPI
CUST102574,59,221717,1448791,Yes,Yes,No,No,10,16,805,50,Start SIP
CUST102575,49,41505,1199497,Yes,Yes,Yes,Yes,141,14,594,100,Advanced Wealth Products
CUST102576,56,51713,1523231,Yes,No,Yes,No,111,0,550,50,Activate Mobile Banking
CUST102577,62,219354,775448,Yes,Yes,No,Yes,13,23,696,75,Start SIP
CUST102578,63,92511,1559796,No,Yes,Yes,No,36,26,844,50,Enable UPI
CUST102579,53,227204,844232,No,No,Yes,Yes,86,21,704,50,Enable UPI
CUST102580,57,265694,796877,Yes,Yes,Yes,Yes,128,12,605,100,Advanced Wealth Products
CUST102581,54,264836,1726976,No,No,Yes,Yes,122,9,775,50,Enable UPI
CUST102582,50,249561,513524,Yes,Yes,Yes,No,147,11,556,75,Buy Insurance
CUST102583,53,18880,1840254,Yes,Yes,No,Yes,118,22,569,75,Start SIP
CUST102584,20,58539,1084729,No,Yes,No,Yes,135,21,708,50,Enable UPI
CUST102585,26,255056,1845220,Yes,Yes,No,Yes,15,15,889,75,Start SIP
CUST102586,25,234057,139411,Yes,Yes,Yes,No,81,1,628,75,Buy Insurance
CUST102587,50,29799,585526,Yes,Yes,Yes,Yes,46,2,550,100,Advanced Wealth Products
CUST102588,23,119843,417610,Yes,No,No,No,48,7,885,25,Activate Mobile Banking
CUST102589,58,63784,1369591,Yes,Yes,No,Yes,66,19,778,75,Start SIP
CUST102590,56,128034,892104,Yes,Yes,Yes,No,4,28,762,75,Buy Insurance
CUST102591,21,215598,1524514,Yes,Yes,No,No,3,14,832,50,Start SIP
CUST102592,30,69362,301751,Yes,Yes,No,No,3,23,797,50,Start SIP
CUST102593,66,68997,57055,No,Yes,No,No,69,18,668,25,Enable UPI
CUST102594,19,196413,1158085,No,Yes,Yes,No,93,17,776,50,Enable UPI
CUST102595,22,291693,1189043,Yes,Yes,No,No,28,22,573,50,Start SIP
CUST102596,61,231398,656666,No,Yes,No,Yes,23,0,739,50,Enable UPI
CUST102597,44,275464,1462082,Yes,Yes,No,No,30,26,857,50,Start SIP
CUST102598,49,172255,1141263,Yes,Yes,No,No,62,18,856,50,Start SIP
CUST102599,38,39624,1380798,Yes,Yes,Yes,Yes,87,1,606,100,Advanced Wealth Products
CUST102600,25,208587,1450483,Yes,Yes,No,Yes,51,4,860,75,Start SIP
CUST102601,55,249784,405686,Yes,Yes,No,No,41,17,858,50,Start SIP
CUST102602,25,61705,1974921,Yes,Yes,No,No,64,15,638,50,Start SIP
CUST102603,67,104326,1156228,Yes,Yes,No,Yes,43,9,824,75,Start SIP
CUST102604,20,83369,330341,Yes,Yes,No,No,91,20,658,50,Start SIP
CUST102605,61,216893,1633637,No,Yes,Yes,Yes,58,28,690,75,Enable UPI
CUST102606,20,286733,940280,Yes,Yes,Yes,Yes,59,2,834,100,Advanced Wealth Products
CUST102607,39,128012,1573422,No,Yes,No,No,168,24,793,25,Enable UPI
CUST102608,23,190858,207668,No,Yes,Yes,No,174,9,623,50,Enable UPI
CUST102609,19,240758,1958951,Yes,No,Yes,No,62,24,811,50,Activate Mobile Banking
CUST102610,40,138711,1605448,Yes,Yes,No,No,177,23,725,50,Start SIP
CUST102611,61,91425,1822765,Yes,Yes,No,No,116,12,779,50,Start SIP
CUST102612,19,30994,1451092,No,Yes,Yes,Yes,111,20,625,75,Enable UPI
CUST102613,55,126915,1843346,Yes,No,No,No,23,9,872,25,Activate Mobile Banking
CUST102614,34,119672,1116177,Yes,Yes,Yes,Yes,172,10,732,100,Advanced Wealth Products
CUST102615,52,294349,141559,Yes,Yes,Yes,Yes,172,6,823,100,Advanced Wealth Products
CUST102616,51,47930,41282,Yes,Yes,No,No,19,1,826,50,Start SIP
CUST102617,40,88313,1279713,No,Yes,Yes,Yes,172,18,776,75,Enable UPI
CUST102618,47,239923,1431167,Yes,Yes,No,No,11,27,714,50,Start SIP
CUST102619,69,128153,625086,No,Yes,No,Yes,60,26,824,50,Enable UPI
CUST102620,25,295460,1708827,Yes,Yes,No,Yes,166,17,766,75,Start SIP
CUST102621,39,247911,1948619,Yes,No,Yes,Yes,3,25,861,75,Activate Mobile Banking
CUST102622,61,111058,164876,No,Yes,No,No,144,10,739,25,Enable UPI
CUST102623,53,102876,670275,Yes,Yes,Yes,Yes,9,16,567,100,Advanced Wealth Products
CUST102624,22,100366,1326878,No,Yes,Yes,No,41,2,781,50,Enable UPI
CUST102625,30,28403,210229,Yes,Yes,No,No,38,19,733,50,Start SIP
CUST102626,46,263550,15547,Yes,No,No,Yes,69,11,655,50,Activate Mobile Banking
CUST102627,48,276420,1404433,Yes,Yes,Yes,No,193,24,792,75,Buy Insurance
CUST102628,64,178004,1034293,No,Yes,Yes,Yes,35,27,602,75,Enable UPI
CUST102629,33,267396,1318179,No,No,No,No,127,1,775,0,Enable UPI
CUST102630,59,72241,1999848,Yes,Yes,No,Yes,163,24,751,75,Start SIP
CUST102631,47,156439,68146,Yes,Yes,No,Yes,48,0,635,75,Start SIP
CUST102632,33,80030,1419297,Yes,Yes,No,Yes,107,8,599,75,Start SIP
CUST102633,29,192577,637049,Yes,No,No,No,8,21,809,25,Activate Mobile Banking
CUST102634,34,179404,1419447,Yes,No,Yes,No,27,23,868,50,Activate Mobile Banking
CUST102635,33,222397,1366180,Yes,Yes,No,No,9,18,744,50,Start SIP
CUST102636,29,120185,87970,No,Yes,Yes,No,158,7,797,50,Enable UPI
CUST102637,25,51404,721177,Yes,No,Yes,Yes,14,26,605,75,Activate Mobile Banking
CUST102638,37,70182,1222895,No,Yes,No,No,151,8,726,25,Enable UPI
CUST102639,20,119601,544707,Yes,No,No,No,29,6,699,25,Activate Mobile Banking
CUST102640,33,193735,1023057,Yes,Yes,Yes,No,26,3,562,75,Buy Insurance
CUST102641,47,137002,564865,No,Yes,No,Yes,143,21,838,50,Enable UPI
CUST102642,62,240461,1056497,Yes,Yes,No,Yes,115,15,613,75,Start SIP
CUST102643,40,99146,927180,No,Yes,Yes,No,73,5,888,50,Enable UPI
CUST102644,45,62997,484177,No,Yes,Yes,Yes,81,17,654,75,Enable UPI
CUST102645,68,22170,1023225,Yes,No,Yes,No,67,1,788,50,Activate Mobile Banking
CUST102646,57,159375,1496476,Yes,Yes,No,No,144,10,583,50,Start SIP
CUST102647,22,50187,149535,Yes,No,No,No,141,4,873,25,Activate Mobile Banking
CUST102648,37,211106,526317,Yes,Yes,No,Yes,90,16,588,75,Start SIP
CUST102649,57,147965,1734410,Yes,Yes,No,Yes,96,4,774,75,Start SIP
CUST102650,61,159825,1880943,Yes,No,Yes,Yes,152,25,678,75,Activate Mobile Banking
CUST102651,18,53090,654822,Yes,Yes,Yes,No,118,2,682,75,Buy Insurance
CUST102652,47,268478,1513797,Yes,Yes,Yes,No,62,18,589,75,Buy Insurance
CUST102653,38,32509,1834736,Yes,Yes,Yes,No,185,7,868,75,Buy Insurance
CUST102654,37,83653,77828,Yes,Yes,Yes,No,36,10,770,75,Buy Insurance
CUST102655,23,183001,652937,Yes,Yes,No,Yes,188,2,643,75,Start SIP
CUST102656,39,281186,1013449,Yes,No,Yes,No,124,2,648,50,Activate Mobile Banking
CUST102657,35,208646,1404782,Yes,No,No,Yes,22,0,609,50,Activate Mobile Banking
CUST102658,25,238354,60152,Yes,Yes,No,No,105,29,678,50,Start SIP
CUST102659,56,29016,1273649,Yes,Yes,No,No,114,23,681,50,Start SIP
CUST102660,49,247034,363635,Yes,Yes,Yes,No,110,12,850,75,Buy Insurance
CUST102661,50,42938,228393,No,Yes,No,No,3,29,618,25,Enable UPI
CUST102662,33,189750,91569,Yes,Yes,No,Yes,164,9,563,75,Start SIP
CUST102663,29,275710,1912475,Yes,No,Yes,No,97,25,700,50,Activate Mobile Banking
CUST102664,55,247320,989131,No,Yes,No,Yes,36,5,723,50,Enable UPI
CUST102665,69,202877,686132,No,Yes,No,No,10,10,894,25,Enable UPI
CUST102666,51,148058,1463155,Yes,No,No,No,100,7,841,25,Activate Mobile Banking
CUST102667,31,91478,688850,Yes,Yes,Yes,Yes,21,18,745,100,Advanced Wealth Products
CUST102668,53,142101,1505796,Yes,No,No,Yes,177,29,581,50,Activate Mobile Banking
CUST102669,50,206996,127537,Yes,Yes,No,Yes,104,10,622,75,Start SIP
CUST102670,40,220380,58806,No,Yes,No,Yes,115,5,743,50,Enable UPI
CUST102671,67,247200,1971340,Yes,No,No,No,137,11,599,25,Activate Mobile Banking
CUST102672,62,78745,1653856,No,Yes,No,Yes,112,17,606,50,Enable UPI
CUST102673,19,147283,1338040,Yes,No,Yes,No,120,2,666,50,Activate Mobile Banking
CUST102674,58,116489,1394691,No,No,No,Yes,79,12,741,25,Enable UPI
CUST102675,38,46819,1836716,Yes,Yes,No,No,180,3,766,50,Start SIP
CUST102676,19,62779,1226793,Yes,Yes,Yes,No,96,8,660,75,Buy Insurance
CUST102677,44,228493,1248336,Yes,Yes,No,Yes,176,15,638,75,Start SIP
CUST102678,26,80584,1364301,Yes,No,No,No,188,11,859,25,Activate Mobile Banking
CUST102679,18,161245,1015065,Yes,Yes,No,No,108,19,858,50,Start SIP
CUST102680,28,263815,885077,No,Yes,Yes,Yes,119,6,706,75,Enable UPI
CUST102681,20,269957,550042,Yes,Yes,Yes,No,178,11,618,75,Buy Insurance
CUST102682,69,86356,74837,No,Yes,No,Yes,167,7,819,50,Enable UPI
CUST102683,40,160364,1716143,Yes,No,No,Yes,144,20,774,50,Activate Mobile Banking
CUST102684,43,18052,950424,Yes,No,Yes,No,28,14,554,50,Activate Mobile Banking
CUST102685,21,213910,223811,No,No,No,Yes,6,1,792,25,Enable UPI
CUST102686,35,161692,1963754,Yes,Yes,Yes,No,61,10,667,75,Buy Insurance
CUST102687,23,45461,644068,Yes,Yes,Yes,Yes,6,23,721,100,Advanced Wealth Products
CUST102688,52,297894,616369,Yes,Yes,No,Yes,122,20,692,75,Start SIP
CUST102689,39,24472,1864024,Yes,Yes,Yes,No,194,4,872,75,Buy Insurance
CUST102690,60,127036,1019138,No,Yes,No,No,105,22,806,25,Enable UPI
CUST102691,32,203674,1376242,Yes,No,Yes,No,168,5,867,50,Activate Mobile Banking
CUST102692,39,176838,1571023,Yes,No,No,Yes,199,18,627,50,Activate Mobile Banking
CUST102693,54,81060,1960904,No,No,No,No,62,29,606,0,Enable UPI
CUST102694,69,286223,996596,Yes,No,No,No,28,13,569,25,Activate Mobile Banking
CUST102695,59,154471,1165675,Yes,No,No,No,80,6,563,25,Activate Mobile Banking
CUST102696,29,293676,1729038,No,Yes,No,No,175,11,755,25,Enable UPI
CUST102697,64,58162,1944437,Yes,No,No,No,9,29,786,25,Activate Mobile Banking
CUST102698,66,288497,1841932,No,Yes,No,Yes,180,16,730,50,Enable UPI
CUST102699,59,127313,90015,Yes,Yes,No,Yes,15,3,840,75,Start SIP
CUST102700,55,43477,634275,No,Yes,No,Yes,162,19,738,50,Enable UPI
CUST102701,35,170642,583621,No,Yes,No,No,20,21,696,25,Enable UPI
CUST102702,62,101373,1793394,Yes,Yes,No,Yes,60,21,889,75,Start SIP
CUST102703,52,184176,1046680,Yes,Yes,No,No,186,9,591,50,Start SIP
CUST102704,47,209442,1230747,Yes,Yes,No,Yes,75,23,550,75,Start SIP
CUST102705,41,19551,717706,Yes,No,No,No,94,27,873,25,Activate Mobile Banking
CUST102706,59,83359,655660,Yes,No,No,Yes,67,0,653,50,Activate Mobile Banking
CUST102707,47,158988,1784417,Yes,Yes,Yes,No,2,28,804,75,Buy Insurance
CUST102708,31,141150,398522,Yes,Yes,No,Yes,178,22,758,75,Start SIP
CUST102709,23,187517,355639,No,Yes,No,No,142,29,767,25,Enable UPI
CUST102710,20,122967,599055,Yes,Yes,No,No,184,3,627,50,Start SIP
CUST102711,33,109455,1157908,Yes,Yes,No,No,197,12,600,50,Start SIP
CUST102712,24,273835,1721143,Yes,No,No,Yes,44,5,837,50,Activate Mobile Banking
CUST102713,69,190405,1879434,Yes,Yes,Yes,Yes,174,25,649,100,Advanced Wealth Products
CUST102714,31,254646,535624,Yes,Yes,No,No,134,14,761,50,Start SIP
CUST102715,26,204937,379344,Yes,Yes,No,Yes,136,13,786,75,Start SIP
CUST102716,32,76192,735526,No,Yes,Yes,Yes,39,24,844,75,Enable UPI
CUST102717,38,206758,1332976,No,Yes,Yes,No,93,2,706,50,Enable UPI
CUST102718,52,250161,759805,Yes,Yes,No,Yes,44,23,847,75,Start SIP
CUST102719,19,176564,185889,Yes,No,No,Yes,27,18,563,50,Activate Mobile Banking
CUST102720,44,167053,1553496,Yes,Yes,No,No,16,5,665,50,Start SIP
CUST102721,19,206349,300863,Yes,Yes,No,Yes,39,1,688,75,Start SIP
CUST102722,52,122044,1882025,Yes,Yes,No,Yes,129,8,624,75,Start SIP
CUST102723,35,196062,50704,Yes,Yes,Yes,No,179,29,852,75,Buy Insurance
CUST102724,31,143406,821445,Yes,Yes,No,Yes,191,12,573,75,Start SIP
CUST102725,37,84351,347135,No,Yes,Yes,No,33,17,726,50,Enable UPI
CUST102726,35,196071,1910266,Yes,Yes,No,Yes,50,11,604,75,Start SIP
CUST102727,27,249085,1394068,Yes,Yes,No,No,103,20,762,50,Start SIP
CUST102728,42,248883,231884,Yes,Yes,No,Yes,182,21,875,75,Start SIP
CUST102729,19,85309,1221424,No,Yes,No,Yes,27,3,883,50,Enable UPI
CUST102730,42,176805,1325780,No,Yes,No,Yes,124,27,878,50,Enable UPI
CUST102731,50,134156,1525384,Yes,Yes,No,Yes,86,22,712,75,Start SIP
CUST102732,53,36576,1052640,Yes,Yes,Yes,No,147,28,849,75,Buy Insurance
CUST102733,48,18320,929159,Yes,Yes,Yes,Yes,28,6,713,100,Advanced Wealth Products
CUST102734,31,156822,748470,Yes,Yes,No,No,151,11,638,50,Start SIP
CUST102735,18,118002,317067,Yes,Yes,No,No,64,22,564,50,Start SIP
CUST102736,63,199535,83563,Yes,Yes,No,No,167,10,850,50,Start SIP
CUST102737,33,41572,1712966,Yes,Yes,Yes,Yes,49,6,671,100,Advanced Wealth Products
CUST102738,63,295092,1143355,Yes,Yes,No,Yes,187,28,867,75,Start SIP
CUST102739,69,131528,1742225,Yes,No,No,No,148,25,897,25,Activate Mobile Banking
CUST102740,20,184898,942243,No,Yes,No,No,189,26,727,25,Enable UPI
CUST102741,52,104051,104704,Yes,No,No,No,111,9,818,25,Activate Mobile Banking
CUST102742,58,206303,1315333,Yes,No,No,Yes,128,8,654,50,Activate Mobile Banking
CUST102743,23,237428,1969165,Yes,No,No,No,9,1,708,25,Activate Mobile Banking
CUST102744,42,272412,115234,Yes,Yes,Yes,No,23,4,554,75,Buy Insurance
CUST102745,30,218305,1377407,Yes,Yes,Yes,Yes,135,9,888,100,Advanced Wealth Products
CUST102746,51,290107,41491,Yes,Yes,Yes,No,159,24,690,75,Buy Insurance
CUST102747,25,64434,755909,Yes,Yes,No,Yes,60,27,718,75,Start SIP
CUST102748,38,81617,1912123,Yes,Yes,Yes,Yes,61,28,566,100,Advanced Wealth Products
CUST102749,51,132569,909367,Yes,No,Yes,No,75,13,581,50,Activate Mobile Banking
CUST102750,21,222384,1399498,Yes,Yes,No,Yes,154,26,554,75,Start SIP
CUST102751,42,96494,927285,Yes,Yes,No,No,100,15,686,50,Start SIP
CUST102752,32,234977,1074024,Yes,Yes,No,Yes,54,26,656,75,Start SIP
CUST102753,21,92225,509393,Yes,Yes,Yes,Yes,31,1,711,100,Advanced Wealth Products
CUST102754,62,97867,1367270,Yes,Yes,Yes,No,169,18,806,75,Buy Insurance
CUST102755,29,183600,1627158,Yes,Yes,Yes,No,28,22,717,75,Buy Insurance
CUST102756,49,270669,288590,Yes,Yes,No,Yes,90,8,837,75,Start SIP
CUST102757,49,105748,343723,No,Yes,No,Yes,6,13,794,50,Enable UPI
CUST102758,45,269265,745749,No,No,Yes,No,34,14,662,25,Enable UPI
CUST102759,30,179404,906111,Yes,No,No,Yes,92,18,727,50,Activate Mobile Banking
CUST102760,48,144529,1139191,No,Yes,No,Yes,108,25,739,50,Enable UPI
CUST102761,31,279395,22101,Yes,No,No,Yes,9,7,560,50,Activate Mobile Banking
CUST102762,37,173099,988682,No,Yes,Yes,Yes,93,26,572,75,Enable UPI
CUST102763,35,112382,295160,Yes,Yes,No,Yes,98,14,668,75,Start SIP
CUST102764,46,24583,1727868,Yes,Yes,No,Yes,12,7,831,75,Start SIP
CUST102765,23,65387,1491445,Yes,Yes,No,Yes,16,27,868,75,Start SIP
CUST102766,49,27224,619769,Yes,Yes,No,No,71,3,618,50,Start SIP
CUST102767,46,242444,582090,Yes,Yes,No,Yes,159,26,895,75,Start SIP
CUST102768,60,281285,1847557,No,Yes,Yes,No,161,28,683,50,Enable UPI
CUST102769,19,169422,215005,Yes,Yes,No,No,135,5,802,50,Start SIP
CUST102770,40,151149,1734298,Yes,Yes,No,Yes,3,10,600,75,Start SIP
CUST102771,36,61015,1625706,No,Yes,No,No,148,11,592,25,Enable UPI
CUST102772,48,186929,51539,Yes,Yes,No,Yes,5,23,690,75,Start SIP
CUST102773,68,247268,1611581,Yes,No,No,Yes,195,27,574,50,Activate Mobile Banking
CUST102774,22,205912,977100,Yes,Yes,No,Yes,38,8,819,75,Start SIP
CUST102775,36,20577,775569,Yes,Yes,No,No,79,17,653,50,Start SIP
CUST102776,51,297146,421232,Yes,Yes,No,No,99,16,844,50,Start SIP
CUST102777,27,65711,1239848,Yes,Yes,No,Yes,184,20,702,75,Start SIP
CUST102778,42,54451,1527060,Yes,Yes,No,Yes,151,25,853,75,Start SIP
CUST102779,19,195175,1507079,Yes,Yes,No,No,2,2,854,50,Start SIP
CUST102780,28,49831,120042,No,Yes,Yes,Yes,100,26,710,75,Enable UPI
CUST102781,67,264402,132922,Yes,Yes,Yes,Yes,149,12,832,100,Advanced Wealth Products
CUST102782,48,246376,97447,Yes,Yes,No,No,142,5,594,50,Start SIP
CUST102783,32,259942,1399122,Yes,Yes,Yes,No,190,27,836,75,Buy Insurance
CUST102784,26,110119,1358327,Yes,No,No,Yes,139,13,868,50,Activate Mobile Banking
CUST102785,40,258466,1212269,Yes,Yes,No,Yes,132,26,715,75,Start SIP
CUST102786,36,238936,1066399,Yes,Yes,No,No,47,0,756,50,Start SIP
CUST102787,26,76554,1083562,Yes,Yes,No,Yes,116,27,657,75,Start SIP
CUST102788,52,65755,650970,Yes,No,No,No,94,26,614,25,Activate Mobile Banking
CUST102789,38,168412,1642189,Yes,Yes,No,No,100,3,816,50,Start SIP
CUST102790,26,78884,1563695,Yes,Yes,Yes,No,20,21,734,75,Buy Insurance
CUST102791,45,32482,1443645,Yes,Yes,No,Yes,180,17,773,75,Start SIP
CUST102792,63,69225,255476,Yes,Yes,No,Yes,16,10,702,75,Start SIP
CUST102793,68,204921,1111347,Yes,No,Yes,Yes,173,10,838,75,Activate Mobile Banking
CUST102794,24,89854,1108549,Yes,Yes,No,No,136,7,834,50,Start SIP
CUST102795,33,56256,1723626,No,Yes,No,No,190,3,735,25,Enable UPI
CUST102796,33,255617,1879115,Yes,No,No,Yes,149,1,775,50,Activate Mobile Banking
CUST102797,50,123721,1635752,Yes,No,Yes,No,64,0,749,50,Activate Mobile Banking
CUST102798,21,96110,1588820,No,Yes,No,No,104,23,560,25,Enable UPI
CUST102799,21,128606,1140415,Yes,Yes,Yes,Yes,158,9,874,100,Advanced Wealth Products
CUST102800,56,29650,172605,Yes,Yes,No,Yes,164,16,826,75,Start SIP
CUST102801,57,192190,1017714,Yes,Yes,No,Yes,133,6,552,75,Start SIP
CUST102802,34,43930,521754,Yes,No,No,Yes,38,6,899,50,Activate Mobile Banking
CUST102803,54,231779,1154707,Yes,Yes,No,No,19,12,827,50,Start SIP
CUST102804,56,275102,1383314,Yes,Yes,Yes,No,74,21,611,75,Buy Insurance
CUST102805,69,288945,717261,Yes,Yes,Yes,Yes,155,23,554,100,Advanced Wealth Products
CUST102806,46,66360,540807,Yes,Yes,Yes,Yes,141,25,558,100,Advanced Wealth Products
CUST102807,69,162631,691475,No,Yes,No,Yes,137,0,607,50,Enable UPI
CUST102808,53,251545,988770,Yes,Yes,No,No,17,27,829,50,Start SIP
CUST102809,55,28288,6832,No,Yes,Yes,No,95,0,787,50,Enable UPI
CUST102810,56,168470,963872,No,Yes,Yes,No,172,12,866,50,Enable UPI
CUST102811,67,222302,1535217,No,No,No,No,45,0,676,0,Enable UPI
CUST102812,54,289335,1691786,No,Yes,No,Yes,88,5,853,50,Enable UPI
CUST102813,69,295195,110474,Yes,Yes,Yes,No,42,22,786,75,Buy Insurance
CUST102814,52,76715,599003,Yes,Yes,Yes,No,51,25,768,75,Buy Insurance
CUST102815,24,25737,863267,Yes,Yes,Yes,Yes,186,24,727,100,Advanced Wealth Products
CUST102816,44,80140,1651230,Yes,Yes,No,No,113,9,867,50,Start SIP
CUST102817,45,171323,42570,No,Yes,Yes,Yes,186,20,698,75,Enable UPI
CUST102818,39,197047,486193,No,Yes,No,No,158,0,587,25,Enable UPI
CUST102819,31,282291,666975,Yes,Yes,No,No,133,24,667,50,Start SIP
CUST102820,24,65508,1091887,Yes,Yes,No,No,8,4,864,50,Start SIP
CUST102821,54,296787,1405965,Yes,Yes,Yes,No,37,21,646,75,Buy Insurance
CUST102822,39,118535,632475,Yes,No,No,Yes,47,24,566,50,Activate Mobile Banking
CUST102823,22,213360,1863442,Yes,Yes,No,No,100,1,874,50,Start SIP
CUST102824,19,73959,1140455,Yes,No,No,Yes,89,29,828,50,Activate Mobile Banking
CUST102825,44,213208,545027,No,No,Yes,No,173,2,703,25,Enable UPI
CUST102826,38,206812,71202,Yes,Yes,No,Yes,133,29,643,75,Start SIP
CUST102827,55,127255,103580,No,Yes,No,No,191,22,724,25,Enable UPI
CUST102828,32,101322,1802355,Yes,Yes,Yes,Yes,86,2,851,100,Advanced Wealth Products
CUST102829,38,16132,1133175,No,Yes,No,Yes,175,17,578,50,Enable UPI
CUST102830,27,184331,694009,Yes,Yes,No,Yes,25,22,583,75,Start SIP
CUST102831,40,242684,760724,No,Yes,No,No,126,7,559,25,Enable UPI
CUST102832,56,274427,969949,Yes,Yes,Yes,Yes,178,8,825,100,Advanced Wealth Products
CUST102833,22,123835,1694634,Yes,Yes,Yes,Yes,173,1,839,100,Advanced Wealth Products
CUST102834,18,157003,1355190,Yes,Yes,No,Yes,116,28,650,75,Start SIP
CUST102835,30,273228,1390685,No,Yes,Yes,Yes,120,1,690,75,Enable UPI
CUST102836,38,88169,1441052,Yes,Yes,No,Yes,30,26,636,75,Start SIP
CUST102837,43,275529,708981,Yes,Yes,No,No,48,15,850,50,Start SIP
CUST102838,67,268608,1445401,Yes,Yes,No,Yes,179,6,677,75,Start SIP
CUST102839,62,249385,955430,Yes,Yes,No,No,94,29,755,50,Start SIP
CUST102840,38,204973,1838915,No,Yes,Yes,Yes,55,3,638,75,Enable UPI
CUST102841,35,115417,1692164,Yes,Yes,No,Yes,183,4,631,75,Start SIP
CUST102842,54,16044,305141,Yes,Yes,No,No,46,0,761,50,Start SIP
CUST102843,62,192763,196012,No,Yes,Yes,Yes,31,21,668,75,Enable UPI
CUST102844,49,246807,701084,No,No,Yes,Yes,162,9,897,50,Enable UPI
CUST102845,53,39363,889237,No,No,Yes,Yes,92,12,685,50,Enable UPI
CUST102846,34,298445,167776,Yes,Yes,Yes,Yes,74,23,810,100,Advanced Wealth Products
CUST102847,52,16620,389346,Yes,Yes,No,No,196,26,825,50,Start SIP
CUST102848,66,110419,1475183,Yes,Yes,No,No,161,14,757,50,Start SIP
CUST102849,28,183606,1012227,Yes,Yes,Yes,No,56,0,863,75,Buy Insurance
CUST102850,38,217701,771230,Yes,Yes,Yes,Yes,186,17,792,100,Advanced Wealth Products
CUST102851,69,195324,7526,Yes,Yes,Yes,Yes,122,22,894,100,Advanced Wealth Products
CUST102852,43,37259,947190,Yes,Yes,No,Yes,57,13,649,75,Start SIP
CUST102853,21,35655,1913347,Yes,Yes,Yes,No,17,17,664,75,Buy Insurance
CUST102854,51,36602,1322294,No,Yes,No,No,139,24,879,25,Enable UPI
CUST102855,69,157182,275877,Yes,Yes,No,Yes,199,21,565,75,Start SIP
CUST102856,65,16537,317434,Yes,Yes,No,No,17,11,553,50,Start SIP
CUST102857,35,271210,339937,No,Yes,Yes,Yes,105,11,815,75,Enable UPI
CUST102858,57,192274,41051,Yes,Yes,No,No,138,4,597,50,Start SIP
CUST102859,52,186236,20909,Yes,Yes,No,Yes,154,6,772,75,Start SIP
CUST102860,58,104743,487898,No,Yes,No,No,134,25,753,25,Enable UPI
CUST102861,46,101155,1130914,No,Yes,No,Yes,81,23,569,50,Enable UPI
CUST102862,69,104846,1913440,Yes,Yes,No,No,16,12,837,50,Start SIP
CUST102863,46,249507,1574127,Yes,Yes,No,Yes,103,8,743,75,Start SIP
CUST102864,55,206824,1343853,Yes,Yes,No,Yes,90,5,865,75,Start SIP
CUST102865,59,98049,1760507,Yes,Yes,No,Yes,4,20,560,75,Start SIP
CUST102866,38,254647,608350,Yes,Yes,No,No,62,6,569,50,Start SIP
CUST102867,59,35104,1235556,Yes,Yes,No,No,192,17,828,50,Start SIP
CUST102868,30,142904,409494,Yes,Yes,Yes,Yes,56,14,882,100,Advanced Wealth Products
CUST102869,66,117499,378690,Yes,Yes,No,No,151,7,584,50,Start SIP
CUST102870,58,242336,1629322,Yes,Yes,No,No,33,27,815,50,Start SIP
CUST102871,34,188084,986769,Yes,Yes,Yes,Yes,31,19,781,100,Advanced Wealth Products
CUST102872,26,167472,1895423,Yes,Yes,No,Yes,135,15,587,75,Start SIP
CUST102873,58,218141,751447,Yes,Yes,Yes,No,133,16,632,75,Buy Insurance
CUST102874,18,134415,845592,Yes,Yes,No,No,165,2,581,50,Start SIP
CUST102875,19,209716,1370119,Yes,Yes,No,Yes,1,12,603,75,Start SIP
CUST102876,65,95206,816730,Yes,No,Yes,Yes,198,8,774,75,Activate Mobile Banking
CUST102877,46,205545,236946,Yes,Yes,No,Yes,45,19,862,75,Start SIP
CUST102878,50,38723,682551,Yes,Yes,Yes,No,47,14,656,75,Buy Insurance
CUST102879,27,212327,1503756,Yes,Yes,Yes,Yes,196,25,574,100,Advanced Wealth Products
CUST102880,67,15074,1217740,Yes,Yes,Yes,No,30,25,594,75,Buy Insurance
CUST102881,57,270245,94407,Yes,Yes,No,Yes,81,29,667,75,Start SIP
CUST102882,38,211594,1259905,Yes,Yes,No,Yes,188,26,843,75,Start SIP
CUST102883,45,111881,502165,Yes,Yes,Yes,Yes,24,15,674,100,Advanced Wealth Products
CUST102884,28,60929,1640377,Yes,Yes,No,No,31,15,585,50,Start SIP
CUST102885,51,138199,842529,Yes,No,Yes,Yes,28,18,893,75,Activate Mobile Banking
CUST102886,25,246525,952783,Yes,Yes,No,No,173,3,716,50,Start SIP
CUST102887,39,44545,1723340,No,Yes,Yes,Yes,132,18,818,75,Enable UPI
CUST102888,25,94569,468238,Yes,Yes,Yes,No,189,18,743,75,Buy Insurance
CUST102889,66,46673,564486,Yes,Yes,Yes,Yes,39,1,673,100,Advanced Wealth Products
CUST102890,32,38525,1278871,No,Yes,No,No,83,5,820,25,Enable UPI
CUST102891,34,72804,1040702,No,Yes,No,No,152,12,607,25,Enable UPI
CUST102892,40,161115,1890005,Yes,Yes,No,Yes,71,14,608,75,Start SIP
CUST102893,41,56846,1001196,Yes,Yes,Yes,Yes,174,9,857,100,Advanced Wealth Products
CUST102894,62,92261,1971647,Yes,Yes,No,No,181,21,766,50,Start SIP
CUST102895,36,248312,983536,Yes,Yes,No,Yes,176,9,618,75,Start SIP
CUST102896,22,199100,1842187,Yes,Yes,Yes,No,9,3,793,75,Buy Insurance
CUST102897,49,22265,1055595,Yes,Yes,Yes,Yes,22,13,652,100,Advanced Wealth Products
CUST102898,61,299907,610743,Yes,Yes,Yes,No,127,7,554,75,Buy Insurance
CUST102899,18,221724,745599,Yes,Yes,No,No,2,5,848,50,Start SIP
CUST102900,40,30733,154776,Yes,Yes,No,Yes,91,11,813,75,Start SIP
CUST102901,54,106038,1202678,No,Yes,No,No,16,7,790,25,Enable UPI
CUST102902,25,155319,394027,No,No,Yes,Yes,5,5,883,50,Enable UPI
CUST102903,30,36058,860877,Yes,Yes,Yes,Yes,140,14,898,100,Advanced Wealth Products
CUST102904,25,261301,864983,Yes,Yes,No,Yes,180,28,771,75,Start SIP
CUST102905,40,177434,8420,Yes,Yes,Yes,No,154,24,868,75,Buy Insurance
CUST102906,60,101489,851307,Yes,No,No,Yes,15,18,778,50,Activate Mobile Banking
CUST102907,18,99664,183725,No,Yes,No,No,67,13,581,25,Enable UPI
CUST102908,62,193428,546028,No,Yes,Yes,No,73,2,573,50,Enable UPI
CUST102909,68,92597,1380983,Yes,No,No,Yes,187,17,855,50,Activate Mobile Banking
CUST102910,41,283185,1683653,Yes,No,No,No,92,9,736,25,Activate Mobile Banking
CUST102911,52,93209,1018368,Yes,Yes,No,Yes,167,13,677,75,Start SIP
CUST102912,41,273109,987063,Yes,No,No,No,63,13,661,25,Activate Mobile Banking
CUST102913,34,207941,548753,Yes,Yes,Yes,Yes,100,21,843,100,Advanced Wealth Products
CUST102914,22,167131,449648,Yes,Yes,No,No,25,6,698,50,Start SIP
CUST102915,37,114864,1581995,Yes,Yes,No,No,41,6,700,50,Start SIP
CUST102916,38,163620,539940,Yes,No,No,No,28,20,723,25,Activate Mobile Banking
CUST102917,57,181562,463189,Yes,Yes,No,Yes,111,21,746,75,Start SIP
CUST102918,48,222158,1795979,No,Yes,No,Yes,21,22,804,50,Enable UPI
CUST102919,63,130158,314815,Yes,No,Yes,Yes,61,10,717,75,Activate Mobile Banking
CUST102920,53,16468,1298865,Yes,Yes,Yes,Yes,103,17,631,100,Advanced Wealth Products
CUST102921,28,87255,94342,Yes,Yes,Yes,Yes,185,9,619,100,Advanced Wealth Products
CUST102922,69,273078,1334891,Yes,Yes,Yes,No,139,14,874,75,Buy Insurance
CUST102923,32,43718,1270777,Yes,Yes,Yes,No,147,29,562,75,Buy Insurance
CUST102924,36,240409,1313396,Yes,Yes,Yes,Yes,75,11,668,100,Advanced Wealth Products
CUST102925,24,254967,1240340,No,No,No,Yes,1,22,761,25,Enable UPI
CUST102926,68,183913,63541,Yes,Yes,No,No,160,16,651,50,Start SIP
CUST102927,45,229637,14470,Yes,Yes,No,No,109,21,826,50,Start SIP
CUST102928,68,262113,1037657,Yes,Yes,No,Yes,77,23,745,75,Start SIP
CUST102929,60,277911,1770280,No,Yes,Yes,Yes,162,28,626,75,Enable UPI
CUST102930,22,73026,573596,No,Yes,No,No,17,16,887,25,Enable UPI
CUST102931,22,57968,1992406,Yes,Yes,No,No,183,0,882,50,Start SIP
CUST102932,47,186169,140669,Yes,Yes,Yes,Yes,111,5,754,100,Advanced Wealth Products
CUST102933,49,160693,1680704,Yes,No,No,No,19,20,778,25,Activate Mobile Banking
CUST102934,25,91870,166860,Yes,Yes,Yes,No,74,14,738,75,Buy Insurance
CUST102935,27,33174,987524,Yes,Yes,Yes,Yes,170,18,648,100,Advanced Wealth Products
CUST102936,55,55502,1103053,Yes,No,Yes,No,59,13,767,50,Activate Mobile Banking
CUST102937,64,52260,637549,Yes,Yes,No,Yes,115,9,743,75,Start SIP
CUST102938,49,213681,631754,Yes,Yes,No,No,38,28,592,50,Start SIP
CUST102939,65,195536,300215,Yes,No,No,No,31,9,673,25,Activate Mobile Banking
CUST102940,45,86805,468819,No,Yes,No,Yes,194,22,569,50,Enable UPI
CUST102941,34,210991,1508715,Yes,Yes,Yes,No,106,6,860,75,Buy Insurance
CUST102942,48,274636,75560,Yes,Yes,No,No,111,6,879,50,Start SIP
CUST102943,25,200541,784680,Yes,Yes,No,No,197,13,877,50,Start SIP
CUST102944,57,32194,1839142,Yes,Yes,Yes,Yes,50,14,717,100,Advanced Wealth Products
CUST102945,42,172883,1504284,Yes,Yes,No,Yes,126,21,595,75,Start SIP
CUST102946,26,145864,1478562,Yes,Yes,Yes,No,158,19,772,75,Buy Insurance
CUST102947,19,58723,1392482,Yes,Yes,Yes,No,103,8,628,75,Buy Insurance
CUST102948,32,246408,1220047,Yes,Yes,No,No,163,27,719,50,Start SIP
CUST102949,67,257113,519295,Yes,Yes,No,Yes,59,14,795,75,Start SIP
CUST102950,20,91298,1297989,Yes,Yes,No,Yes,121,8,820,75,Start SIP
CUST102951,66,74238,1242087,No,Yes,No,Yes,145,22,648,50,Enable UPI
CUST102952,53,274425,1983649,Yes,Yes,No,No,95,6,871,50,Start SIP
CUST102953,21,120433,1580233,Yes,Yes,No,No,194,23,690,50,Start SIP
CUST102954,31,122092,1425683,Yes,Yes,No,No,149,10,658,50,Start SIP
CUST102955,58,279291,1282205,No,Yes,No,Yes,94,4,862,50,Enable UPI
CUST102956,58,244991,791960,Yes,Yes,No,Yes,52,26,686,75,Start SIP
CUST102957,42,199875,1162382,Yes,No,No,No,193,8,670,25,Activate Mobile Banking
CUST102958,67,207180,1214962,No,Yes,No,No,142,5,648,25,Enable UPI
CUST102959,27,121170,632267,Yes,Yes,No,No,16,6,615,50,Start SIP
CUST102960,38,228482,940551,Yes,Yes,No,Yes,55,27,693,75,Start SIP
CUST102961,53,132116,1859756,Yes,Yes,No,Yes,137,22,659,75,Start SIP
CUST102962,29,154805,1088685,No,Yes,Yes,Yes,136,24,679,75,Enable UPI
CUST102963,44,286623,1591783,Yes,Yes,No,No,162,22,877,50,Start SIP
CUST102964,57,90361,1363218,Yes,No,No,Yes,109,13,806,50,Activate Mobile Banking
CUST102965,19,167376,1371528,Yes,Yes,No,No,161,18,759,50,Start SIP
CUST102966,30,139232,741152,Yes,Yes,No,No,94,21,795,50,Start SIP
CUST102967,49,96171,1648305,Yes,No,Yes,Yes,7,21,703,75,Activate Mobile Banking
CUST102968,48,101296,380987,Yes,Yes,No,Yes,149,10,682,75,Start SIP
CUST102969,33,155562,511775,Yes,Yes,Yes,No,133,27,570,75,Buy Insurance
CUST102970,49,167324,1390140,Yes,No,Yes,Yes,199,6,584,75,Activate Mobile Banking
CUST102971,49,152934,1475698,Yes,Yes,No,Yes,140,5,859,75,Start SIP
CUST102972,51,256535,1423167,No,Yes,No,No,187,3,773,25,Enable UPI
CUST102973,28,273970,469702,Yes,No,No,No,81,13,673,25,Activate Mobile Banking
CUST102974,27,186999,1120472,No,Yes,No,No,186,21,789,25,Enable UPI
CUST102975,32,246449,1157007,Yes,No,Yes,Yes,88,2,849,75,Activate Mobile Banking
CUST102976,34,46826,420162,Yes,Yes,Yes,No,165,16,890,75,Buy Insurance
CUST102977,57,203337,1624884,Yes,Yes,No,Yes,108,14,553,75,Start SIP
CUST102978,35,87361,1258914,Yes,Yes,Yes,Yes,83,0,672,100,Advanced Wealth Products
CUST102979,26,255028,1570491,No,Yes,Yes,Yes,45,20,591,75,Enable UPI
CUST102980,42,232256,813593,No,Yes,No,Yes,80,10,718,50,Enable UPI
CUST102981,57,55736,32738,Yes,Yes,No,No,25,12,829,50,Start SIP
CUST102982,31,224124,1712861,Yes,Yes,No,No,27,29,774,50,Start SIP
CUST102983,42,193130,1455255,Yes,Yes,Yes,No,51,23,734,75,Buy Insurance
CUST102984,67,121080,62153,Yes,Yes,Yes,No,119,2,872,75,Buy Insurance
CUST102985,39,150958,1791884,Yes,Yes,No,Yes,170,12,560,75,Start SIP
CUST102986,69,239793,66009,Yes,Yes,No,Yes,108,17,722,75,Start SIP
CUST102987,47,133623,1927946,Yes,Yes,No,No,199,23,645,50,Start SIP
CUST102988,37,167647,890978,Yes,No,Yes,No,170,8,827,50,Activate Mobile Banking
CUST102989,38,127260,489469,No,Yes,Yes,No,60,24,688,50,Enable UPI
CUST102990,61,181862,1750488,No,Yes,Yes,Yes,72,1,715,75,Enable UPI
CUST102991,49,233976,1371991,Yes,No,No,No,186,27,736,25,Activate Mobile Banking
CUST102992,68,156041,801229,No,Yes,Yes,Yes,80,7,635,75,Enable UPI
CUST102993,63,289548,1401850,Yes,Yes,No,Yes,72,1,780,75,Start SIP
CUST102994,66,256356,76942,Yes,Yes,Yes,Yes,96,22,687,100,Advanced Wealth Products
CUST102995,38,185534,123065,Yes,No,No,Yes,126,23,568,50,Activate Mobile Banking
CUST102996,52,296504,1329685,Yes,Yes,Yes,Yes,150,0,887,100,Advanced Wealth Products
CUST102997,49,211544,1329453,Yes,No,No,Yes,96,23,705,50,Activate Mobile Banking
CUST102998,47,261512,451439,No,No,Yes,No,186,2,644,25,Enable UPI
CUST102999,56,255037,1442902,No,Yes,No,No,139,28,566,25,Enable UPI
CUST103000,66,49160,1573366,Yes,Yes,No,No,109,16,829,50,Start SIP
CUST103001,29,283933,687286,No,Yes,Yes,No,6,6,810,50,Enable UPI
CUST103002,58,173253,689143,Yes,Yes,No,No,22,9,709,50,Start SIP
CUST103003,64,160457,612648,Yes,Yes,No,Yes,103,18,858,75,Start SIP
CUST103004,35,80641,1221042,Yes,No,No,Yes,12,23,630,50,Activate Mobile Banking
CUST103005,38,101673,1424098,Yes,Yes,No,No,27,8,734,50,Start SIP
CUST103006,30,246322,725156,Yes,Yes,No,No,129,17,762,50,Start SIP
CUST103007,38,282688,295431,Yes,Yes,Yes,Yes,192,14,891,100,Advanced Wealth Products
CUST103008,25,261855,1135680,Yes,Yes,Yes,No,80,16,716,75,Buy Insurance
CUST103009,63,251361,1739372,Yes,Yes,No,Yes,167,23,755,75,Start SIP
CUST103010,57,78248,1402636,Yes,Yes,No,Yes,60,25,885,75,Start SIP
CUST103011,63,217821,1799268,Yes,Yes,Yes,Yes,116,21,810,100,Advanced Wealth Products
CUST103012,24,270949,1520359,Yes,Yes,No,Yes,70,25,823,75,Start SIP
CUST103013,40,292749,1534275,Yes,No,Yes,Yes,182,16,785,75,Activate Mobile Banking
CUST103014,61,65713,1843196,Yes,Yes,No,No,153,18,792,50,Start SIP
CUST103015,49,18981,1669069,No,Yes,No,Yes,148,8,769,50,Enable UPI
CUST103016,28,110335,237321,Yes,Yes,No,Yes,36,24,896,75,Start SIP
CUST103017,39,122441,1937357,Yes,Yes,Yes,Yes,151,5,619,100,Advanced Wealth Products
CUST103018,39,31984,142837,Yes,Yes,No,No,129,18,762,50,Start SIP
CUST103019,60,140580,449842,Yes,Yes,No,No,155,7,886,50,Start SIP
CUST103020,42,147596,749067,Yes,No,No,Yes,52,5,836,50,Activate Mobile Banking
CUST103021,39,133454,146879,Yes,Yes,Yes,Yes,130,16,775,100,Advanced Wealth Products
CUST103022,45,64402,15204,No,Yes,No,Yes,149,5,818,50,Enable UPI
CUST103023,46,106656,1801538,Yes,Yes,No,No,137,12,828,50,Start SIP
CUST103024,30,80614,718304,Yes,No,No,Yes,111,20,798,50,Activate Mobile Banking
CUST103025,35,181963,1882128,Yes,Yes,No,Yes,88,23,870,75,Start SIP
CUST103026,19,273789,107903,Yes,Yes,No,Yes,48,28,745,75,Start SIP
CUST103027,46,146049,420874,Yes,Yes,Yes,Yes,105,1,579,100,Advanced Wealth Products
CUST103028,38,284754,828513,Yes,No,No,No,167,11,852,25,Activate Mobile Banking
CUST103029,32,124381,785975,No,No,No,Yes,42,6,680,25,Enable UPI
CUST103030,69,30791,1612850,Yes,Yes,Yes,Yes,199,5,561,100,Advanced Wealth Products
CUST103031,44,73047,870754,No,Yes,No,No,94,16,565,25,Enable UPI
CUST103032,67,249898,1934827,Yes,Yes,Yes,No,45,27,666,75,Buy Insurance
CUST103033,48,165737,1970023,Yes,No,Yes,Yes,130,7,698,75,Activate Mobile Banking
CUST103034,32,85246,579592,Yes,No,No,No,195,5,658,25,Activate Mobile Banking
CUST103035,68,211936,1905600,Yes,No,No,No,171,28,785,25,Activate Mobile Banking
CUST103036,40,249955,1374268,No,No,No,Yes,104,18,863,25,Enable UPI
CUST103037,41,60890,1033341,Yes,No,No,No,107,20,554,25,Activate Mobile Banking
CUST103038,61,47888,1414167,Yes,Yes,No,Yes,146,22,729,75,Start SIP
CUST103039,30,152821,1617850,No,No,No,Yes,39,8,886,25,Enable UPI
CUST103040,39,61531,341239,No,Yes,No,Yes,134,19,550,50,Enable UPI
CUST103041,60,297752,1145170,No,No,No,No,170,27,557,0,Enable UPI
CUST103042,54,71017,355425,No,Yes,No,No,180,29,693,25,Enable UPI
CUST103043,50,72676,1644015,Yes,Yes,Yes,Yes,27,15,692,100,Advanced Wealth Products
CUST103044,20,26560,1913606,No,Yes,No,Yes,143,17,824,50,Enable UPI
CUST103045,36,65468,1868222,Yes,Yes,No,No,19,18,702,50,Start SIP
CUST103046,40,178535,830177,No,Yes,No,No,190,6,836,25,Enable UPI
CUST103047,46,109346,507939,No,Yes,No,No,64,7,679,25,Enable UPI
CUST103048,47,155790,1227196,Yes,Yes,Yes,Yes,51,20,670,100,Advanced Wealth Products
CUST103049,56,208709,146753,No,Yes,No,No,175,18,608,25,Enable UPI
CUST103050,61,277172,143056,Yes,Yes,Yes,Yes,57,0,766,100,Advanced Wealth Products
CUST103051,64,62599,163651,Yes,Yes,Yes,No,20,25,580,75,Buy Insurance
CUST103052,42,163469,1930818,Yes,No,No,Yes,20,12,793,50,Activate Mobile Banking
CUST103053,54,255270,239347,No,Yes,No,Yes,82,0,689,50,Enable UPI
CUST103054,64,60406,1763869,Yes,Yes,No,Yes,192,10,762,75,Start SIP
CUST103055,25,82560,1474191,Yes,Yes,Yes,No,101,1,578,75,Buy Insurance
CUST103056,59,119143,691841,Yes,Yes,No,No,38,20,713,50,Start SIP
CUST103057,33,159575,1054520,No,Yes,No,No,38,2,653,25,Enable UPI
CUST103058,25,69943,623281,Yes,Yes,Yes,Yes,65,12,612,100,Advanced Wealth Products
CUST103059,18,90839,276258,No,Yes,Yes,No,76,6,564,50,Enable UPI
CUST103060,61,97674,831278,No,Yes,Yes,Yes,133,1,835,75,Enable UPI
CUST103061,22,40345,744026,Yes,Yes,No,No,192,1,728,50,Start SIP
CUST103062,20,264495,1262496,Yes,Yes,No,No,123,2,560,50,Start SIP
CUST103063,18,65390,1310381,Yes,Yes,No,No,125,12,562,50,Start SIP
CUST103064,21,241113,1348316,No,No,No,No,27,11,764,0,Enable UPI
CUST103065,57,16906,633375,No,Yes,No,No,103,0,860,25,Enable UPI
CUST103066,52,22961,997791,Yes,Yes,No,No,20,17,775,50,Start SIP
CUST103067,49,172212,798339,No,Yes,No,Yes,60,4,612,50,Enable UPI
CUST103068,59,204773,260035,Yes,Yes,No,No,168,18,804,50,Start SIP
CUST103069,51,96199,1212762,Yes,Yes,No,No,83,26,679,50,Start SIP
CUST103070,60,275928,1865017,No,Yes,No,No,6,9,812,25,Enable UPI
CUST103071,42,114764,351990,Yes,Yes,Yes,No,164,5,720,75,Buy Insurance
CUST103072,27,137357,1890249,No,Yes,Yes,Yes,112,17,739,75,Enable UPI
CUST103073,38,109968,1744661,Yes,Yes,No,Yes,193,14,833,75,Start SIP
CUST103074,63,175576,810428,No,Yes,Yes,No,139,13,574,50,Enable UPI
CUST103075,56,55297,1452839,Yes,Yes,No,Yes,177,23,709,75,Start SIP
CUST103076,44,101394,1344487,Yes,No,No,No,114,15,766,25,Activate Mobile Banking
CUST103077,44,31939,1332067,No,Yes,Yes,No,84,3,725,50,Enable UPI
CUST103078,19,214294,107063,Yes,Yes,No,Yes,156,18,885,75,Start SIP
CUST103079,58,77119,1601966,Yes,Yes,No,Yes,22,20,770,75,Start SIP
CUST103080,65,181393,1582127,No,Yes,Yes,No,84,29,829,50,Enable UPI
CUST103081,30,159258,375729,Yes,Yes,No,Yes,47,7,630,75,Start SIP
CUST103082,26,233827,1121014,No,Yes,No,Yes,102,24,674,50,Enable UPI
CUST103083,69,282201,1149935,Yes,No,Yes,Yes,80,0,719,75,Activate Mobile Banking
CUST103084,53,164805,428756,Yes,Yes,Yes,Yes,194,19,619,100,Advanced Wealth Products
CUST103085,39,296301,659539,No,Yes,Yes,Yes,25,21,627,75,Enable UPI
CUST103086,59,165685,1547663,Yes,Yes,Yes,No,91,21,639,75,Buy Insurance
CUST103087,43,123612,1522518,Yes,No,Yes,Yes,67,12,897,75,Activate Mobile Banking
CUST103088,29,151260,461985,Yes,Yes,No,Yes,160,8,660,75,Start SIP
CUST103089,34,253178,701203,No,Yes,No,No,145,0,713,25,Enable UPI
CUST103090,31,274418,32690,Yes,Yes,No,No,40,14,677,50,Start SIP
CUST103091,31,44680,532282,Yes,Yes,Yes,Yes,30,28,704,100,Advanced Wealth Products
CUST103092,51,249433,1157109,Yes,Yes,No,No,59,14,743,50,Start SIP
CUST103093,37,51445,1121122,Yes,No,No,No,28,13,722,25,Activate Mobile Banking
CUST103094,28,20796,1454169,Yes,Yes,No,No,47,4,849,50,Start SIP
CUST103095,33,185203,345716,Yes,Yes,No,No,117,25,862,50,Start SIP
CUST103096,68,154294,555755,Yes,No,No,No,151,16,570,25,Activate Mobile Banking
CUST103097,48,83322,775878,Yes,Yes,No,Yes,83,5,860,75,Start SIP
CUST103098,23,245246,660408,Yes,Yes,Yes,No,57,8,658,75,Buy Insurance
CUST103099,36,125100,173050,Yes,Yes,Yes,No,129,19,678,75,Buy Insurance
CUST103100,54,114244,1562658,Yes,Yes,No,No,29,25,829,50,Start SIP
CUST103101,21,145364,518672,No,Yes,No,Yes,178,25,576,50,Enable UPI
CUST103102,64,215065,1887614,Yes,Yes,Yes,Yes,64,24,893,100,Advanced Wealth Products
CUST103103,21,188688,1004078,Yes,No,No,No,99,18,641,25,Activate Mobile Banking
CUST103104,37,67127,1938120,Yes,No,No,Yes,37,26,844,50,Activate Mobile Banking
CUST103105,27,277597,1651278,Yes,Yes,No,Yes,189,22,604,75,Start SIP
CUST103106,41,102362,884577,No,Yes,Yes,No,128,20,745,50,Enable UPI
CUST103107,52,288120,709582,No,Yes,Yes,Yes,135,25,770,75,Enable UPI
CUST103108,43,129176,577403,Yes,Yes,No,Yes,90,16,850,75,Start SIP
CUST103109,54,114122,881038,Yes,Yes,No,No,87,6,705,50,Start SIP
CUST103110,55,112170,1618511,Yes,Yes,No,No,64,7,650,50,Start SIP
CUST103111,38,232912,1108183,Yes,Yes,No,No,18,14,785,50,Start SIP
CUST103112,57,263178,1504202,No,No,No,No,29,5,834,0,Enable UPI
CUST103113,56,250851,1075572,Yes,Yes,No,Yes,114,0,618,75,Start SIP
CUST103114,38,111516,977425,Yes,Yes,No,No,60,8,816,50,Start SIP
CUST103115,27,22957,1137273,Yes,Yes,No,Yes,54,6,687,75,Start SIP
CUST103116,55,122724,1361742,Yes,Yes,No,Yes,72,29,797,75,Start SIP
CUST103117,63,290381,831580,Yes,No,Yes,No,149,21,652,50,Activate Mobile Banking
CUST103118,21,296396,1645628,No,No,No,Yes,149,19,657,25,Enable UPI
CUST103119,62,180278,1931909,Yes,Yes,No,No,58,18,749,50,Start SIP
CUST103120,37,18543,357868,Yes,Yes,No,Yes,177,3,764,75,Start SIP
CUST103121,34,190207,1964774,Yes,Yes,No,Yes,36,0,704,75,Start SIP
CUST103122,24,262541,244190,Yes,Yes,No,No,145,8,636,50,Start SIP
CUST103123,21,119647,13888,Yes,Yes,No,No,80,1,758,50,Start SIP
CUST103124,46,50031,1797602,Yes,Yes,No,Yes,181,15,727,75,Start SIP
CUST103125,31,189001,440413,Yes,Yes,No,No,15,1,623,50,Start SIP
CUST103126,20,251403,1006830,Yes,Yes,Yes,Yes,40,2,807,100,Advanced Wealth Products
CUST103127,41,80867,1275008,No,Yes,Yes,Yes,81,13,822,75,Enable UPI
CUST103128,54,103780,366085,Yes,Yes,No,Yes,51,12,900,75,Start SIP
CUST103129,33,72196,1995554,No,Yes,No,Yes,193,16,885,50,Enable UPI
CUST103130,69,88705,284477,Yes,Yes,No,Yes,141,9,573,75,Start SIP
CUST103131,21,291735,506616,Yes,Yes,No,No,166,2,862,50,Start SIP
CUST103132,41,112247,565643,Yes,Yes,Yes,No,97,3,620,75,Buy Insurance
CUST103133,51,194965,235487,No,Yes,No,Yes,154,24,632,50,Enable UPI
CUST103134,47,15727,658974,Yes,No,No,No,143,4,841,25,Activate Mobile Banking
CUST103135,35,58822,472119,Yes,No,Yes,Yes,117,10,850,75,Activate Mobile Banking
CUST103136,36,127113,988762,Yes,No,Yes,Yes,133,5,559,75,Activate Mobile Banking
CUST103137,48,234606,1740081,Yes,Yes,No,Yes,2,28,868,75,Start SIP
CUST103138,36,75091,778890,Yes,Yes,No,Yes,115,0,592,75,Start SIP
CUST103139,66,169591,254434,No,Yes,Yes,No,78,18,600,50,Enable UPI
CUST103140,63,220603,894602,Yes,Yes,No,Yes,93,29,756,75,Start SIP
CUST103141,36,194006,1391395,Yes,Yes,No,No,193,6,656,50,Start SIP
CUST103142,39,174912,1234502,Yes,Yes,No,No,77,22,808,50,Start SIP
CUST103143,41,104367,596952,Yes,Yes,No,No,60,9,743,50,Start SIP
CUST103144,62,28265,505638,Yes,Yes,No,No,96,28,784,50,Start SIP
CUST103145,29,94622,615441,No,No,Yes,Yes,98,11,712,50,Enable UPI
CUST103146,47,175259,1671480,Yes,Yes,Yes,Yes,56,11,618,100,Advanced Wealth Products
CUST103147,55,166611,1875293,No,No,No,No,118,28,884,0,Enable UPI
CUST103148,48,236711,1309925,No,Yes,No,Yes,119,0,841,50,Enable UPI
CUST103149,53,185457,1464325,Yes,Yes,No,Yes,38,8,854,75,Start SIP
CUST103150,36,146025,955128,Yes,Yes,Yes,No,185,16,806,75,Buy Insurance
CUST103151,65,102580,576284,Yes,Yes,No,Yes,102,22,878,75,Start SIP
CUST103152,62,128396,314091,No,Yes,Yes,No,51,11,734,50,Enable UPI
CUST103153,53,110310,426172,Yes,Yes,No,Yes,169,27,804,75,Start SIP
CUST103154,47,171080,1891038,Yes,Yes,Yes,No,127,1,665,75,Buy Insurance
CUST103155,66,229168,456813,Yes,Yes,No,No,103,8,563,50,Start SIP
CUST103156,50,104876,1882451,Yes,Yes,Yes,Yes,198,11,764,100,Advanced Wealth Products
CUST103157,35,39976,657632,Yes,Yes,Yes,No,180,27,642,75,Buy Insurance
CUST103158,69,260014,234685,Yes,Yes,Yes,No,129,24,783,75,Buy Insurance
CUST103159,66,173698,332608,No,No,No,No,85,24,729,0,Enable UPI
CUST103160,45,205861,1705883,No,Yes,Yes,No,103,3,603,50,Enable UPI
CUST103161,64,124331,140024,Yes,Yes,No,No,18,21,854,50,Start SIP
CUST103162,28,209717,979384,Yes,Yes,No,Yes,27,28,579,75,Start SIP
CUST103163,62,266666,188273,No,No,No,Yes,92,11,561,25,Enable UPI
CUST103164,50,284670,649742,Yes,Yes,No,No,72,17,660,50,Start SIP
CUST103165,34,118863,129444,No,Yes,No,Yes,95,2,661,50,Enable UPI
CUST103166,23,214121,379319,Yes,Yes,No,Yes,76,21,718,75,Start SIP
CUST103167,21,71096,309604,Yes,Yes,No,Yes,170,0,653,75,Start SIP
CUST103168,37,153982,1207444,Yes,Yes,No,No,6,22,560,50,Start SIP
CUST103169,65,65248,167818,Yes,Yes,No,No,90,17,896,50,Start SIP
CUST103170,64,220728,485001,No,No,No,No,80,23,878,0,Enable UPI
CUST103171,44,94888,1053591,Yes,Yes,No,No,83,20,821,50,Start SIP
CUST103172,32,221354,1889765,Yes,No,No,No,82,22,563,25,Activate Mobile Banking
CUST103173,23,255346,1210605,Yes,No,Yes,No,152,7,724,50,Activate Mobile Banking
CUST103174,64,109533,610829,No,Yes,No,Yes,45,18,707,50,Enable UPI
CUST103175,31,56954,1599156,Yes,Yes,Yes,Yes,71,21,659,100,Advanced Wealth Products
CUST103176,28,154876,1438414,No,Yes,Yes,No,7,27,701,50,Enable UPI
CUST103177,56,238777,167948,Yes,No,No,Yes,144,24,783,50,Activate Mobile Banking
CUST103178,26,277739,721087,Yes,Yes,No,No,126,3,690,50,Start SIP
CUST103179,43,55643,1100622,No,Yes,Yes,No,58,25,668,50,Enable UPI
CUST103180,33,269793,1592681,Yes,Yes,No,No,57,22,558,50,Start SIP
CUST103181,22,283116,1063335,Yes,No,No,Yes,170,15,726,50,Activate Mobile Banking
CUST103182,69,293026,1233080,Yes,Yes,No,Yes,111,16,598,75,Start SIP
CUST103183,27,212466,1322132,Yes,Yes,No,No,142,27,847,50,Start SIP
CUST103184,67,169841,1504549,Yes,Yes,No,Yes,56,22,882,75,Start SIP
CUST103185,20,40020,287648,Yes,Yes,No,No,12,8,698,50,Start SIP
CUST103186,30,59912,1424220,Yes,Yes,Yes,No,93,25,706,75,Buy Insurance
CUST103187,60,27879,275651,Yes,No,No,No,15,7,641,25,Activate Mobile Banking
CUST103188,66,48798,1074626,Yes,Yes,No,No,8,19,701,50,Start SIP
CUST103189,47,122791,403036,Yes,Yes,No,Yes,186,18,719,75,Start SIP
CUST103190,62,192145,1978915,No,Yes,No,No,53,6,633,25,Enable UPI
CUST103191,23,148922,491383,No,Yes,Yes,Yes,137,28,876,75,Enable UPI
CUST103192,34,174472,1153729,Yes,Yes,Yes,Yes,174,11,597,100,Advanced Wealth Products
CUST103193,62,289097,1853595,Yes,Yes,No,No,92,0,884,50,Start SIP
CUST103194,68,121410,236329,No,Yes,No,No,7,23,766,25,Enable UPI
CUST103195,36,140155,1635596,Yes,Yes,No,No,44,29,626,50,Start SIP
CUST103196,59,169607,581209,Yes,Yes,No,Yes,14,27,592,75,Start SIP
CUST103197,52,221608,1492291,No,Yes,No,No,75,16,813,25,Enable UPI
CUST103198,63,267712,1695598,Yes,Yes,Yes,Yes,115,22,612,100,Advanced Wealth Products
CUST103199,43,19055,1044786,Yes,Yes,No,No,92,5,794,50,Start SIP
CUST103200,68,244016,1970112,No,Yes,No,No,134,25,669,25,Enable UPI
CUST103201,22,253657,142912,Yes,Yes,No,Yes,163,23,868,75,Start SIP
CUST103202,46,150996,501586,Yes,Yes,Yes,Yes,198,21,811,100,Advanced Wealth Products
CUST103203,54,63037,560728,Yes,Yes,No,Yes,189,4,879,75,Start SIP
CUST103204,37,107115,1613047,Yes,Yes,No,No,152,24,799,50,Start SIP
CUST103205,66,85400,1936180,No,No,No,No,73,19,601,0,Enable UPI
CUST103206,38,114525,1711325,Yes,Yes,No,No,130,6,826,50,Start SIP
CUST103207,27,238457,643803,Yes,Yes,Yes,No,179,21,691,75,Buy Insurance
CUST103208,22,239174,1438903,No,Yes,No,No,31,25,800,25,Enable UPI
CUST103209,53,156774,333443,Yes,Yes,No,No,126,21,863,50,Start SIP
CUST103210,23,30385,1798397,Yes,Yes,No,No,119,26,774,50,Start SIP
CUST103211,43,286480,1014589,Yes,Yes,Yes,Yes,27,11,702,100,Advanced Wealth Products
CUST103212,21,51021,1693367,Yes,Yes,No,No,110,4,605,50,Start SIP
CUST103213,56,132369,1092599,Yes,Yes,No,No,159,1,888,50,Start SIP
CUST103214,56,235702,1234677,No,Yes,Yes,Yes,106,3,558,75,Enable UPI
CUST103215,67,64111,307085,No,Yes,Yes,No,198,16,790,50,Enable UPI
CUST103216,52,104402,1500742,Yes,Yes,No,No,171,24,713,50,Start SIP
CUST103217,18,134774,913109,Yes,No,No,Yes,120,24,682,50,Activate Mobile Banking
CUST103218,41,268724,747319,Yes,Yes,Yes,Yes,82,7,630,100,Advanced Wealth Products
CUST103219,53,230657,81054,Yes,Yes,Yes,No,52,19,899,75,Buy Insurance
CUST103220,23,242600,1381083,Yes,Yes,Yes,No,14,4,684,75,Buy Insurance
CUST103221,58,195109,506772,No,Yes,Yes,No,187,16,683,50,Enable UPI
CUST103222,63,140695,591030,Yes,Yes,No,No,20,19,601,50,Start SIP
CUST103223,61,149585,1046963,Yes,Yes,Yes,Yes,118,3,751,100,Advanced Wealth Products
CUST103224,48,261255,1544688,Yes,Yes,Yes,Yes,52,20,747,100,Advanced Wealth Products
CUST103225,37,159407,574503,Yes,Yes,No,Yes,101,17,655,75,Start SIP
CUST103226,41,190212,1047585,Yes,Yes,Yes,No,40,17,860,75,Buy Insurance
CUST103227,42,119126,1887865,Yes,Yes,No,No,68,27,793,50,Start SIP
CUST103228,53,226445,1895484,Yes,No,No,Yes,44,17,782,50,Activate Mobile Banking
CUST103229,38,92658,164245,Yes,Yes,No,No,134,15,563,50,Start SIP
CUST103230,47,180912,1456187,Yes,No,No,No,87,10,774,25,Activate Mobile Banking
CUST103231,41,121833,851200,Yes,Yes,No,Yes,120,7,760,75,Start SIP
CUST103232,61,133637,1295019,Yes,No,Yes,No,57,28,750,50,Activate Mobile Banking
CUST103233,59,108220,1531535,No,Yes,No,No,186,11,714,25,Enable UPI
CUST103234,47,41393,1157167,Yes,Yes,No,Yes,72,17,598,75,Start SIP
CUST103235,39,72480,1302621,Yes,Yes,Yes,No,158,21,682,75,Buy Insurance
CUST103236,45,155179,1624093,Yes,Yes,No,Yes,52,17,619,75,Start SIP
CUST103237,24,283137,1997719,Yes,Yes,No,Yes,11,28,668,75,Start SIP
CUST103238,52,108650,1951714,Yes,Yes,Yes,Yes,175,7,688,100,Advanced Wealth Products
CUST103239,45,249397,67583,Yes,No,No,No,5,15,792,25,Activate Mobile Banking
CUST103240,31,67066,260931,Yes,Yes,No,Yes,131,29,730,75,Start SIP
CUST103241,27,31138,1213572,Yes,Yes,No,No,143,16,732,50,Start SIP
CUST103242,33,133558,1703875,Yes,Yes,No,No,130,1,884,50,Start SIP
CUST103243,33,273480,1519761,Yes,Yes,No,No,2,29,599,50,Start SIP
CUST103244,48,286334,1345824,No,Yes,No,No,182,20,730,25,Enable UPI
CUST103245,59,93422,769948,Yes,Yes,Yes,Yes,174,21,674,100,Advanced Wealth Products
CUST103246,42,201770,829026,Yes,No,Yes,No,94,14,780,50,Activate Mobile Banking
CUST103247,30,97315,270808,Yes,Yes,No,Yes,127,24,860,75,Start SIP
CUST103248,23,44086,1850536,Yes,Yes,No,No,126,21,897,50,Start SIP
CUST103249,61,140604,1737126,Yes,Yes,No,No,41,23,552,50,Start SIP
CUST103250,26,134324,726393,No,No,No,No,197,27,722,0,Enable UPI
CUST103251,62,231682,459377,No,Yes,No,Yes,30,6,630,50,Enable UPI
CUST103252,53,18435,733537,Yes,No,No,No,44,0,824,25,Activate Mobile Banking
CUST103253,60,175014,657692,Yes,Yes,Yes,Yes,10,1,864,100,Advanced Wealth Products
CUST103254,37,205707,1255240,Yes,Yes,No,Yes,30,3,894,75,Start SIP
CUST103255,35,203629,1348619,Yes,Yes,No,Yes,75,15,768,75,Start SIP
CUST103256,60,58890,862411,Yes,Yes,No,Yes,49,11,689,75,Start SIP
CUST103257,38,298466,546529,No,Yes,No,No,163,16,612,25,Enable UPI
CUST103258,21,50739,837643,No,Yes,No,No,193,23,576,25,Enable UPI
CUST103259,67,94553,1641336,Yes,Yes,No,Yes,145,3,745,75,Start SIP
CUST103260,50,23314,210320,Yes,No,Yes,No,159,15,701,50,Activate Mobile Banking
CUST103261,44,108831,996261,Yes,No,Yes,Yes,70,6,801,75,Activate Mobile Banking
CUST103262,24,132174,36346,Yes,No,Yes,No,180,22,797,50,Activate Mobile Banking
CUST103263,23,161429,1659060,Yes,No,No,No,26,7,703,25,Activate Mobile Banking
CUST103264,32,244937,371595,Yes,Yes,Yes,No,100,24,759,75,Buy Insurance
CUST103265,35,35365,737484,Yes,Yes,No,Yes,133,8,571,75,Start SIP
CUST103266,49,278881,1942916,Yes,No,No,No,111,13,619,25,Activate Mobile Banking
CUST103267,28,220704,1489012,Yes,Yes,No,Yes,14,22,568,75,Start SIP
CUST103268,37,100474,1202590,Yes,Yes,No,No,51,8,650,50,Start SIP
CUST103269,41,270678,1889175,Yes,Yes,Yes,No,15,14,711,75,Buy Insurance
CUST103270,32,173571,827805,Yes,Yes,No,No,128,20,688,50,Start SIP
CUST103271,65,256099,1907151,Yes,Yes,Yes,Yes,140,25,637,100,Advanced Wealth Products
CUST103272,24,256474,1698487,Yes,Yes,No,No,46,3,586,50,Start SIP
CUST103273,38,143692,901445,Yes,Yes,Yes,No,192,2,720,75,Buy Insurance
CUST103274,59,253502,1055592,Yes,No,No,No,72,21,809,25,Activate Mobile Banking
CUST103275,43,192229,1909118,Yes,Yes,No,No,187,9,887,50,Start SIP
CUST103276,61,187106,1576771,Yes,Yes,No,No,95,26,820,50,Start SIP
CUST103277,31,15294,968813,No,Yes,No,No,154,24,804,25,Enable UPI
CUST103278,54,113185,536562,Yes,No,Yes,Yes,29,3,689,75,Activate Mobile Banking
CUST103279,38,288578,1030743,Yes,Yes,No,No,132,29,617,50,Start SIP
CUST103280,35,73382,20748,Yes,Yes,No,Yes,178,17,617,75,Start SIP
CUST103281,22,19655,1466967,Yes,No,No,No,25,10,718,25,Activate Mobile Banking
CUST103282,20,98029,1551502,No,Yes,No,No,168,18,654,25,Enable UPI
CUST103283,40,18771,1589690,Yes,No,Yes,Yes,32,18,864,75,Activate Mobile Banking
CUST103284,43,135811,874440,Yes,Yes,No,No,100,17,607,50,Start SIP
CUST103285,54,294702,658576,Yes,Yes,No,No,37,12,736,50,Start SIP
CUST103286,41,122779,432345,Yes,Yes,No,No,126,24,605,50,Start SIP
CUST103287,66,139891,1254657,No,Yes,No,Yes,138,3,553,50,Enable UPI
CUST103288,36,269797,1828918,Yes,Yes,No,Yes,166,2,834,75,Start SIP
CUST103289,68,269472,421706,Yes,No,Yes,No,189,15,566,50,Activate Mobile Banking
CUST103290,42,47376,897055,No,No,Yes,Yes,100,13,786,50,Enable UPI
CUST103291,38,92924,177507,No,No,No,No,27,9,856,0,Enable UPI
CUST103292,29,44332,1783953,Yes,Yes,No,Yes,135,5,799,75,Start SIP
CUST103293,58,61737,1979600,Yes,No,No,Yes,99,7,573,50,Activate Mobile Banking
CUST103294,50,104031,525140,Yes,Yes,No,No,137,26,849,50,Start SIP
CUST103295,67,198024,228023,Yes,No,No,Yes,187,23,665,50,Activate Mobile Banking
CUST103296,21,298135,1398826,No,Yes,No,No,36,15,787,25,Enable UPI
CUST103297,59,42472,1770813,Yes,Yes,No,No,118,9,718,50,Start SIP
CUST103298,24,74946,942302,Yes,No,Yes,No,158,21,862,50,Activate Mobile Banking
CUST103299,39,278685,1370358,No,No,No,Yes,19,20,837,25,Enable UPI
CUST103300,50,144237,1122648,Yes,Yes,No,No,169,26,790,50,Start SIP
CUST103301,34,17765,1120885,Yes,Yes,Yes,Yes,55,6,847,100,Advanced Wealth Products
CUST103302,41,175355,1214542,No,Yes,No,No,84,18,839,25,Enable UPI
CUST103303,51,116387,506775,No,Yes,No,Yes,6,27,800,50,Enable UPI
CUST103304,45,266116,1440444,No,Yes,No,Yes,123,25,714,50,Enable UPI
CUST103305,60,163878,190639,Yes,Yes,Yes,No,107,17,890,75,Buy Insurance
CUST103306,58,280116,1967851,No,Yes,Yes,No,88,12,690,50,Enable UPI
CUST103307,56,164328,1613190,Yes,Yes,Yes,Yes,150,7,669,100,Advanced Wealth Products
CUST103308,39,164725,715419,Yes,Yes,Yes,No,198,26,887,75,Buy Insurance
CUST103309,66,118579,1845087,No,Yes,No,No,152,27,710,25,Enable UPI
CUST103310,34,54339,1996918,Yes,Yes,Yes,Yes,62,13,654,100,Advanced Wealth Products
CUST103311,51,42909,1437132,No,Yes,No,Yes,170,8,887,50,Enable UPI
CUST103312,23,203644,1665204,Yes,Yes,No,Yes,150,11,641,75,Start SIP
CUST103313,63,172541,1925219,Yes,Yes,Yes,Yes,144,5,753,100,Advanced Wealth Products
CUST103314,23,147385,423810,No,Yes,No,Yes,141,19,589,50,Enable UPI
CUST103315,51,156002,309893,Yes,Yes,No,Yes,120,21,603,75,Start SIP
CUST103316,18,18285,1745228,Yes,Yes,No,No,37,27,638,50,Start SIP
CUST103317,27,50863,1696056,Yes,Yes,No,Yes,180,22,684,75,Start SIP
CUST103318,38,162776,865966,No,No,No,No,152,11,551,0,Enable UPI
CUST103319,22,146627,1305325,Yes,Yes,No,No,125,23,646,50,Start SIP
CUST103320,19,36323,1919241,Yes,Yes,No,No,17,18,605,50,Start SIP
CUST103321,39,68915,1629682,Yes,Yes,Yes,No,16,11,673,75,Buy Insurance
CUST103322,65,156691,1951918,No,Yes,No,Yes,129,21,734,50,Enable UPI
CUST103323,19,218462,1591293,Yes,No,Yes,Yes,85,29,674,75,Activate Mobile Banking
CUST103324,27,274990,1635612,Yes,Yes,No,No,125,25,883,50,Start SIP
CUST103325,51,143041,1626671,Yes,Yes,Yes,Yes,1,21,813,100,Advanced Wealth Products
CUST103326,33,68019,274284,Yes,Yes,No,Yes,30,25,889,75,Start SIP
CUST103327,65,222226,1378946,Yes,Yes,No,No,24,6,740,50,Start SIP
CUST103328,68,248169,767449,Yes,Yes,Yes,Yes,46,14,887,100,Advanced Wealth Products
CUST103329,56,22373,1461693,Yes,No,No,No,2,15,764,25,Activate Mobile Banking
CUST103330,39,181353,880247,No,No,Yes,No,143,29,770,25,Enable UPI
CUST103331,29,35187,1868533,No,Yes,Yes,No,29,3,748,50,Enable UPI
CUST103332,41,112927,1336211,Yes,No,No,No,99,5,893,25,Activate Mobile Banking
CUST103333,64,253185,204888,Yes,Yes,No,Yes,62,15,723,75,Start SIP
CUST103334,57,132996,171052,No,No,No,No,13,14,766,0,Enable UPI
CUST103335,55,54220,1560309,Yes,No,No,Yes,65,1,755,50,Activate Mobile Banking
CUST103336,27,22642,1280173,Yes,Yes,No,No,45,23,616,50,Start SIP
CUST103337,52,94971,1061654,Yes,Yes,No,Yes,47,2,723,75,Start SIP
CUST103338,68,70556,620942,Yes,Yes,No,No,16,14,627,50,Start SIP
CUST103339,66,242655,134101,No,Yes,Yes,No,126,24,872,50,Enable UPI
CUST103340,49,281926,487737,Yes,Yes,Yes,Yes,107,7,591,100,Advanced Wealth Products
CUST103341,24,237489,1495496,Yes,No,Yes,Yes,3,11,613,75,Activate Mobile Banking
CUST103342,38,200784,546285,Yes,No,No,Yes,104,21,878,50,Activate Mobile Banking
CUST103343,37,251836,478026,Yes,Yes,Yes,Yes,198,25,748,100,Advanced Wealth Products
CUST103344,43,165534,661228,Yes,No,Yes,Yes,95,1,639,75,Activate Mobile Banking
CUST103345,21,214591,513715,Yes,No,No,No,133,14,556,25,Activate Mobile Banking
CUST103346,63,201278,424614,No,Yes,Yes,No,154,7,812,50,Enable UPI
CUST103347,69,112469,217650,No,Yes,No,No,92,26,671,25,Enable UPI
CUST103348,39,61950,364500,No,Yes,No,No,15,21,713,25,Enable UPI
CUST103349,32,155749,1429431,No,Yes,Yes,Yes,183,10,665,75,Enable UPI
CUST103350,57,221900,812678,Yes,Yes,No,Yes,150,16,562,75,Start SIP
CUST103351,38,161161,156633,Yes,Yes,No,No,37,21,569,50,Start SIP
CUST103352,32,197225,1987334,Yes,No,No,No,157,28,750,25,Activate Mobile Banking
CUST103353,39,37936,1088088,Yes,No,Yes,Yes,154,20,858,75,Activate Mobile Banking
CUST103354,69,245596,1023064,No,Yes,No,Yes,70,21,803,50,Enable UPI
CUST103355,45,110042,230226,No,No,No,Yes,139,28,635,25,Enable UPI
CUST103356,31,290307,1262043,Yes,Yes,No,Yes,100,0,729,75,Start SIP
CUST103357,44,272758,849297,Yes,No,No,Yes,148,19,786,50,Activate Mobile Banking
CUST103358,58,192129,946084,No,Yes,No,No,84,22,610,25,Enable UPI
CUST103359,57,158609,469175,No,Yes,No,No,91,28,764,25,Enable UPI
CUST103360,45,37419,894825,Yes,No,No,Yes,198,14,764,50,Activate Mobile Banking
CUST103361,43,221063,601432,No,Yes,No,No,33,20,639,25,Enable UPI
CUST103362,66,136211,702845,Yes,Yes,No,Yes,121,21,645,75,Start SIP
CUST103363,19,220671,1170939,Yes,Yes,Yes,No,30,1,610,75,Buy Insurance
CUST103364,42,15834,317809,Yes,Yes,Yes,No,178,23,605,75,Buy Insurance
CUST103365,20,239006,1779348,Yes,No,Yes,No,34,9,769,50,Activate Mobile Banking
CUST103366,25,269870,186675,Yes,Yes,Yes,Yes,133,19,643,100,Advanced Wealth Products
CUST103367,61,267358,1205686,Yes,No,Yes,Yes,140,5,589,75,Activate Mobile Banking
CUST103368,50,17413,622830,No,Yes,Yes,No,76,2,886,50,Enable UPI
CUST103369,59,24505,892743,Yes,Yes,No,Yes,75,24,868,75,Start SIP
CUST103370,69,266753,1543138,Yes,Yes,No,Yes,52,12,797,75,Start SIP
CUST103371,52,148177,1854333,Yes,Yes,No,Yes,51,23,766,75,Start SIP
CUST103372,23,214176,171964,Yes,Yes,No,No,149,29,703,50,Start SIP
CUST103373,56,129897,399969,Yes,Yes,Yes,Yes,199,14,900,100,Advanced Wealth Products
CUST103374,69,73408,1017571,Yes,Yes,No,No,58,5,611,50,Start SIP
CUST103375,40,183751,678356,Yes,Yes,No,Yes,98,8,789,75,Start SIP
CUST103376,42,131908,860243,Yes,Yes,Yes,Yes,125,9,739,100,Advanced Wealth Products
CUST103377,67,260993,1783219,Yes,Yes,Yes,No,192,8,695,75,Buy Insurance
CUST103378,60,245168,967715,Yes,Yes,Yes,Yes,93,17,559,100,Advanced Wealth Products
CUST103379,36,94731,121737,No,Yes,Yes,No,134,8,841,50,Enable UPI
CUST103380,22,292906,461036,Yes,Yes,Yes,No,177,23,679,75,Buy Insurance
CUST103381,68,132798,267968,Yes,Yes,Yes,No,37,17,609,75,Buy Insurance
CUST103382,28,131854,1460672,Yes,Yes,Yes,No,138,8,724,75,Buy Insurance
CUST103383,29,252902,1818281,Yes,Yes,Yes,Yes,194,4,622,100,Advanced Wealth Products
CUST103384,27,78079,647006,Yes,Yes,No,No,56,12,788,50,Start SIP
CUST103385,25,36577,333761,No,Yes,Yes,No,83,11,728,50,Enable UPI
CUST103386,41,278358,1327237,No,No,Yes,Yes,71,8,616,50,Enable UPI
CUST103387,45,179052,1730619,Yes,Yes,No,Yes,66,18,630,75,Start SIP
CUST103388,58,82194,1463668,Yes,Yes,No,Yes,45,19,626,75,Start SIP
CUST103389,53,127333,1418788,Yes,Yes,No,Yes,87,0,797,75,Start SIP
CUST103390,54,52792,472018,No,Yes,No,No,95,10,744,25,Enable UPI
CUST103391,38,60807,1785655,Yes,No,Yes,Yes,196,4,617,75,Activate Mobile Banking
CUST103392,25,151213,1826984,Yes,Yes,Yes,No,192,6,887,75,Buy Insurance
CUST103393,26,119292,1832186,No,Yes,Yes,Yes,144,12,605,75,Enable UPI
CUST103394,64,137984,484818,No,Yes,No,Yes,10,22,648,50,Enable UPI
CUST103395,32,28777,1955024,No,Yes,No,Yes,149,5,819,50,Enable UPI
CUST103396,65,53346,1263061,No,Yes,No,Yes,140,12,625,50,Enable UPI
CUST103397,63,109977,277126,No,Yes,Yes,No,13,5,880,50,Enable UPI
CUST103398,57,149917,424814,Yes,Yes,No,No,81,14,615,50,Start SIP
CUST103399,35,38290,150711,Yes,Yes,Yes,Yes,117,7,582,100,Advanced Wealth Products
CUST103400,59,190324,1648074,No,No,No,No,138,10,818,0,Enable UPI
CUST103401,37,149365,1647716,Yes,No,No,No,122,9,579,25,Activate Mobile Banking
CUST103402,23,134496,905050,No,Yes,No,No,141,8,575,25,Enable UPI
CUST103403,29,212345,1833003,Yes,Yes,Yes,No,162,3,759,75,Buy Insurance
CUST103404,19,293763,1063271,Yes,Yes,No,No,59,13,818,50,Start SIP
CUST103405,24,93006,1102158,Yes,Yes,No,No,128,3,873,50,Start SIP
CUST103406,33,261471,1346814,Yes,No,Yes,Yes,49,23,672,75,Activate Mobile Banking
CUST103407,20,233980,1769571,Yes,Yes,No,Yes,6,14,582,75,Start SIP
CUST103408,62,291923,1337907,Yes,Yes,No,No,12,20,692,50,Start SIP
CUST103409,20,240902,909445,Yes,No,No,No,29,9,694,25,Activate Mobile Banking
CUST103410,44,298774,658009,Yes,No,Yes,No,77,13,811,50,Activate Mobile Banking
CUST103411,67,130436,635971,Yes,Yes,No,No,124,24,554,50,Start SIP
CUST103412,60,158250,1841222,Yes,Yes,Yes,Yes,26,5,710,100,Advanced Wealth Products
CUST103413,57,299928,1863948,Yes,Yes,No,No,68,15,859,50,Start SIP
CUST103414,55,169099,524382,Yes,Yes,No,No,16,24,693,50,Start SIP
CUST103415,50,82359,1622270,No,No,No,No,53,11,701,0,Enable UPI
CUST103416,45,218460,1013725,No,Yes,Yes,No,147,27,554,50,Enable UPI
CUST103417,18,292255,965985,No,Yes,No,Yes,175,3,744,50,Enable UPI
CUST103418,25,178384,152049,No,Yes,Yes,Yes,160,0,674,75,Enable UPI
CUST103419,54,275393,1050323,Yes,No,No,No,70,29,625,25,Activate Mobile Banking
CUST103420,49,145466,1491631,No,No,No,Yes,198,3,855,25,Enable UPI
CUST103421,65,196446,1504666,No,No,No,No,189,24,718,0,Enable UPI
CUST103422,60,95308,1898422,No,Yes,Yes,Yes,5,12,766,75,Enable UPI
CUST103423,54,256235,1417160,Yes,No,No,Yes,187,6,732,50,Activate Mobile Banking
CUST103424,21,122800,1996618,No,Yes,Yes,No,130,14,886,50,Enable UPI
CUST103425,47,253269,240994,Yes,Yes,No,No,130,5,662,50,Start SIP
CUST103426,23,39502,1943577,No,Yes,Yes,No,3,29,825,50,Enable UPI
CUST103427,63,50757,1765177,Yes,No,No,Yes,198,13,727,50,Activate Mobile Banking
CUST103428,36,113273,1258149,Yes,No,No,No,95,17,674,25,Activate Mobile Banking
CUST103429,49,73645,1784069,Yes,Yes,Yes,No,43,3,840,75,Buy Insurance
CUST103430,26,134815,1114057,Yes,Yes,Yes,No,133,0,872,75,Buy Insurance
CUST103431,29,174978,1815948,Yes,No,Yes,No,178,28,748,50,Activate Mobile Banking
CUST103432,28,196549,294884,No,Yes,No,No,10,2,687,25,Enable UPI
CUST103433,63,182973,1903336,Yes,No,No,Yes,155,12,767,50,Activate Mobile Banking
CUST103434,33,237343,973147,Yes,Yes,No,Yes,24,17,846,75,Start SIP
CUST103435,18,67021,1550309,Yes,Yes,No,No,22,28,717,50,Start SIP
CUST103436,62,44092,1327601,Yes,Yes,Yes,No,89,3,683,75,Buy Insurance
CUST103437,38,147903,1352716,Yes,Yes,No,No,3,3,710,50,Start SIP
CUST103438,47,87782,692537,Yes,Yes,Yes,Yes,144,10,821,100,Advanced Wealth Products
CUST103439,30,139277,1700060,Yes,Yes,Yes,No,158,13,829,75,Buy Insurance
CUST103440,51,144999,1615041,Yes,Yes,No,Yes,112,24,797,75,Start SIP
CUST103441,21,222580,1119702,Yes,Yes,No,No,171,6,771,50,Start SIP
CUST103442,45,259744,1372251,Yes,No,No,Yes,4,28,865,50,Activate Mobile Banking
CUST103443,55,115128,31119,Yes,Yes,No,No,107,2,879,50,Start SIP
CUST103444,48,287827,647032,No,Yes,No,Yes,40,6,721,50,Enable UPI
CUST103445,44,38664,1170470,Yes,No,No,No,16,7,808,25,Activate Mobile Banking
CUST103446,22,117364,1212563,Yes,Yes,Yes,Yes,105,11,805,100,Advanced Wealth Products
CUST103447,42,266084,1449500,Yes,Yes,No,No,72,6,717,50,Start SIP
CUST103448,20,179244,436965,Yes,Yes,No,No,88,23,669,50,Start SIP
CUST103449,50,79340,1098565,Yes,No,No,No,16,15,568,25,Activate Mobile Banking
CUST103450,21,102236,1862114,Yes,No,No,Yes,118,29,845,50,Activate Mobile Banking
CUST103451,42,26017,1857139,Yes,Yes,No,Yes,91,24,858,75,Start SIP
CUST103452,37,276879,1886561,Yes,No,No,No,194,16,796,25,Activate Mobile Banking
CUST103453,51,45348,980648,Yes,Yes,Yes,Yes,183,25,754,100,Advanced Wealth Products
CUST103454,43,286635,1060129,Yes,Yes,No,Yes,20,21,616,75,Start SIP
CUST103455,22,224720,1595745,No,No,Yes,No,179,3,891,25,Enable UPI
CUST103456,52,136070,6379,Yes,Yes,Yes,No,84,16,894,75,Buy Insurance
CUST103457,45,242629,357935,Yes,No,No,Yes,83,17,734,50,Activate Mobile Banking
CUST103458,46,277512,1421384,No,Yes,Yes,Yes,185,25,891,75,Enable UPI
CUST103459,26,50010,74306,No,Yes,No,No,126,3,657,25,Enable UPI
CUST103460,69,50851,1466518,Yes,No,No,No,51,16,714,25,Activate Mobile Banking
CUST103461,55,137761,1297401,Yes,Yes,No,Yes,18,14,670,75,Start SIP
CUST103462,67,269640,931592,Yes,No,No,Yes,81,21,633,50,Activate Mobile Banking
CUST103463,23,177008,1481106,Yes,No,Yes,No,187,16,851,50,Activate Mobile Banking
CUST103464,36,93858,516030,Yes,No,No,Yes,97,12,810,50,Activate Mobile Banking
CUST103465,61,82005,1682376,Yes,Yes,No,No,117,24,656,50,Start SIP
CUST103466,28,52493,283494,Yes,Yes,Yes,No,124,25,672,75,Buy Insurance
CUST103467,19,215867,1553971,Yes,No,Yes,No,28,2,622,50,Activate Mobile Banking
CUST103468,64,182462,1153175,Yes,Yes,Yes,No,197,11,886,75,Buy Insurance
CUST103469,61,25292,1659261,Yes,Yes,No,Yes,156,26,862,75,Start SIP
CUST103470,61,174437,1395229,Yes,No,No,Yes,89,16,703,50,Activate Mobile Banking
CUST103471,26,116735,547057,Yes,Yes,Yes,No,141,21,838,75,Buy Insurance
CUST103472,38,37912,707609,Yes,No,No,No,6,21,646,25,Activate Mobile Banking
CUST103473,41,95771,630872,Yes,Yes,Yes,Yes,157,6,841,100,Advanced Wealth Products
CUST103474,51,202644,1362085,No,Yes,No,Yes,106,6,898,50,Enable UPI
CUST103475,39,122293,317329,Yes,Yes,No,Yes,119,25,827,75,Start SIP
CUST103476,20,114083,1711722,Yes,Yes,Yes,Yes,137,10,803,100,Advanced Wealth Products
CUST103477,29,128655,1809473,No,Yes,No,No,29,15,631,25,Enable UPI
CUST103478,45,112459,1180101,Yes,Yes,No,No,166,3,566,50,Start SIP
CUST103479,47,238077,1448412,No,No,No,Yes,65,15,849,25,Enable UPI
CUST103480,43,247682,565591,Yes,Yes,Yes,Yes,56,4,729,100,Advanced Wealth Products
CUST103481,65,244171,1073165,Yes,Yes,Yes,Yes,30,18,765,100,Advanced Wealth Products
CUST103482,38,182558,1318602,Yes,Yes,Yes,Yes,114,21,571,100,Advanced Wealth Products
CUST103483,45,122338,185394,Yes,Yes,No,Yes,96,28,785,75,Start SIP
CUST103484,43,280785,658524,Yes,Yes,No,Yes,121,13,760,75,Start SIP
CUST103485,50,102132,422740,No,Yes,Yes,Yes,187,6,835,75,Enable UPI
CUST103486,38,159378,1849753,Yes,Yes,No,No,58,8,756,50,Start SIP
CUST103487,52,192254,1024705,Yes,Yes,Yes,No,138,24,874,75,Buy Insurance
CUST103488,69,89123,20861,No,Yes,Yes,Yes,149,27,804,75,Enable UPI
CUST103489,51,242967,620995,Yes,Yes,No,No,184,12,894,50,Start SIP
CUST103490,58,36498,1369981,Yes,Yes,Yes,No,26,15,560,75,Buy Insurance
CUST103491,68,85198,1832907,Yes,Yes,Yes,No,15,20,856,75,Buy Insurance
CUST103492,64,42197,663197,No,Yes,No,No,163,3,868,25,Enable UPI
CUST103493,35,166791,341279,Yes,Yes,No,No,89,6,891,50,Start SIP
CUST103494,28,123775,583668,Yes,Yes,No,No,15,29,583,50,Start SIP
CUST103495,40,176100,1926097,No,Yes,No,Yes,97,2,670,50,Enable UPI
CUST103496,65,126030,634313,Yes,No,No,No,75,19,785,25,Activate Mobile Banking
CUST103497,39,132399,1758767,Yes,No,No,No,88,14,732,25,Activate Mobile Banking
CUST103498,34,71747,225421,Yes,Yes,Yes,No,6,24,627,75,Buy Insurance
CUST103499,22,60712,960759,Yes,No,No,No,156,20,672,25,Activate Mobile Banking
CUST103500,61,140342,1298073,Yes,Yes,No,Yes,63,25,825,75,Start SIP
CUST103501,28,106228,1738456,No,Yes,No,No,29,13,757,25,Enable UPI
CUST103502,47,107091,1476333,Yes,Yes,No,Yes,48,6,735,75,Start SIP
CUST103503,32,196902,988276,Yes,Yes,No,No,191,17,566,50,Start SIP
CUST103504,44,261222,1998430,Yes,Yes,No,No,186,24,839,50,Start SIP
CUST103505,52,229560,49397,Yes,Yes,No,No,149,4,803,50,Start SIP
CUST103506,50,26539,868517,Yes,No,Yes,No,22,20,648,50,Activate Mobile Banking
CUST103507,37,192833,855297,No,Yes,No,Yes,27,19,696,50,Enable UPI
CUST103508,33,290478,1895964,Yes,Yes,Yes,No,85,7,663,75,Buy Insurance
CUST103509,51,285047,1474245,Yes,Yes,Yes,Yes,79,26,646,100,Advanced Wealth Products
CUST103510,19,73008,1509137,Yes,No,No,No,185,19,871,25,Activate Mobile Banking
CUST103511,52,156932,892159,Yes,Yes,No,Yes,138,17,877,75,Start SIP
CUST103512,57,82300,1459698,No,Yes,No,Yes,22,20,898,50,Enable UPI
CUST103513,45,297986,282132,No,Yes,No,No,172,18,719,25,Enable UPI
CUST103514,64,206285,1212371,Yes,Yes,No,No,84,19,856,50,Start SIP
CUST103515,56,113971,563088,No,Yes,Yes,Yes,83,2,748,75,Enable UPI
CUST103516,23,53744,163502,Yes,Yes,Yes,No,156,22,726,75,Buy Insurance
CUST103517,26,100990,1479327,Yes,Yes,No,No,50,29,673,50,Start SIP
CUST103518,37,249975,204548,Yes,Yes,No,Yes,179,5,706,75,Start SIP
CUST103519,18,18650,1311229,Yes,Yes,No,No,129,17,644,50,Start SIP
CUST103520,25,60117,1927337,No,Yes,No,Yes,162,26,835,50,Enable UPI
CUST103521,40,280334,1630148,Yes,Yes,No,No,163,14,648,50,Start SIP
CUST103522,20,63113,1634096,Yes,Yes,No,Yes,61,13,784,75,Start SIP
CUST103523,21,154861,49420,No,Yes,No,No,30,23,739,25,Enable UPI
CUST103524,42,47125,829142,Yes,No,Yes,Yes,76,20,843,75,Activate Mobile Banking
CUST103525,64,244767,1519289,No,Yes,Yes,Yes,196,21,822,75,Enable UPI
CUST103526,55,181490,621323,Yes,Yes,Yes,No,168,7,879,75,Buy Insurance
CUST103527,32,193157,1487290,Yes,Yes,Yes,No,193,10,567,75,Buy Insurance
CUST103528,38,33768,822715,No,No,No,No,37,10,723,0,Enable UPI
CUST103529,52,196033,1250817,Yes,Yes,No,No,192,11,855,50,Start SIP
CUST103530,63,268807,994862,No,Yes,No,No,129,15,669,25,Enable UPI
CUST103531,69,173957,1771393,Yes,Yes,No,No,143,6,805,50,Start SIP
CUST103532,31,102421,1303439,No,Yes,No,Yes,13,26,645,50,Enable UPI
CUST103533,53,207154,30968,Yes,Yes,No,Yes,157,2,859,75,Start SIP
CUST103534,29,284039,1116084,Yes,No,Yes,Yes,183,1,580,75,Activate Mobile Banking
CUST103535,34,196383,765151,No,Yes,Yes,No,45,2,646,50,Enable UPI
CUST103536,56,235566,1772156,Yes,Yes,Yes,Yes,4,7,742,100,Advanced Wealth Products
CUST103537,26,213139,380579,Yes,Yes,Yes,No,192,19,782,75,Buy Insurance
CUST103538,52,86017,1138942,No,Yes,No,Yes,15,7,595,50,Enable UPI
CUST103539,30,36360,1583602,Yes,No,No,Yes,104,3,840,50,Activate Mobile Banking
CUST103540,32,105365,1056674,No,Yes,Yes,Yes,176,22,785,75,Enable UPI
CUST103541,35,100468,1149000,Yes,No,No,No,184,12,598,25,Activate Mobile Banking
CUST103542,68,272137,733993,Yes,Yes,No,Yes,91,21,886,75,Start SIP
CUST103543,50,70823,1656536,Yes,Yes,Yes,No,198,25,711,75,Buy Insurance
CUST103544,23,261991,1353964,Yes,Yes,No,No,143,16,834,50,Start SIP
CUST103545,44,227498,1717189,Yes,Yes,No,No,39,28,683,50,Start SIP
CUST103546,40,33807,1894341,Yes,Yes,No,No,197,26,806,50,Start SIP
CUST103547,44,154143,1178925,Yes,Yes,Yes,No,79,23,732,75,Buy Insurance
CUST103548,51,68413,580257,Yes,Yes,Yes,No,60,21,576,75,Buy Insurance
CUST103549,63,172221,620032,Yes,Yes,Yes,Yes,94,17,689,100,Advanced Wealth Products
CUST103550,55,30540,206495,No,Yes,Yes,No,172,4,809,50,Enable UPI
CUST103551,31,247284,122286,Yes,Yes,No,Yes,43,11,629,75,Start SIP
CUST103552,53,85248,966915,Yes,Yes,Yes,Yes,132,1,729,100,Advanced Wealth Products
CUST103553,25,267515,1128604,No,No,Yes,Yes,77,9,816,50,Enable UPI
CUST103554,52,237809,1875429,Yes,Yes,Yes,No,178,6,601,75,Buy Insurance
CUST103555,36,125494,923958,No,Yes,No,Yes,39,14,633,50,Enable UPI
CUST103556,47,264643,940026,Yes,Yes,Yes,No,54,26,705,75,Buy Insurance
CUST103557,31,100435,43575,Yes,Yes,Yes,No,151,25,877,75,Buy Insurance
CUST103558,37,34787,1581056,Yes,Yes,No,No,188,21,653,50,Start SIP
CUST103559,66,298126,1688980,No,No,No,Yes,163,6,895,25,Enable UPI
CUST103560,42,265768,1502060,Yes,Yes,Yes,No,54,14,646,75,Buy Insurance
CUST103561,57,37606,919306,No,Yes,Yes,Yes,186,15,674,75,Enable UPI
CUST103562,41,273632,610599,Yes,Yes,No,Yes,62,21,732,75,Start SIP
CUST103563,31,263495,932906,Yes,Yes,No,Yes,176,25,876,75,Start SIP
CUST103564,43,248867,1001114,Yes,Yes,Yes,No,135,0,603,75,Buy Insurance
CUST103565,55,127223,610069,Yes,No,Yes,No,173,14,851,50,Activate Mobile Banking
CUST103566,40,61936,1614391,Yes,Yes,Yes,No,13,2,713,75,Buy Insurance
CUST103567,39,108286,581469,No,No,No,No,181,9,698,0,Enable UPI
CUST103568,65,52381,620760,Yes,Yes,No,No,115,15,839,50,Start SIP
CUST103569,36,59194,949506,Yes,Yes,No,Yes,39,1,636,75,Start SIP
CUST103570,63,195449,1659083,Yes,Yes,No,Yes,84,16,711,75,Start SIP
CUST103571,68,166733,934964,No,Yes,No,No,146,0,717,25,Enable UPI
CUST103572,20,196565,124783,No,No,No,No,150,3,684,0,Enable UPI
CUST103573,59,133724,166554,No,Yes,No,No,164,10,639,25,Enable UPI
CUST103574,36,252777,938951,No,No,No,No,105,16,857,0,Enable UPI
CUST103575,26,182567,184300,No,Yes,Yes,No,181,1,854,50,Enable UPI
CUST103576,45,28703,1661129,No,Yes,No,No,112,0,630,25,Enable UPI
CUST103577,37,73453,1103702,Yes,No,No,Yes,72,28,900,50,Activate Mobile Banking
CUST103578,62,103478,1860553,Yes,Yes,No,No,3,27,780,50,Start SIP
CUST103579,24,202063,1108690,Yes,No,Yes,Yes,190,27,638,75,Activate Mobile Banking
CUST103580,31,253411,1409460,Yes,Yes,No,Yes,157,5,842,75,Start SIP
CUST103581,26,62098,211422,Yes,No,No,Yes,73,10,551,50,Activate Mobile Banking
CUST103582,36,66990,718161,Yes,Yes,No,No,8,3,771,50,Start SIP
CUST103583,64,182610,805322,Yes,Yes,Yes,No,76,23,566,75,Buy Insurance
CUST103584,69,115572,126284,No,Yes,No,No,174,10,745,25,Enable UPI
CUST103585,31,251981,1368202,Yes,Yes,Yes,No,92,4,669,75,Buy Insurance
CUST103586,55,284357,1248045,No,Yes,No,Yes,184,29,791,50,Enable UPI
CUST103587,53,139693,1972820,Yes,Yes,No,No,106,9,723,50,Start SIP
CUST103588,57,190295,1195866,No,Yes,Yes,No,49,4,581,50,Enable UPI
CUST103589,34,276498,1387311,No,Yes,Yes,No,43,26,824,50,Enable UPI
CUST103590,47,83274,617529,No,Yes,No,Yes,138,26,744,50,Enable UPI
CUST103591,26,281278,826154,Yes,Yes,Yes,No,141,23,553,75,Buy Insurance
CUST103592,50,54601,840863,Yes,Yes,No,Yes,185,26,830,75,Start SIP
CUST103593,69,292834,1236191,Yes,Yes,No,No,2,25,570,50,Start SIP
CUST103594,42,279053,309144,No,Yes,Yes,No,65,21,787,50,Enable UPI
CUST103595,31,27062,1911983,No,Yes,No,No,86,21,642,25,Enable UPI
CUST103596,28,239309,1608785,No,Yes,Yes,Yes,97,2,638,75,Enable UPI
CUST103597,52,180803,890697,Yes,No,No,Yes,170,28,662,50,Activate Mobile Banking
CUST103598,58,151225,1404467,Yes,Yes,Yes,Yes,186,5,770,100,Advanced Wealth Products
CUST103599,31,156553,166686,Yes,Yes,No,No,10,25,647,50,Start SIP
CUST103600,47,114270,1770125,Yes,Yes,No,No,63,12,691,50,Start SIP
CUST103601,58,209672,546889,Yes,Yes,No,No,103,15,699,50,Start SIP
CUST103602,21,99981,1671196,Yes,No,Yes,No,199,6,597,50,Activate Mobile Banking
CUST103603,21,119470,1438974,No,No,Yes,Yes,61,17,600,50,Enable UPI
CUST103604,45,174277,731903,Yes,Yes,No,Yes,1,2,757,75,Start SIP
CUST103605,25,103887,1991594,Yes,Yes,No,Yes,154,5,560,75,Start SIP
CUST103606,19,157012,1514404,No,Yes,Yes,No,5,9,819,50,Enable UPI
CUST103607,58,222866,386148,Yes,Yes,No,No,35,15,812,50,Start SIP
CUST103608,63,104299,1813436,Yes,No,Yes,No,125,24,746,50,Activate Mobile Banking
CUST103609,39,297751,938796,Yes,Yes,No,Yes,141,12,735,75,Start SIP
CUST103610,58,255491,954014,Yes,Yes,Yes,Yes,27,24,845,100,Advanced Wealth Products
CUST103611,33,76597,295144,Yes,Yes,Yes,Yes,140,23,770,100,Advanced Wealth Products
CUST103612,46,272808,1184015,Yes,Yes,Yes,No,94,23,630,75,Buy Insurance
CUST103613,66,258554,1293267,Yes,Yes,No,No,50,8,771,50,Start SIP
CUST103614,65,292331,1172853,Yes,No,Yes,Yes,187,26,719,75,Activate Mobile Banking
CUST103615,47,248983,297527,Yes,Yes,No,Yes,159,15,635,75,Start SIP
CUST103616,29,281129,1196433,No,No,Yes,No,69,10,593,25,Enable UPI
CUST103617,52,189124,1618774,Yes,Yes,No,No,165,8,810,50,Start SIP
CUST103618,28,165635,1747964,No,Yes,No,Yes,2,9,653,50,Enable UPI
CUST103619,63,193394,1733791,Yes,Yes,No,No,102,10,833,50,Start SIP
CUST103620,67,207317,815713,Yes,Yes,Yes,Yes,199,28,777,100,Advanced Wealth Products
CUST103621,38,295752,1429558,No,No,No,No,193,24,737,0,Enable UPI
CUST103622,38,203297,534129,Yes,Yes,No,Yes,3,20,670,75,Start SIP
CUST103623,22,267773,1150780,Yes,Yes,No,Yes,148,21,698,75,Start SIP
CUST103624,65,294365,1113731,Yes,Yes,Yes,Yes,130,14,854,100,Advanced Wealth Products
CUST103625,37,298112,1997998,Yes,Yes,No,Yes,42,20,606,75,Start SIP
CUST103626,54,228678,323457,No,Yes,No,No,43,12,890,25,Enable UPI
CUST103627,20,195580,1571529,No,Yes,No,No,21,16,738,25,Enable UPI
CUST103628,61,276776,1837453,Yes,Yes,No,No,45,3,587,50,Start SIP
CUST103629,50,187903,790428,Yes,Yes,No,No,20,29,750,50,Start SIP
CUST103630,26,194412,1951696,Yes,Yes,Yes,Yes,171,10,778,100,Advanced Wealth Products
CUST103631,26,117951,523985,No,Yes,Yes,Yes,178,28,680,75,Enable UPI
CUST103632,21,222028,1202091,No,Yes,No,No,43,0,720,25,Enable UPI
CUST103633,52,87178,1479042,No,Yes,No,No,24,27,879,25,Enable UPI
CUST103634,34,231383,1186570,Yes,Yes,Yes,Yes,82,0,584,100,Advanced Wealth Products
CUST103635,51,174826,823408,No,Yes,No,Yes,84,2,750,50,Enable UPI
CUST103636,41,84893,672351,Yes,Yes,No,No,60,22,717,50,Start SIP
CUST103637,49,290345,1157981,Yes,Yes,Yes,Yes,32,14,795,100,Advanced Wealth Products
CUST103638,18,290375,1631608,No,Yes,Yes,No,122,0,773,50,Enable UPI
CUST103639,25,271682,1993813,Yes,Yes,No,No,5,22,890,50,Start SIP
CUST103640,62,253886,531761,No,Yes,Yes,Yes,130,25,607,75,Enable UPI
CUST103641,40,156707,668468,Yes,Yes,Yes,Yes,154,29,839,100,Advanced Wealth Products
CUST103642,64,24964,1606579,No,Yes,No,No,25,25,574,25,Enable UPI
CUST103643,57,241118,249826,Yes,No,No,Yes,178,28,581,50,Activate Mobile Banking
CUST103644,29,228869,1307432,Yes,Yes,No,Yes,86,15,659,75,Start SIP
CUST103645,29,230862,768707,Yes,No,No,No,167,16,650,25,Activate Mobile Banking
CUST103646,63,223000,524637,Yes,Yes,No,No,86,8,699,50,Start SIP
CUST103647,64,27336,1830372,Yes,Yes,No,Yes,75,4,894,75,Start SIP
CUST103648,32,97212,430426,Yes,Yes,No,No,11,28,742,50,Start SIP
CUST103649,58,60591,1037018,Yes,Yes,Yes,No,191,5,658,75,Buy Insurance
CUST103650,36,113537,1877325,Yes,Yes,Yes,Yes,68,14,826,100,Advanced Wealth Products
CUST103651,43,29429,1381236,Yes,Yes,No,Yes,97,27,782,75,Start SIP
CUST103652,69,99294,693722,Yes,No,No,No,146,8,570,25,Activate Mobile Banking
CUST103653,46,199087,1108180,No,Yes,Yes,Yes,108,26,801,75,Enable UPI
CUST103654,39,226979,513410,No,No,Yes,No,122,2,563,25,Enable UPI
CUST103655,57,52310,1058465,Yes,Yes,No,No,156,18,764,50,Start SIP
CUST103656,38,116827,1798493,Yes,Yes,Yes,No,42,20,573,75,Buy Insurance
CUST103657,68,214899,865180,No,Yes,No,No,60,12,569,25,Enable UPI
CUST103658,55,222500,823403,Yes,Yes,Yes,No,150,12,751,75,Buy Insurance
CUST103659,37,114862,1628415,Yes,Yes,Yes,Yes,168,22,870,100,Advanced Wealth Products
CUST103660,46,65255,663561,Yes,No,No,Yes,62,2,601,50,Activate Mobile Banking
CUST103661,68,237603,1290806,Yes,Yes,No,No,131,19,735,50,Start SIP
CUST103662,21,282553,241139,Yes,Yes,No,No,71,13,756,50,Start SIP
CUST103663,24,57438,1686821,Yes,Yes,No,No,191,1,644,50,Start SIP
CUST103664,45,256482,1143458,Yes,Yes,No,Yes,121,24,897,75,Start SIP
CUST103665,45,256310,305102,Yes,Yes,No,No,20,9,815,50,Start SIP
CUST103666,21,276084,1788187,Yes,Yes,No,Yes,199,8,875,75,Start SIP
CUST103667,39,285013,1321401,Yes,Yes,No,Yes,71,12,564,75,Start SIP
CUST103668,29,202934,106982,Yes,Yes,Yes,Yes,154,10,724,100,Advanced Wealth Products
CUST103669,62,222374,51870,Yes,Yes,No,Yes,169,1,768,75,Start SIP
CUST103670,20,242402,1968404,No,Yes,No,No,131,15,559,25,Enable UPI
CUST103671,39,172217,218328,Yes,Yes,Yes,Yes,171,4,568,100,Advanced Wealth Products
CUST103672,61,41442,1907211,Yes,Yes,Yes,Yes,145,0,617,100,Advanced Wealth Products
CUST103673,19,96948,164224,Yes,Yes,Yes,Yes,84,7,827,100,Advanced Wealth Products
CUST103674,41,269657,1627925,Yes,No,No,No,98,21,868,25,Activate Mobile Banking
CUST103675,51,90791,193691,Yes,No,Yes,No,181,15,843,50,Activate Mobile Banking
CUST103676,44,57406,587523,Yes,Yes,Yes,No,180,13,564,75,Buy Insurance
CUST103677,58,55524,996244,No,No,No,Yes,161,25,875,25,Enable UPI
CUST103678,18,169404,1877898,Yes,Yes,No,No,60,25,663,50,Start SIP
CUST103679,25,125160,1667937,No,Yes,Yes,Yes,68,1,849,75,Enable UPI
CUST103680,40,161836,1901409,Yes,Yes,No,Yes,184,17,707,75,Start SIP
CUST103681,55,173635,1589081,No,No,Yes,No,105,25,653,25,Enable UPI
CUST103682,23,182442,315495,No,Yes,No,No,192,20,829,25,Enable UPI
CUST103683,39,282206,825173,No,No,No,Yes,136,6,635,25,Enable UPI
CUST103684,42,59645,418870,Yes,No,No,Yes,197,24,643,50,Activate Mobile Banking
CUST103685,35,284388,1245962,Yes,Yes,No,Yes,161,24,723,75,Start SIP
CUST103686,34,251481,1317128,No,Yes,Yes,Yes,153,11,791,75,Enable UPI
CUST103687,29,272320,526817,No,Yes,No,No,199,14,811,25,Enable UPI
CUST103688,23,100501,1620767,No,Yes,Yes,Yes,111,26,843,75,Enable UPI
CUST103689,43,132450,1793144,Yes,Yes,Yes,No,135,21,831,75,Buy Insurance
CUST103690,44,210543,112042,No,Yes,No,No,59,1,696,25,Enable UPI
CUST103691,25,256605,773013,Yes,Yes,No,No,33,21,551,50,Start SIP
CUST103692,36,294100,661578,Yes,Yes,No,No,41,16,617,50,Start SIP
CUST103693,59,215658,1235220,Yes,Yes,Yes,No,161,26,618,75,Buy Insurance
CUST103694,18,31709,981302,Yes,Yes,No,No,29,10,596,50,Start SIP
CUST103695,46,227330,1548473,No,Yes,Yes,Yes,167,28,613,75,Enable UPI
CUST103696,62,292354,389333,Yes,Yes,No,No,185,1,629,50,Start SIP
CUST103697,66,184746,638556,Yes,Yes,Yes,Yes,105,27,803,100,Advanced Wealth Products
CUST103698,52,115025,1607969,Yes,No,Yes,Yes,101,18,786,75,Activate Mobile Banking
CUST103699,57,166152,1123210,Yes,Yes,Yes,Yes,64,4,878,100,Advanced Wealth Products
CUST103700,31,199484,1433146,Yes,Yes,No,No,86,25,688,50,Start SIP
CUST103701,52,205043,143691,Yes,No,Yes,No,66,16,813,50,Activate Mobile Banking
CUST103702,65,80480,1458731,Yes,Yes,No,Yes,114,15,865,75,Start SIP
CUST103703,62,257840,1071802,No,Yes,Yes,No,122,27,703,50,Enable UPI
CUST103704,37,249622,1078898,No,Yes,Yes,No,9,25,681,50,Enable UPI
CUST103705,66,132265,1957512,Yes,No,No,Yes,29,12,775,50,Activate Mobile Banking
CUST103706,30,228083,1898223,Yes,No,No,Yes,97,29,641,50,Activate Mobile Banking
CUST103707,55,133922,939382,Yes,Yes,Yes,Yes,74,12,667,100,Advanced Wealth Products
CUST103708,66,136280,1977640,Yes,Yes,Yes,No,124,12,675,75,Buy Insurance
CUST103709,63,219736,696572,Yes,No,No,Yes,156,4,776,50,Activate Mobile Banking
CUST103710,66,178522,99835,Yes,Yes,Yes,Yes,110,4,888,100,Advanced Wealth Products
CUST103711,25,99433,1308603,Yes,Yes,No,No,53,19,728,50,Start SIP
CUST103712,60,88704,78079,No,Yes,Yes,No,174,18,634,50,Enable UPI
CUST103713,37,21861,1077522,Yes,Yes,No,No,167,6,713,50,Start SIP
CUST103714,50,253366,1740676,Yes,Yes,Yes,Yes,76,10,779,100,Advanced Wealth Products
CUST103715,43,78888,902165,No,Yes,No,No,58,22,755,25,Enable UPI
CUST103716,56,76293,1060829,Yes,Yes,No,Yes,182,0,653,75,Start SIP
CUST103717,38,228596,84311,Yes,Yes,No,Yes,134,6,663,75,Start SIP
CUST103718,66,83515,824245,Yes,Yes,No,No,45,2,737,50,Start SIP
CUST103719,59,284209,986835,No,Yes,No,No,168,12,820,25,Enable UPI
CUST103720,60,183756,950136,Yes,Yes,Yes,Yes,151,2,600,100,Advanced Wealth Products
CUST103721,58,103720,1364085,No,Yes,Yes,No,117,5,855,50,Enable UPI
CUST103722,26,179437,1645457,Yes,No,No,No,122,21,771,25,Activate Mobile Banking
CUST103723,41,203929,959940,Yes,Yes,No,No,170,26,660,50,Start SIP
CUST103724,54,151694,1203061,Yes,Yes,Yes,No,166,28,604,75,Buy Insurance
CUST103725,66,256540,231833,Yes,Yes,No,No,144,14,561,50,Start SIP
CUST103726,58,106141,567773,No,Yes,No,No,74,3,739,25,Enable UPI
CUST103727,34,261476,1252880,Yes,Yes,No,No,175,4,704,50,Start SIP
CUST103728,41,37995,902936,Yes,Yes,No,No,149,2,884,50,Start SIP
CUST103729,38,95141,1856109,Yes,Yes,No,No,74,18,895,50,Start SIP
CUST103730,68,154491,1586695,No,No,Yes,Yes,149,24,814,50,Enable UPI
CUST103731,56,179909,1531375,Yes,Yes,No,Yes,25,20,653,75,Start SIP
CUST103732,58,85799,1367617,No,Yes,No,Yes,124,15,712,50,Enable UPI
CUST103733,56,194949,1058580,Yes,Yes,Yes,No,61,16,690,75,Buy Insurance
CUST103734,30,245739,1361644,Yes,Yes,No,Yes,98,8,786,75,Start SIP
CUST103735,28,52276,1468301,Yes,Yes,No,Yes,54,25,593,75,Start SIP
CUST103736,63,49523,1042140,Yes,Yes,Yes,Yes,60,21,788,100,Advanced Wealth Products
CUST103737,36,212127,42170,Yes,Yes,Yes,Yes,170,8,646,100,Advanced Wealth Products
CUST103738,28,25514,1621419,Yes,Yes,Yes,No,189,13,647,75,Buy Insurance
CUST103739,30,62456,1461454,Yes,Yes,No,Yes,32,26,873,75,Start SIP
CUST103740,63,22233,1171691,No,Yes,No,Yes,53,22,602,50,Enable UPI
CUST103741,62,278246,895648,Yes,No,No,No,172,10,658,25,Activate Mobile Banking
CUST103742,18,81133,857362,Yes,Yes,Yes,No,139,25,806,75,Buy Insurance
CUST103743,57,119085,183475,Yes,Yes,No,Yes,118,9,560,75,Start SIP
CUST103744,61,124101,303509,Yes,Yes,No,Yes,47,22,727,75,Start SIP
CUST103745,36,123684,1377908,Yes,No,No,No,90,4,843,25,Activate Mobile Banking
CUST103746,29,109937,1784996,Yes,No,Yes,Yes,60,22,574,75,Activate Mobile Banking
CUST103747,25,56548,365777,Yes,Yes,No,No,36,25,675,50,Start SIP
CUST103748,25,224272,949177,Yes,No,No,Yes,188,3,815,50,Activate Mobile Banking
CUST103749,62,128815,1117047,Yes,Yes,Yes,Yes,161,10,682,100,Advanced Wealth Products
CUST103750,29,235994,415372,Yes,No,No,Yes,42,26,827,50,Activate Mobile Banking
CUST103751,65,142602,1635151,Yes,Yes,No,Yes,13,5,591,75,Start SIP
CUST103752,50,141270,399861,Yes,Yes,Yes,No,142,1,650,75,Buy Insurance
CUST103753,62,36182,1374796,Yes,Yes,No,No,186,29,833,50,Start SIP
CUST103754,43,208691,1541377,Yes,Yes,Yes,No,115,25,826,75,Buy Insurance
CUST103755,56,293187,1694339,Yes,Yes,No,No,101,2,688,50,Start SIP
CUST103756,45,247362,997855,Yes,Yes,Yes,No,122,17,770,75,Buy Insurance
CUST103757,22,212008,55151,Yes,Yes,Yes,No,168,28,618,75,Buy Insurance
CUST103758,25,296383,1645248,Yes,Yes,No,No,65,25,842,50,Start SIP
CUST103759,42,156488,367009,Yes,Yes,No,Yes,133,17,726,75,Start SIP
CUST103760,44,149484,562829,Yes,No,No,Yes,158,6,746,50,Activate Mobile Banking
CUST103761,63,39406,77847,Yes,No,No,No,117,20,582,25,Activate Mobile Banking
CUST103762,40,279019,747459,Yes,No,No,No,173,12,850,25,Activate Mobile Banking
CUST103763,47,224097,216811,Yes,Yes,No,No,101,12,777,50,Start SIP
CUST103764,62,173058,842387,Yes,Yes,No,No,186,5,685,50,Start SIP
CUST103765,64,291835,931794,Yes,Yes,Yes,No,39,2,683,75,Buy Insurance
CUST103766,40,215919,498570,Yes,Yes,Yes,No,140,9,692,75,Buy Insurance
CUST103767,66,25794,981446,Yes,Yes,No,No,162,20,794,50,Start SIP
CUST103768,64,214542,1791603,Yes,Yes,No,Yes,109,4,686,75,Start SIP
CUST103769,37,162478,428359,Yes,No,Yes,No,14,10,610,50,Activate Mobile Banking
CUST103770,35,261969,947013,Yes,Yes,Yes,No,166,3,605,75,Buy Insurance
CUST103771,35,56708,1403500,Yes,No,Yes,No,144,9,682,50,Activate Mobile Banking
CUST103772,19,189469,697101,Yes,Yes,No,No,106,3,757,50,Start SIP
CUST103773,21,138313,1473690,No,Yes,Yes,Yes,189,27,675,75,Enable UPI
CUST103774,47,298496,522649,Yes,Yes,Yes,Yes,187,12,672,100,Advanced Wealth Products
CUST103775,50,251668,104919,Yes,Yes,No,No,75,7,780,50,Start SIP
CUST103776,53,33482,1428574,No,No,No,Yes,79,5,584,25,Enable UPI
CUST103777,35,178543,1270322,No,Yes,Yes,No,112,10,815,50,Enable UPI
CUST103778,54,69213,1247596,No,Yes,No,Yes,67,1,640,50,Enable UPI
CUST103779,36,290170,1639632,Yes,Yes,Yes,No,139,17,570,75,Buy Insurance
CUST103780,64,253697,1096838,No,Yes,No,Yes,11,17,689,50,Enable UPI
CUST103781,45,20435,1452298,Yes,Yes,Yes,No,16,21,814,75,Buy Insurance
CUST103782,57,154565,549893,Yes,Yes,No,No,166,11,669,50,Start SIP
CUST103783,37,218299,607878,Yes,Yes,No,No,158,16,770,50,Start SIP
CUST103784,66,297533,295375,Yes,Yes,No,No,169,18,572,50,Start SIP
CUST103785,50,46498,1657261,Yes,Yes,Yes,No,1,16,588,75,Buy Insurance
CUST103786,29,50825,1130699,Yes,No,No,Yes,124,3,784,50,Activate Mobile Banking
CUST103787,68,294078,1853523,Yes,Yes,Yes,Yes,38,28,790,100,Advanced Wealth Products
CUST103788,32,20574,1402931,Yes,Yes,No,Yes,114,16,677,75,Start SIP
CUST103789,58,145698,436838,No,Yes,No,No,98,15,571,25,Enable UPI
CUST103790,56,184251,1856608,Yes,Yes,No,Yes,60,8,604,75,Start SIP
CUST103791,19,57782,1212540,Yes,Yes,No,No,19,10,879,50,Start SIP
CUST103792,46,75561,1005783,No,Yes,No,Yes,124,11,596,50,Enable UPI
CUST103793,58,41751,860742,Yes,No,No,No,187,10,783,25,Activate Mobile Banking
CUST103794,27,71572,1992881,Yes,Yes,No,No,100,12,576,50,Start SIP
CUST103795,19,51069,173767,No,Yes,No,No,68,21,597,25,Enable UPI
CUST103796,68,228262,1999933,No,Yes,No,Yes,138,29,716,50,Enable UPI
CUST103797,28,241090,1713365,No,Yes,No,Yes,17,7,820,50,Enable UPI
CUST103798,30,273245,664966,Yes,Yes,No,Yes,80,13,630,75,Start SIP
CUST103799,27,196303,1451270,Yes,Yes,No,Yes,85,17,667,75,Start SIP
CUST103800,31,94468,1692244,Yes,Yes,No,No,92,13,594,50,Start SIP
CUST103801,35,175371,1530608,Yes,Yes,No,Yes,29,15,824,75,Start SIP
CUST103802,68,105715,700494,Yes,No,Yes,Yes,134,14,730,75,Activate Mobile Banking
CUST103803,26,85793,468179,Yes,Yes,No,No,194,21,860,50,Start SIP
CUST103804,56,203206,1951788,No,No,No,No,119,19,781,0,Enable UPI
CUST103805,45,126672,161547,Yes,No,Yes,Yes,122,6,635,75,Activate Mobile Banking
CUST103806,20,157321,857609,Yes,No,No,Yes,111,7,654,50,Activate Mobile Banking
CUST103807,37,135902,682090,Yes,Yes,No,Yes,191,29,792,75,Start SIP
CUST103808,23,36390,1205761,Yes,No,Yes,No,159,5,726,50,Activate Mobile Banking
CUST103809,44,35369,1728947,No,Yes,No,No,153,28,783,25,Enable UPI
CUST103810,19,158953,60746,Yes,Yes,No,No,87,12,627,50,Start SIP
CUST103811,46,286731,1963083,Yes,Yes,No,Yes,149,16,675,75,Start SIP
CUST103812,55,239872,1751789,Yes,Yes,No,No,16,7,738,50,Start SIP
CUST103813,20,253634,1925203,Yes,No,No,Yes,132,10,609,50,Activate Mobile Banking
CUST103814,33,62013,1876826,Yes,Yes,No,No,107,16,769,50,Start SIP
CUST103815,47,132341,173393,No,Yes,Yes,No,174,8,625,50,Enable UPI
CUST103816,57,209692,288453,Yes,Yes,No,Yes,8,1,640,75,Start SIP
CUST103817,19,161826,1989768,Yes,No,No,Yes,134,26,665,50,Activate Mobile Banking
CUST103818,34,122584,295320,Yes,Yes,No,No,125,9,829,50,Start SIP
CUST103819,58,93113,598167,No,Yes,No,Yes,128,21,716,50,Enable UPI
CUST103820,29,50282,1645456,Yes,Yes,Yes,Yes,53,23,675,100,Advanced Wealth Products
CUST103821,52,182809,1400448,Yes,Yes,No,No,119,20,782,50,Start SIP
CUST103822,60,111651,1273660,Yes,Yes,No,No,192,13,663,50,Start SIP
CUST103823,18,261549,1980496,No,Yes,Yes,No,91,1,649,50,Enable UPI
CUST103824,62,100395,1775358,No,No,No,Yes,179,4,700,25,Enable UPI
CUST103825,32,26345,800016,No,Yes,No,Yes,63,16,621,50,Enable UPI
CUST103826,43,212472,653843,No,Yes,No,Yes,134,23,898,50,Enable UPI
CUST103827,54,27055,1409022,Yes,Yes,No,No,190,7,716,50,Start SIP
CUST103828,38,100283,913840,Yes,No,Yes,Yes,107,29,621,75,Activate Mobile Banking
CUST103829,66,59484,1596694,No,No,No,No,161,17,897,0,Enable UPI
CUST103830,48,92514,1270473,No,Yes,Yes,Yes,2,21,560,75,Enable UPI
CUST103831,42,105135,1830098,Yes,No,No,Yes,169,26,847,50,Activate Mobile Banking
CUST103832,40,203726,868498,Yes,Yes,No,Yes,16,23,778,75,Start SIP
CUST103833,41,229223,795023,No,Yes,No,No,102,25,675,25,Enable UPI
CUST103834,55,132399,1147454,Yes,Yes,No,No,119,28,702,50,Start SIP
CUST103835,45,195645,1178983,No,Yes,Yes,No,59,7,711,50,Enable UPI
CUST103836,38,188805,646157,Yes,Yes,No,Yes,9,11,827,75,Start SIP
CUST103837,60,144344,262716,Yes,Yes,No,Yes,197,13,728,75,Start SIP
CUST103838,35,157832,812827,Yes,No,No,Yes,117,29,693,50,Activate Mobile Banking
CUST103839,53,128226,1070314,Yes,Yes,Yes,No,10,22,688,75,Buy Insurance
CUST103840,52,114250,1187279,Yes,Yes,No,Yes,94,2,755,75,Start SIP
CUST103841,62,197058,1726841,Yes,Yes,No,Yes,7,28,645,75,Start SIP
CUST103842,26,180404,1596920,Yes,Yes,No,Yes,93,29,763,75,Start SIP
CUST103843,55,186172,1818610,No,No,No,No,194,27,618,0,Enable UPI
CUST103844,47,151016,1563817,Yes,Yes,Yes,Yes,148,13,867,100,Advanced Wealth Products
CUST103845,61,63825,1437376,Yes,No,No,Yes,123,26,568,50,Activate Mobile Banking
CUST103846,51,28877,644604,Yes,Yes,No,Yes,63,3,865,75,Start SIP
CUST103847,49,144065,695807,Yes,Yes,Yes,Yes,4,0,900,100,Advanced Wealth Products
CUST103848,20,123443,1632282,Yes,Yes,No,No,28,8,650,50,Start SIP
CUST103849,20,132674,828622,Yes,Yes,No,No,72,13,630,50,Start SIP
CUST103850,45,130074,31014,Yes,Yes,Yes,Yes,163,25,732,100,Advanced Wealth Products
CUST103851,61,266881,1051737,Yes,Yes,Yes,No,130,9,567,75,Buy Insurance
CUST103852,32,46629,1781935,Yes,Yes,Yes,Yes,169,17,704,100,Advanced Wealth Products
CUST103853,58,169030,1816853,Yes,Yes,No,Yes,156,9,890,75,Start SIP
CUST103854,40,292919,186350,Yes,Yes,Yes,No,75,6,678,75,Buy Insurance
CUST103855,57,180279,916995,No,Yes,Yes,No,73,7,864,50,Enable UPI
CUST103856,28,277199,793212,No,Yes,No,No,102,13,710,25,Enable UPI
CUST103857,65,264084,489859,No,Yes,No,Yes,129,3,668,50,Enable UPI
CUST103858,49,103697,719618,No,Yes,No,No,155,26,881,25,Enable UPI
CUST103859,53,178945,495339,Yes,Yes,Yes,Yes,67,10,722,100,Advanced Wealth Products
CUST103860,50,116505,47192,Yes,No,No,No,167,9,702,25,Activate Mobile Banking
CUST103861,41,212277,981804,Yes,No,No,Yes,168,16,569,50,Activate Mobile Banking
CUST103862,56,171390,896307,No,Yes,No,No,28,4,583,25,Enable UPI
CUST103863,51,48734,1013008,No,Yes,No,Yes,92,9,863,50,Enable UPI
CUST103864,45,228299,1414849,No,Yes,No,No,152,9,609,25,Enable UPI
CUST103865,54,164594,48923,Yes,Yes,Yes,No,82,21,707,75,Buy Insurance
CUST103866,24,157728,1667060,No,No,No,Yes,51,6,755,25,Enable UPI
CUST103867,21,161965,1580259,Yes,No,No,No,56,16,642,25,Activate Mobile Banking
CUST103868,54,293637,1418169,Yes,No,No,No,73,28,767,25,Activate Mobile Banking
CUST103869,18,110872,1437467,No,Yes,No,Yes,26,19,872,50,Enable UPI
CUST103870,18,184524,757744,Yes,No,No,Yes,88,11,638,50,Activate Mobile Banking
CUST103871,64,159338,1462571,No,Yes,No,No,52,4,722,25,Enable UPI
CUST103872,37,131603,600316,Yes,No,No,Yes,125,4,589,50,Activate Mobile Banking
CUST103873,36,31940,952226,No,Yes,No,No,6,22,752,25,Enable UPI
CUST103874,46,170075,1453903,Yes,Yes,No,Yes,187,3,770,75,Start SIP
CUST103875,27,142880,771751,No,Yes,No,Yes,117,25,596,50,Enable UPI
CUST103876,35,113408,670344,No,Yes,No,No,12,6,792,25,Enable UPI
CUST103877,45,176941,884608,No,Yes,No,No,63,23,637,25,Enable UPI
CUST103878,52,64297,1781264,Yes,No,No,Yes,36,1,706,50,Activate Mobile Banking
CUST103879,60,75107,1308891,No,Yes,Yes,No,9,29,711,50,Enable UPI
CUST103880,64,34622,1342644,Yes,Yes,No,Yes,74,0,569,75,Start SIP
CUST103881,48,154909,450919,Yes,Yes,Yes,No,67,28,697,75,Buy Insurance
CUST103882,44,161479,1348297,Yes,Yes,No,No,29,25,750,50,Start SIP
CUST103883,28,175381,143783,No,No,Yes,Yes,71,9,861,50,Enable UPI
CUST103884,66,108190,1663412,Yes,Yes,No,Yes,90,0,700,75,Start SIP
CUST103885,66,267356,1310864,No,Yes,No,Yes,8,12,649,50,Enable UPI
CUST103886,55,232984,1546661,Yes,No,No,Yes,43,16,796,50,Activate Mobile Banking
CUST103887,22,15370,500187,Yes,No,No,Yes,35,8,662,50,Activate Mobile Banking
CUST103888,25,277630,1702957,No,Yes,No,No,110,3,768,25,Enable UPI
CUST103889,51,41613,1289411,Yes,Yes,No,Yes,22,8,893,75,Start SIP
CUST103890,65,258876,1975176,No,Yes,Yes,No,66,6,574,50,Enable UPI
CUST103891,69,18196,1906563,Yes,Yes,Yes,No,102,22,838,75,Buy Insurance
CUST103892,29,241009,1405568,Yes,Yes,No,No,149,28,652,50,Start SIP
CUST103893,55,23572,1259660,Yes,No,Yes,Yes,94,1,628,75,Activate Mobile Banking
CUST103894,18,60853,799686,Yes,Yes,No,Yes,199,17,565,75,Start SIP
CUST103895,48,178347,392554,Yes,Yes,Yes,No,95,27,890,75,Buy Insurance
CUST103896,21,131074,758315,Yes,Yes,No,Yes,169,20,608,75,Start SIP
CUST103897,66,58209,475336,Yes,Yes,No,No,41,14,743,50,Start SIP
CUST103898,62,109244,928469,Yes,No,No,Yes,177,9,674,50,Activate Mobile Banking
CUST103899,67,247067,1261648,Yes,Yes,Yes,No,4,16,581,75,Buy Insurance
CUST103900,22,268516,1301605,No,Yes,Yes,No,98,6,727,50,Enable UPI
CUST103901,47,223472,1262623,Yes,Yes,No,No,193,10,768,50,Start SIP
CUST103902,41,115300,370169,No,Yes,Yes,Yes,10,6,649,75,Enable UPI
CUST103903,20,213033,135509,Yes,No,No,Yes,94,10,652,50,Activate Mobile Banking
CUST103904,28,72175,767072,Yes,Yes,No,No,67,23,667,50,Start SIP
CUST103905,62,116551,1348683,Yes,Yes,Yes,Yes,138,22,792,100,Advanced Wealth Products
CUST103906,21,296120,532561,Yes,Yes,No,Yes,73,23,668,75,Start SIP
CUST103907,43,261984,544618,Yes,Yes,No,No,145,14,556,50,Start SIP
CUST103908,44,71866,157566,Yes,Yes,Yes,No,195,18,559,75,Buy Insurance
CUST103909,63,132752,605710,No,Yes,No,Yes,53,18,865,50,Enable UPI
CUST103910,60,268564,913521,No,No,Yes,No,163,23,830,25,Enable UPI
CUST103911,44,261592,8212,Yes,Yes,No,No,4,24,591,50,Start SIP
CUST103912,59,30401,237131,No,Yes,No,Yes,68,9,596,50,Enable UPI
CUST103913,68,230432,481657,Yes,No,Yes,No,113,15,645,50,Activate Mobile Banking
CUST103914,67,180486,1665458,Yes,No,No,No,96,19,795,25,Activate Mobile Banking
CUST103915,23,162214,1185728,Yes,No,No,No,102,7,773,25,Activate Mobile Banking
CUST103916,32,261200,1348395,No,No,Yes,Yes,139,0,663,50,Enable UPI
CUST103917,47,225536,1075583,No,Yes,No,No,44,1,581,25,Enable UPI
CUST103918,59,221329,643093,No,Yes,No,Yes,119,28,879,50,Enable UPI
CUST103919,54,91693,1398361,Yes,Yes,No,Yes,188,9,702,75,Start SIP
CUST103920,54,50135,1673679,Yes,Yes,No,No,198,9,766,50,Start SIP
CUST103921,59,151262,838247,Yes,No,No,Yes,190,9,795,50,Activate Mobile Banking
CUST103922,54,85199,1923490,Yes,Yes,No,Yes,110,8,821,75,Start SIP
CUST103923,52,19331,1840647,Yes,Yes,No,Yes,160,17,899,75,Start SIP
CUST103924,40,198258,330737,Yes,No,No,Yes,46,1,810,50,Activate Mobile Banking
CUST103925,23,227854,1565740,Yes,Yes,Yes,No,23,23,556,75,Buy Insurance
CUST103926,21,40761,83038,Yes,Yes,No,Yes,106,4,754,75,Start SIP
CUST103927,35,280406,1025998,Yes,Yes,Yes,No,165,20,813,75,Buy Insurance
CUST103928,26,270792,1409619,Yes,Yes,Yes,Yes,126,10,838,100,Advanced Wealth Products
CUST103929,66,199544,795168,Yes,Yes,No,No,90,5,867,50,Start SIP
CUST103930,46,99667,1831370,Yes,No,No,No,98,7,751,25,Activate Mobile Banking
CUST103931,30,19677,1070049,Yes,Yes,No,Yes,75,7,665,75,Start SIP
CUST103932,64,219580,658059,Yes,No,No,No,114,24,761,25,Activate Mobile Banking
CUST103933,69,145334,1179377,Yes,Yes,No,No,186,9,709,50,Start SIP
CUST103934,34,75148,899030,Yes,Yes,No,No,120,10,678,50,Start SIP
CUST103935,62,90271,615911,Yes,Yes,Yes,Yes,85,18,896,100,Advanced Wealth Products
CUST103936,49,49457,1561828,No,Yes,No,No,43,24,697,25,Enable UPI
CUST103937,65,57531,1278673,Yes,No,Yes,Yes,88,13,860,75,Activate Mobile Banking
CUST103938,39,219335,303964,Yes,Yes,No,Yes,143,10,627,75,Start SIP
CUST103939,21,143027,1269509,Yes,No,Yes,No,195,2,811,50,Activate Mobile Banking
CUST103940,22,209243,1373309,No,No,Yes,Yes,130,0,601,50,Enable UPI
CUST103941,54,272231,726167,Yes,No,No,No,199,27,807,25,Activate Mobile Banking
CUST103942,58,264301,1334134,Yes,Yes,No,No,133,26,770,50,Start SIP
CUST103943,66,60771,1443098,Yes,No,No,No,181,20,588,25,Activate Mobile Banking
CUST103944,30,108135,29220,Yes,Yes,Yes,Yes,173,22,797,100,Advanced Wealth Products
CUST103945,51,81354,589819,Yes,Yes,No,No,104,2,837,50,Start SIP
CUST103946,62,127743,1425722,No,Yes,No,No,93,8,803,25,Enable UPI
CUST103947,39,259453,512409,No,No,No,Yes,41,0,665,25,Enable UPI
CUST103948,40,48892,702785,Yes,Yes,No,Yes,191,21,746,75,Start SIP
CUST103949,68,217268,14387,Yes,Yes,Yes,No,32,11,763,75,Buy Insurance
CUST103950,20,110057,250752,Yes,Yes,No,No,106,11,641,50,Start SIP
CUST103951,59,53409,606103,Yes,Yes,Yes,No,2,5,581,75,Buy Insurance
CUST103952,51,261889,556872,Yes,Yes,Yes,No,10,29,642,75,Buy Insurance
CUST103953,49,164457,574071,Yes,No,Yes,Yes,171,28,781,75,Activate Mobile Banking
CUST103954,62,41382,1748745,Yes,Yes,No,Yes,119,7,680,75,Start SIP
CUST103955,68,91675,714687,Yes,No,No,Yes,171,28,867,50,Activate Mobile Banking
CUST103956,66,37419,653782,Yes,Yes,No,No,101,2,772,50,Start SIP
CUST103957,38,96238,1693678,No,No,No,Yes,110,27,562,25,Enable UPI
CUST103958,63,240825,255139,Yes,Yes,Yes,Yes,67,20,875,100,Advanced Wealth Products
CUST103959,61,185363,1970760,No,Yes,No,Yes,23,10,570,50,Enable UPI
CUST103960,38,289541,505228,Yes,Yes,No,No,98,25,563,50,Start SIP
CUST103961,61,50169,1719793,Yes,Yes,No,No,97,10,894,50,Start SIP
CUST103962,28,77182,1751197,Yes,No,No,Yes,188,4,876,50,Activate Mobile Banking
CUST103963,56,174413,865020,Yes,Yes,Yes,No,6,23,656,75,Buy Insurance
CUST103964,21,192216,939499,Yes,No,No,Yes,13,6,677,50,Activate Mobile Banking
CUST103965,68,94360,1300085,No,Yes,No,Yes,21,18,581,50,Enable UPI
CUST103966,18,28444,18580,No,Yes,No,Yes,58,6,718,50,Enable UPI
CUST103967,45,138662,1596104,Yes,Yes,No,Yes,120,9,837,75,Start SIP
CUST103968,41,260488,783639,Yes,Yes,No,Yes,156,7,630,75,Start SIP
CUST103969,52,113843,1399166,Yes,Yes,Yes,No,120,20,731,75,Buy Insurance
CUST103970,30,288118,473968,Yes,Yes,No,No,198,26,739,50,Start SIP
CUST103971,64,127150,895965,Yes,No,No,No,136,20,804,25,Activate Mobile Banking
CUST103972,51,271620,783559,Yes,Yes,Yes,No,77,29,890,75,Buy Insurance
CUST103973,28,109826,1537239,Yes,Yes,Yes,No,98,13,848,75,Buy Insurance
CUST103974,53,240121,433082,Yes,Yes,No,Yes,58,26,715,75,Start SIP
CUST103975,68,256435,610262,Yes,Yes,Yes,No,168,0,805,75,Buy Insurance
CUST103976,34,139713,1651265,Yes,No,Yes,No,86,12,747,50,Activate Mobile Banking
CUST103977,52,70612,218165,Yes,No,No,No,1,23,762,25,Activate Mobile Banking
CUST103978,35,115474,410427,No,Yes,No,Yes,77,28,594,50,Enable UPI
CUST103979,57,54710,457201,Yes,No,Yes,Yes,193,5,851,75,Activate Mobile Banking
CUST103980,39,128096,1217916,No,Yes,No,No,10,5,562,25,Enable UPI
CUST103981,41,224417,1843654,No,Yes,No,No,188,20,601,25,Enable UPI
CUST103982,36,226463,715731,No,Yes,No,Yes,69,4,814,50,Enable UPI
CUST103983,54,109924,1825987,No,No,No,No,148,29,874,0,Enable UPI
CUST103984,56,283602,309960,Yes,Yes,No,Yes,62,2,592,75,Start SIP
CUST103985,38,152925,1143036,No,Yes,Yes,No,13,11,556,50,Enable UPI
CUST103986,25,33320,1359832,Yes,Yes,No,Yes,186,14,779,75,Start SIP
CUST103987,45,109154,1104624,Yes,Yes,Yes,Yes,165,2,593,100,Advanced Wealth Products
CUST103988,22,67243,1784382,No,No,Yes,Yes,10,15,721,50,Enable UPI
CUST103989,34,191687,1186426,No,Yes,No,Yes,3,17,651,50,Enable UPI
CUST103990,54,87833,1885760,No,Yes,Yes,Yes,162,8,772,75,Enable UPI
CUST103991,53,108476,1531769,No,Yes,No,No,34,7,617,25,Enable UPI
CUST103992,36,129560,1910734,No,Yes,No,No,158,10,671,25,Enable UPI
CUST103993,44,52941,741200,Yes,Yes,No,Yes,165,2,626,75,Start SIP
CUST103994,51,40368,1027805,No,Yes,Yes,No,196,4,849,50,Enable UPI
CUST103995,28,218990,949793,Yes,Yes,No,Yes,34,9,845,75,Start SIP
CUST103996,62,272481,311932,No,Yes,No,Yes,160,4,754,50,Enable UPI
CUST103997,64,15801,271891,No,Yes,No,Yes,85,7,867,50,Enable UPI
CUST103998,29,121538,997326,No,Yes,No,Yes,58,5,720,50,Enable UPI
CUST103999,38,100269,529333,Yes,Yes,Yes,No,105,22,767,75,Buy Insurance
CUST104000,28,268765,1017782,Yes,Yes,Yes,Yes,152,20,854,100,Advanced Wealth Products
CUST104001,56,106679,1585622,Yes,Yes,No,No,9,15,742,50,Start SIP
CUST104002,45,171777,1833261,No,Yes,Yes,No,41,11,882,50,Enable UPI
CUST104003,22,206375,916508,Yes,Yes,No,No,152,16,702,50,Start SIP
CUST104004,34,176792,1732373,Yes,No,No,No,25,7,590,25,Activate Mobile Banking
CUST104005,37,48351,1728521,Yes,Yes,No,No,36,3,572,50,Start SIP
CUST104006,58,126023,145926,No,No,No,No,8,20,735,0,Enable UPI
CUST104007,63,182217,188148,No,No,No,No,126,16,765,0,Enable UPI
CUST104008,29,102948,848382,No,Yes,No,Yes,114,2,592,50,Enable UPI
CUST104009,23,235686,677709,Yes,Yes,No,No,105,17,662,50,Start SIP
CUST104010,34,234188,1805164,Yes,Yes,No,No,93,15,780,50,Start SIP
CUST104011,68,291999,1730284,Yes,Yes,No,No,89,27,659,50,Start SIP
CUST104012,36,276677,1218944,Yes,No,No,Yes,187,1,687,50,Activate Mobile Banking
CUST104013,43,192476,499496,No,Yes,No,Yes,163,12,654,50,Enable UPI
CUST104014,65,165641,24455,Yes,Yes,No,Yes,38,0,865,75,Start SIP
CUST104015,61,140074,739184,Yes,Yes,Yes,No,92,21,689,75,Buy Insurance
CUST104016,61,275078,1518715,Yes,No,Yes,Yes,119,23,804,75,Activate Mobile Banking
CUST104017,69,69437,1285473,Yes,Yes,Yes,No,160,2,898,75,Buy Insurance
CUST104018,49,171810,437509,No,Yes,Yes,Yes,101,0,624,75,Enable UPI
CUST104019,23,105410,1546222,Yes,Yes,No,Yes,113,29,782,75,Start SIP
CUST104020,53,34731,617840,No,Yes,Yes,Yes,179,25,761,75,Enable UPI
CUST104021,55,156203,837548,Yes,Yes,No,No,28,1,607,50,Start SIP
CUST104022,28,200169,387605,Yes,Yes,No,Yes,184,18,587,75,Start SIP
CUST104023,50,280033,569772,Yes,Yes,Yes,No,99,21,811,75,Buy Insurance
CUST104024,41,24569,952719,Yes,Yes,Yes,No,136,29,761,75,Buy Insurance
CUST104025,40,221749,1397358,No,Yes,No,No,41,2,687,25,Enable UPI
CUST104026,32,100192,663764,Yes,Yes,No,No,118,24,831,50,Start SIP
CUST104027,44,269829,173332,Yes,Yes,No,No,23,27,607,50,Start SIP
CUST104028,28,102154,1154223,Yes,Yes,No,Yes,182,0,822,75,Start SIP
CUST104029,68,223542,1643506,Yes,Yes,No,No,23,22,602,50,Start SIP
CUST104030,67,123073,1789667,No,Yes,No,Yes,32,25,755,50,Enable UPI
CUST104031,34,234894,837441,Yes,Yes,Yes,No,138,23,554,75,Buy Insurance
CUST104032,68,284756,1015193,Yes,Yes,No,Yes,81,8,872,75,Start SIP
CUST104033,31,66644,1182400,No,Yes,Yes,Yes,163,7,656,75,Enable UPI
CUST104034,44,47069,778202,Yes,Yes,No,Yes,99,4,792,75,Start SIP
CUST104035,35,160006,821037,Yes,Yes,No,No,63,0,697,50,Start SIP
CUST104036,45,33706,1688743,Yes,Yes,No,No,195,14,728,50,Start SIP
CUST104037,68,189588,1698691,Yes,Yes,Yes,No,36,16,723,75,Buy Insurance
CUST104038,64,118602,272724,Yes,Yes,No,Yes,93,29,872,75,Start SIP
CUST104039,64,139746,906334,Yes,No,No,No,177,14,688,25,Activate Mobile Banking
CUST104040,21,35431,272544,No,Yes,No,Yes,46,7,724,50,Enable UPI
CUST104041,24,202805,1748579,Yes,Yes,Yes,Yes,27,22,802,100,Advanced Wealth Products
CUST104042,62,55088,756545,No,No,No,No,159,20,799,0,Enable UPI
CUST104043,52,190207,1050962,Yes,Yes,No,No,162,25,685,50,Start SIP
CUST104044,65,246110,1936040,Yes,No,No,Yes,76,2,571,50,Activate Mobile Banking
CUST104045,26,46385,132319,Yes,Yes,No,No,101,8,587,50,Start SIP
CUST104046,25,133104,517193,Yes,Yes,No,No,187,19,576,50,Start SIP
CUST104047,69,27818,1532965,No,Yes,Yes,No,182,13,831,50,Enable UPI
CUST104048,62,170049,111960,Yes,Yes,Yes,Yes,194,5,828,100,Advanced Wealth Products
CUST104049,34,64832,44015,Yes,Yes,No,Yes,158,26,669,75,Start SIP
CUST104050,34,98990,1387433,Yes,Yes,No,Yes,151,19,802,75,Start SIP
CUST104051,66,224966,733165,Yes,Yes,Yes,Yes,9,24,614,100,Advanced Wealth Products
CUST104052,50,87204,937478,No,No,No,Yes,183,3,623,25,Enable UPI
CUST104053,49,60784,150109,No,Yes,No,No,129,29,852,25,Enable UPI
CUST104054,25,24921,482508,Yes,Yes,Yes,Yes,56,23,866,100,Advanced Wealth Products
CUST104055,36,270564,1839927,No,Yes,No,No,167,26,723,25,Enable UPI
CUST104056,55,104506,938671,No,Yes,Yes,Yes,87,11,809,75,Enable UPI
CUST104057,20,89408,1142330,Yes,Yes,Yes,No,18,27,834,75,Buy Insurance
CUST104058,22,138852,226775,Yes,Yes,No,No,42,2,622,50,Start SIP
CUST104059,30,230838,1358868,Yes,Yes,No,Yes,111,23,628,75,Start SIP
CUST104060,64,41708,732513,Yes,Yes,Yes,No,73,26,593,75,Buy Insurance
CUST104061,63,33847,681894,Yes,No,No,Yes,65,2,782,50,Activate Mobile Banking
CUST104062,48,70989,751355,Yes,Yes,Yes,Yes,161,29,552,100,Advanced Wealth Products
CUST104063,33,19922,914222,Yes,Yes,Yes,Yes,158,26,628,100,Advanced Wealth Products
CUST104064,67,67335,1926086,Yes,Yes,Yes,Yes,133,20,730,100,Advanced Wealth Products
CUST104065,49,296695,1110455,No,Yes,Yes,No,178,16,688,50,Enable UPI
CUST104066,39,165453,124894,Yes,Yes,Yes,No,193,5,852,75,Buy Insurance
CUST104067,46,37948,595127,Yes,Yes,No,Yes,10,14,556,75,Start SIP
CUST104068,39,107264,1083332,No,No,No,No,60,10,873,0,Enable UPI
CUST104069,60,74072,673043,Yes,Yes,Yes,No,155,17,762,75,Buy Insurance
CUST104070,20,228321,1234133,Yes,Yes,Yes,Yes,72,27,550,100,Advanced Wealth Products
CUST104071,27,148558,1282879,No,Yes,Yes,Yes,156,2,733,75,Enable UPI
CUST104072,59,81691,1457817,No,Yes,No,Yes,173,26,800,50,Enable UPI
CUST104073,38,156154,679075,Yes,Yes,No,No,52,16,764,50,Start SIP
CUST104074,33,22086,992601,Yes,Yes,Yes,Yes,194,10,626,100,Advanced Wealth Products
CUST104075,29,82853,496599,No,Yes,No,Yes,62,5,592,50,Enable UPI
CUST104076,19,293060,500283,Yes,Yes,No,No,117,4,706,50,Start SIP
CUST104077,58,292392,622231,Yes,Yes,Yes,No,125,9,567,75,Buy Insurance
CUST104078,41,253922,747476,Yes,Yes,No,Yes,60,1,892,75,Start SIP
CUST104079,52,63380,153188,Yes,Yes,No,No,86,14,769,50,Start SIP
CUST104080,47,284992,566032,Yes,Yes,Yes,No,168,10,622,75,Buy Insurance
CUST104081,47,29274,129697,No,Yes,No,Yes,143,23,739,50,Enable UPI
CUST104082,64,275115,1534371,No,Yes,No,No,95,24,811,25,Enable UPI
CUST104083,52,111494,1693936,No,Yes,No,Yes,7,13,693,50,Enable UPI
CUST104084,36,130981,400340,Yes,Yes,Yes,No,39,13,678,75,Buy Insurance
CUST104085,67,181305,241028,Yes,Yes,No,Yes,179,2,827,75,Start SIP
CUST104086,25,31304,698411,No,No,No,Yes,7,27,851,25,Enable UPI
CUST104087,43,288438,1060752,Yes,Yes,No,Yes,140,21,739,75,Start SIP
CUST104088,66,214783,1931318,Yes,No,No,Yes,14,21,700,50,Activate Mobile Banking
CUST104089,57,125777,1830229,No,Yes,Yes,No,34,15,856,50,Enable UPI
CUST104090,24,106549,1511610,Yes,Yes,No,No,122,13,644,50,Start SIP
CUST104091,47,108464,518611,Yes,Yes,No,Yes,167,9,587,75,Start SIP
CUST104092,24,121748,1203324,No,Yes,No,Yes,73,21,705,50,Enable UPI
CUST104093,20,293235,1098753,No,No,No,No,64,7,849,0,Enable UPI
CUST104094,18,269174,1537088,Yes,Yes,No,Yes,97,11,896,75,Start SIP
CUST104095,53,146074,1164199,No,Yes,Yes,Yes,12,4,591,75,Enable UPI
CUST104096,42,268890,1578861,Yes,Yes,No,No,126,25,865,50,Start SIP
CUST104097,54,65411,457546,Yes,Yes,No,No,34,25,675,50,Start SIP
CUST104098,18,273901,966273,No,Yes,No,No,27,12,862,25,Enable UPI
CUST104099,32,110696,501184,No,Yes,No,No,150,23,626,25,Enable UPI
CUST104100,54,166779,1039549,Yes,Yes,No,Yes,18,11,645,75,Start SIP
CUST104101,30,161320,649467,Yes,No,No,No,174,2,812,25,Activate Mobile Banking
CUST104102,57,86309,252439,Yes,Yes,No,Yes,172,22,856,75,Start SIP
CUST104103,25,224394,1001157,Yes,Yes,Yes,Yes,146,16,774,100,Advanced Wealth Products
CUST104104,22,161109,649691,Yes,Yes,Yes,No,37,19,660,75,Buy Insurance
CUST104105,26,82421,1982311,Yes,No,No,No,135,4,787,25,Activate Mobile Banking
CUST104106,18,251436,100287,Yes,Yes,No,Yes,68,22,754,75,Start SIP
CUST104107,53,28450,1173150,Yes,Yes,No,Yes,80,29,837,75,Start SIP
CUST104108,52,24491,785751,Yes,No,Yes,No,86,5,812,50,Activate Mobile Banking
CUST104109,19,132026,1175085,No,Yes,No,No,60,12,625,25,Enable UPI
CUST104110,57,89804,1401167,Yes,Yes,Yes,No,48,5,692,75,Buy Insurance
CUST104111,40,134498,1949530,Yes,Yes,No,Yes,179,12,864,75,Start SIP
CUST104112,26,253515,1502757,No,No,No,No,100,14,634,0,Enable UPI
CUST104113,51,211701,1396864,Yes,No,Yes,No,84,1,801,50,Activate Mobile Banking
CUST104114,63,257223,1826369,Yes,No,Yes,No,95,10,882,50,Activate Mobile Banking
CUST104115,31,24967,1246165,Yes,Yes,Yes,Yes,52,15,781,100,Advanced Wealth Products
CUST104116,21,227826,1932701,Yes,Yes,Yes,Yes,77,17,844,100,Advanced Wealth Products
CUST104117,47,220235,361459,Yes,Yes,No,Yes,180,1,868,75,Start SIP
CUST104118,48,185491,493720,No,No,Yes,Yes,84,9,679,50,Enable UPI
CUST104119,55,43876,1867395,Yes,No,No,Yes,54,12,834,50,Activate Mobile Banking
CUST104120,28,234516,1057666,Yes,Yes,No,No,169,27,866,50,Start SIP
CUST104121,52,166043,1960854,Yes,Yes,No,Yes,170,7,578,75,Start SIP
CUST104122,25,244192,1471737,Yes,Yes,Yes,No,150,6,777,75,Buy Insurance
CUST104123,20,269767,1880247,No,Yes,No,Yes,39,15,843,50,Enable UPI
CUST104124,31,267313,8743,Yes,Yes,No,No,23,16,556,50,Start SIP
CUST104125,30,43261,1084500,Yes,Yes,No,No,48,8,579,50,Start SIP
CUST104126,62,121601,1194844,Yes,Yes,No,No,113,26,764,50,Start SIP
CUST104127,49,76260,1970168,Yes,Yes,Yes,Yes,120,26,664,100,Advanced Wealth Products
CUST104128,51,71176,1931823,No,No,Yes,No,161,7,764,25,Enable UPI
CUST104129,62,157412,1683176,Yes,No,No,No,127,28,713,25,Activate Mobile Banking
CUST104130,36,181465,1384580,No,No,No,No,41,24,719,0,Enable UPI
CUST104131,55,117153,963904,Yes,Yes,No,No,158,19,770,50,Start SIP
CUST104132,33,163348,745537,No,Yes,No,No,47,4,809,25,Enable UPI
CUST104133,19,22310,1801954,No,Yes,No,Yes,185,26,761,50,Enable UPI
CUST104134,57,181239,234602,Yes,No,Yes,No,72,4,810,50,Activate Mobile Banking
CUST104135,34,156463,1396119,Yes,Yes,Yes,No,57,26,851,75,Buy Insurance
CUST104136,51,137013,840227,Yes,Yes,No,No,62,24,880,50,Start SIP
CUST104137,59,196693,842985,Yes,Yes,Yes,No,86,23,679,75,Buy Insurance
CUST104138,33,156964,1562504,Yes,No,No,No,57,12,654,25,Activate Mobile Banking
CUST104139,55,224658,1157552,Yes,Yes,No,Yes,196,15,603,75,Start SIP
CUST104140,19,187687,160183,No,Yes,No,No,72,25,657,25,Enable UPI
CUST104141,19,193625,1691430,Yes,Yes,No,No,124,21,864,50,Start SIP
CUST104142,43,124264,1311019,No,No,No,No,153,26,838,0,Enable UPI
CUST104143,30,94071,1697832,No,Yes,No,No,168,25,804,25,Enable UPI
CUST104144,64,187074,66600,No,Yes,No,No,17,10,827,25,Enable UPI
CUST104145,48,85658,579310,Yes,Yes,No,No,80,14,596,50,Start SIP
CUST104146,51,24852,1712135,Yes,Yes,No,Yes,176,25,683,75,Start SIP
CUST104147,56,282531,842329,Yes,Yes,No,No,39,16,573,50,Start SIP
CUST104148,20,145381,829470,Yes,Yes,Yes,No,143,14,666,75,Buy Insurance
CUST104149,25,249484,128323,Yes,Yes,Yes,No,17,22,788,75,Buy Insurance
CUST104150,40,218754,1239686,No,No,Yes,No,35,24,856,25,Enable UPI
CUST104151,31,146632,1698142,Yes,Yes,No,No,33,11,590,50,Start SIP
CUST104152,44,278456,902486,Yes,Yes,No,No,146,3,799,50,Start SIP
CUST104153,46,102566,1323617,No,Yes,No,Yes,158,3,872,50,Enable UPI
CUST104154,56,298473,593829,Yes,Yes,No,Yes,165,20,638,75,Start SIP
CUST104155,56,249750,1160544,Yes,No,No,No,111,15,641,25,Activate Mobile Banking
CUST104156,18,90542,1592756,No,Yes,Yes,Yes,135,14,630,75,Enable UPI
CUST104157,34,123237,930775,Yes,Yes,Yes,No,74,7,679,75,Buy Insurance
CUST104158,58,102502,1078391,Yes,Yes,No,No,156,26,640,50,Start SIP
CUST104159,47,23749,837044,Yes,Yes,No,Yes,98,20,649,75,Start SIP
CUST104160,30,176855,1480149,No,Yes,Yes,No,18,19,627,50,Enable UPI
CUST104161,38,75645,473304,Yes,Yes,No,No,175,7,592,50,Start SIP
CUST104162,36,228933,807699,Yes,No,No,Yes,23,10,672,50,Activate Mobile Banking
CUST104163,36,68175,809700,Yes,Yes,No,Yes,148,20,837,75,Start SIP
CUST104164,42,163395,643751,Yes,Yes,Yes,No,31,23,572,75,Buy Insurance
CUST104165,39,65762,1985343,Yes,Yes,No,Yes,14,16,693,75,Start SIP
CUST104166,48,79222,469151,Yes,No,Yes,Yes,23,2,807,75,Activate Mobile Banking
CUST104167,34,204400,886779,Yes,Yes,No,Yes,2,6,556,75,Start SIP
CUST104168,40,270539,1244308,Yes,Yes,No,Yes,157,11,826,75,Start SIP
CUST104169,49,27213,1250175,Yes,Yes,No,No,178,0,735,50,Start SIP
CUST104170,27,112367,199451,Yes,No,No,Yes,73,10,644,50,Activate Mobile Banking
CUST104171,27,193002,361686,Yes,Yes,Yes,No,59,4,574,75,Buy Insurance
CUST104172,53,173785,701631,Yes,Yes,Yes,Yes,33,5,840,100,Advanced Wealth Products
CUST104173,25,122157,1382332,Yes,Yes,No,No,176,13,776,50,Start SIP
CUST104174,69,244408,143307,No,No,No,Yes,172,27,722,25,Enable UPI
CUST104175,37,47583,1142333,No,Yes,Yes,No,140,28,684,50,Enable UPI
CUST104176,49,143792,414633,Yes,No,No,No,83,16,837,25,Activate Mobile Banking
CUST104177,67,94944,889507,Yes,Yes,Yes,No,170,22,858,75,Buy Insurance
CUST104178,31,37369,301753,Yes,Yes,Yes,No,35,24,618,75,Buy Insurance
CUST104179,67,194000,894217,Yes,Yes,No,No,41,24,830,50,Start SIP
CUST104180,45,34510,1307776,Yes,Yes,No,No,183,2,900,50,Start SIP
CUST104181,63,27120,956406,Yes,Yes,No,Yes,110,3,891,75,Start SIP
CUST104182,69,114847,1601509,Yes,Yes,No,No,141,29,882,50,Start SIP
CUST104183,41,113575,1509665,Yes,Yes,No,Yes,39,0,780,75,Start SIP
CUST104184,32,282439,1773494,Yes,Yes,Yes,No,194,28,891,75,Buy Insurance
CUST104185,39,35460,329377,No,Yes,No,No,163,3,866,25,Enable UPI
CUST104186,47,29963,1427163,Yes,Yes,No,No,116,13,856,50,Start SIP
CUST104187,21,42328,1208049,Yes,No,Yes,Yes,72,20,807,75,Activate Mobile Banking
CUST104188,30,139034,799203,No,Yes,No,Yes,161,6,722,50,Enable UPI
CUST104189,40,36605,1521243,No,Yes,No,Yes,89,20,581,50,Enable UPI
CUST104190,25,190885,477650,No,Yes,No,Yes,164,23,749,50,Enable UPI
CUST104191,35,192443,465665,Yes,Yes,Yes,Yes,141,6,629,100,Advanced Wealth Products
CUST104192,29,123241,369745,Yes,Yes,Yes,Yes,56,0,624,100,Advanced Wealth Products
CUST104193,48,206848,1539396,No,No,Yes,No,174,27,813,25,Enable UPI
CUST104194,31,269289,1448734,Yes,No,No,No,99,1,634,25,Activate Mobile Banking
CUST104195,51,182984,1729324,No,Yes,No,No,46,22,766,25,Enable UPI
CUST104196,35,184446,916656,Yes,Yes,No,No,100,2,670,50,Start SIP
CUST104197,51,218374,612539,Yes,Yes,No,No,113,17,569,50,Start SIP
CUST104198,28,77784,586330,No,Yes,Yes,No,111,10,698,50,Enable UPI
CUST104199,58,36274,845172,Yes,Yes,No,No,172,11,556,50,Start SIP
CUST104200,29,144994,201945,Yes,Yes,Yes,Yes,174,13,635,100,Advanced Wealth Products
CUST104201,66,232220,1624888,Yes,Yes,Yes,No,74,8,696,75,Buy Insurance
CUST104202,32,207070,1732386,Yes,Yes,No,No,69,27,865,50,Start SIP
CUST104203,48,258768,1634829,Yes,Yes,Yes,Yes,31,9,736,100,Advanced Wealth Products
CUST104204,66,183206,277201,Yes,Yes,No,No,125,12,874,50,Start SIP
CUST104205,46,158435,753609,Yes,Yes,No,Yes,24,23,850,75,Start SIP
CUST104206,43,84672,800415,No,Yes,Yes,Yes,32,23,867,75,Enable UPI
CUST104207,35,61246,397613,Yes,Yes,No,No,113,2,742,50,Start SIP
CUST104208,49,104110,549283,No,No,Yes,Yes,195,26,831,50,Enable UPI
CUST104209,39,279954,119587,Yes,No,Yes,Yes,16,25,737,75,Activate Mobile Banking
CUST104210,55,205932,1286652,Yes,Yes,No,Yes,185,8,567,75,Start SIP
CUST104211,34,223271,751988,Yes,Yes,No,No,108,23,864,50,Start SIP
CUST104212,40,86688,475897,Yes,Yes,No,Yes,24,27,698,75,Start SIP
CUST104213,41,208435,1092462,No,Yes,No,No,34,1,595,25,Enable UPI
CUST104214,67,288306,1404745,No,Yes,No,Yes,128,22,561,50,Enable UPI
CUST104215,25,88535,494788,Yes,Yes,No,No,52,7,779,50,Start SIP
CUST104216,58,85864,100149,Yes,Yes,Yes,No,48,27,662,75,Buy Insurance
CUST104217,23,149693,623308,No,Yes,No,Yes,87,6,709,50,Enable UPI
CUST104218,22,133371,1580537,No,No,No,Yes,119,8,776,25,Enable UPI
CUST104219,61,104792,957394,No,Yes,No,Yes,181,12,732,50,Enable UPI
CUST104220,46,190505,1917521,Yes,Yes,No,No,183,6,604,50,Start SIP
CUST104221,45,272416,28466,No,Yes,Yes,Yes,38,27,815,75,Enable UPI
CUST104222,28,81188,242626,Yes,Yes,No,Yes,130,6,584,75,Start SIP
CUST104223,18,201023,1932553,Yes,Yes,No,Yes,69,0,629,75,Start SIP
CUST104224,60,253188,1563542,Yes,Yes,No,Yes,82,1,555,75,Start SIP
CUST104225,36,51558,1628270,Yes,Yes,No,Yes,118,29,676,75,Start SIP
CUST104226,26,143938,401904,No,No,No,No,53,20,617,0,Enable UPI
CUST104227,44,161731,1647148,No,Yes,No,No,50,28,739,25,Enable UPI
CUST104228,51,287579,765006,No,No,No,Yes,157,28,793,25,Enable UPI
CUST104229,61,265272,906011,Yes,Yes,No,No,74,26,558,50,Start SIP
CUST104230,21,43067,1591529,Yes,Yes,No,No,183,29,706,50,Start SIP
CUST104231,53,102794,549929,Yes,Yes,No,No,106,16,620,50,Start SIP
CUST104232,35,16379,430716,Yes,Yes,No,No,189,27,683,50,Start SIP
CUST104233,32,123541,565085,No,Yes,Yes,No,50,9,849,50,Enable UPI
CUST104234,68,234499,1793702,Yes,Yes,No,No,16,14,869,50,Start SIP
CUST104235,30,129634,1361670,Yes,Yes,No,No,87,15,798,50,Start SIP
CUST104236,36,268579,1996126,Yes,Yes,No,Yes,94,22,872,75,Start SIP
CUST104237,66,118915,920986,No,Yes,No,Yes,70,20,593,50,Enable UPI
CUST104238,23,225494,1680203,Yes,Yes,Yes,Yes,172,12,665,100,Advanced Wealth Products
CUST104239,65,231915,1691295,Yes,Yes,Yes,No,100,20,777,75,Buy Insurance
CUST104240,29,144560,1285851,No,Yes,Yes,Yes,144,7,606,75,Enable UPI
CUST104241,68,170915,407854,Yes,Yes,No,No,28,8,793,50,Start SIP
CUST104242,54,151984,1861181,No,Yes,Yes,Yes,185,25,606,75,Enable UPI
CUST104243,34,167586,673582,Yes,Yes,No,No,154,0,692,50,Start SIP
CUST104244,40,233431,186136,Yes,Yes,Yes,Yes,86,25,741,100,Advanced Wealth Products
CUST104245,43,203104,1221658,No,No,No,No,118,3,556,0,Enable UPI
CUST104246,46,152521,1306877,Yes,Yes,Yes,No,11,26,824,75,Buy Insurance
CUST104247,50,147797,547383,Yes,Yes,Yes,Yes,129,17,683,100,Advanced Wealth Products
CUST104248,44,24304,1177130,Yes,Yes,No,Yes,69,29,588,75,Start SIP
CUST104249,42,140555,399655,Yes,Yes,Yes,No,171,24,742,75,Buy Insurance
CUST104250,27,109488,917046,Yes,Yes,No,Yes,174,24,876,75,Start SIP
CUST104251,64,273490,1812853,Yes,Yes,Yes,No,105,0,574,75,Buy Insurance
CUST104252,40,158748,483766,No,Yes,No,No,36,2,651,25,Enable UPI
CUST104253,38,276602,927879,No,Yes,No,No,66,9,700,25,Enable UPI
CUST104254,38,153518,1666887,Yes,No,No,No,185,23,766,25,Activate Mobile Banking
CUST104255,60,231669,1685045,Yes,Yes,Yes,No,134,1,779,75,Buy Insurance
CUST104256,30,103207,227310,Yes,Yes,Yes,No,190,17,816,75,Buy Insurance
CUST104257,54,203704,812032,Yes,Yes,No,No,155,1,711,50,Start SIP
CUST104258,50,213017,1842474,Yes,Yes,Yes,Yes,125,12,836,100,Advanced Wealth Products
CUST104259,41,88741,1834213,Yes,Yes,No,Yes,154,20,715,75,Start SIP
CUST104260,61,31365,504344,Yes,Yes,No,Yes,141,29,796,75,Start SIP
CUST104261,28,210929,1754033,Yes,Yes,No,No,76,8,723,50,Start SIP
CUST104262,34,262481,901366,Yes,Yes,Yes,Yes,146,22,558,100,Advanced Wealth Products
CUST104263,21,161776,1631140,No,No,Yes,No,38,28,825,25,Enable UPI
CUST104264,64,175974,1496909,No,Yes,Yes,Yes,6,22,608,75,Enable UPI
CUST104265,42,247366,445187,Yes,Yes,No,No,126,1,634,50,Start SIP
CUST104266,47,265319,274072,No,Yes,No,Yes,92,1,699,50,Enable UPI
CUST104267,26,49012,1010520,Yes,No,No,Yes,28,4,870,50,Activate Mobile Banking
CUST104268,38,157487,1895317,No,Yes,No,Yes,89,27,609,50,Enable UPI
CUST104269,37,36686,210719,Yes,No,Yes,Yes,5,13,674,75,Activate Mobile Banking
CUST104270,36,223270,701248,No,Yes,No,No,187,22,590,25,Enable UPI
CUST104271,36,174815,1803961,Yes,Yes,Yes,No,111,22,886,75,Buy Insurance
CUST104272,29,47161,1752768,Yes,Yes,Yes,Yes,108,24,722,100,Advanced Wealth Products
CUST104273,54,262066,121196,Yes,Yes,Yes,No,45,2,809,75,Buy Insurance
CUST104274,59,254689,1062980,Yes,Yes,Yes,Yes,112,13,875,100,Advanced Wealth Products
CUST104275,34,279546,1480431,Yes,Yes,No,Yes,181,0,722,75,Start SIP
CUST104276,54,78190,1787054,Yes,Yes,No,No,2,8,735,50,Start SIP
CUST104277,65,261256,458814,No,Yes,Yes,Yes,177,15,790,75,Enable UPI
CUST104278,56,290419,1691051,Yes,Yes,No,No,90,16,888,50,Start SIP
CUST104279,45,174254,901881,Yes,No,No,No,115,7,643,25,Activate Mobile Banking
CUST104280,58,29915,1605548,Yes,No,Yes,Yes,63,29,612,75,Activate Mobile Banking
CUST104281,52,278053,1646455,No,Yes,Yes,No,92,14,770,50,Enable UPI
CUST104282,64,80908,1435541,No,No,No,Yes,70,29,557,25,Enable UPI
CUST104283,65,142337,738082,No,Yes,No,No,186,20,762,25,Enable UPI
CUST104284,35,299764,269826,Yes,Yes,No,No,4,7,758,50,Start SIP
CUST104285,31,49112,1164762,Yes,Yes,No,No,158,6,758,50,Start SIP
CUST104286,52,220123,772469,Yes,Yes,No,Yes,57,8,634,75,Start SIP
CUST104287,61,17431,1599696,Yes,Yes,No,Yes,47,1,756,75,Start SIP
CUST104288,58,101590,1594861,Yes,Yes,No,No,146,24,896,50,Start SIP
CUST104289,24,132472,1350360,Yes,Yes,No,No,108,9,702,50,Start SIP
CUST104290,58,222193,1523674,Yes,Yes,No,No,95,4,710,50,Start SIP
CUST104291,30,76264,1094067,Yes,No,No,Yes,44,15,665,50,Activate Mobile Banking
CUST104292,35,178030,1116619,Yes,No,Yes,No,180,20,800,50,Activate Mobile Banking
CUST104293,54,134502,903607,No,Yes,No,No,177,0,732,25,Enable UPI
CUST104294,30,245395,1182144,Yes,Yes,No,Yes,158,5,713,75,Start SIP
CUST104295,53,147475,1429970,No,Yes,No,No,180,9,877,25,Enable UPI
CUST104296,48,220463,1650589,Yes,Yes,Yes,Yes,37,9,629,100,Advanced Wealth Products
CUST104297,19,184708,133131,Yes,Yes,No,Yes,63,25,556,75,Start SIP
CUST104298,33,287983,1099096,Yes,Yes,No,Yes,12,25,874,75,Start SIP
CUST104299,26,250706,330063,No,Yes,No,No,17,18,636,25,Enable UPI
CUST104300,26,193901,639157,Yes,Yes,No,No,34,12,557,50,Start SIP
CUST104301,55,155302,593730,No,No,No,No,156,25,585,0,Enable UPI
CUST104302,28,66977,1838889,Yes,No,Yes,Yes,132,18,800,75,Activate Mobile Banking
CUST104303,39,240864,1206418,Yes,Yes,No,Yes,98,2,649,75,Start SIP
CUST104304,50,40651,372390,Yes,Yes,No,No,46,12,628,50,Start SIP
CUST104305,53,112919,1756434,Yes,No,Yes,No,14,3,835,50,Activate Mobile Banking
CUST104306,62,201944,1425407,No,Yes,Yes,No,13,24,820,50,Enable UPI
CUST104307,40,132776,527485,Yes,Yes,Yes,Yes,186,28,770,100,Advanced Wealth Products
CUST104308,62,159811,652735,Yes,Yes,No,No,49,7,745,50,Start SIP
CUST104309,62,145697,1639341,No,Yes,No,No,178,11,775,25,Enable UPI
CUST104310,51,194428,529532,No,No,No,No,67,21,636,0,Enable UPI
CUST104311,26,16789,955292,Yes,Yes,No,No,21,23,607,50,Start SIP
CUST104312,41,251974,1017845,No,Yes,Yes,No,51,23,719,50,Enable UPI
CUST104313,25,276413,1919461,Yes,Yes,No,No,38,16,646,50,Start SIP
CUST104314,24,183678,455953,No,Yes,Yes,No,119,24,695,50,Enable UPI
CUST104315,53,59135,1231137,Yes,Yes,Yes,No,26,0,567,75,Buy Insurance
CUST104316,35,52067,919394,Yes,Yes,No,Yes,6,26,733,75,Start SIP
CUST104317,20,294501,862735,Yes,Yes,Yes,No,18,1,692,75,Buy Insurance
CUST104318,45,185923,1344110,Yes,Yes,No,No,114,8,883,50,Start SIP
CUST104319,23,222925,539535,Yes,Yes,No,Yes,134,22,611,75,Start SIP
CUST104320,61,178944,1253699,Yes,Yes,No,No,169,25,712,50,Start SIP
CUST104321,61,84103,1768655,Yes,Yes,Yes,No,57,0,589,75,Buy Insurance
CUST104322,38,101310,1481470,No,Yes,No,Yes,178,18,728,50,Enable UPI
CUST104323,45,52412,1045673,Yes,Yes,No,No,25,29,784,50,Start SIP
CUST104324,57,216002,486018,Yes,Yes,No,Yes,48,16,609,75,Start SIP
CUST104325,18,37228,1260934,Yes,Yes,No,No,24,4,777,50,Start SIP
CUST104326,53,135627,821015,No,No,No,No,158,14,788,0,Enable UPI
CUST104327,38,26319,521456,Yes,Yes,No,No,87,19,605,50,Start SIP
CUST104328,60,21475,1192724,Yes,Yes,No,No,45,23,783,50,Start SIP
CUST104329,52,243163,940510,Yes,Yes,No,No,43,24,633,50,Start SIP
CUST104330,30,160800,1199699,Yes,Yes,No,No,72,11,752,50,Start SIP
CUST104331,66,256382,402530,Yes,Yes,No,Yes,184,3,590,75,Start SIP
CUST104332,27,244484,557958,Yes,Yes,No,No,70,14,566,50,Start SIP
CUST104333,61,207828,1547549,Yes,Yes,Yes,Yes,33,2,654,100,Advanced Wealth Products
CUST104334,64,214847,990055,Yes,Yes,No,No,97,13,574,50,Start SIP
CUST104335,27,290890,1964928,Yes,Yes,Yes,No,45,3,642,75,Buy Insurance
CUST104336,63,168817,1063812,Yes,Yes,No,No,7,18,764,50,Start SIP
CUST104337,30,278389,40568,Yes,Yes,Yes,No,106,5,733,75,Buy Insurance
CUST104338,54,132408,1685191,No,Yes,No,Yes,146,16,766,50,Enable UPI
CUST104339,55,127143,260745,No,No,No,Yes,70,17,700,25,Enable UPI
CUST104340,41,290000,377332,Yes,No,No,No,45,7,807,25,Activate Mobile Banking
CUST104341,19,202965,490119,Yes,Yes,Yes,No,37,18,850,75,Buy Insurance
CUST104342,39,247298,283496,Yes,Yes,No,Yes,149,19,668,75,Start SIP
CUST104343,34,83049,1703585,Yes,Yes,Yes,Yes,172,11,683,100,Advanced Wealth Products
CUST104344,53,243953,264291,Yes,Yes,No,No,158,16,756,50,Start SIP
CUST104345,31,225503,443866,Yes,Yes,No,Yes,139,18,812,75,Start SIP
CUST104346,27,185821,408562,No,Yes,No,No,8,0,871,25,Enable UPI
CUST104347,52,219829,685516,No,Yes,Yes,No,133,10,739,50,Enable UPI
CUST104348,42,217646,60904,Yes,Yes,No,No,8,9,707,50,Start SIP
CUST104349,20,73601,1985115,Yes,Yes,No,Yes,5,15,625,75,Start SIP
CUST104350,64,161154,913573,No,Yes,No,Yes,10,4,601,50,Enable UPI
CUST104351,55,160720,283252,No,Yes,Yes,No,15,16,775,50,Enable UPI
CUST104352,34,277508,527247,No,Yes,No,No,56,27,643,25,Enable UPI
CUST104353,29,180640,794285,Yes,Yes,Yes,Yes,114,8,841,100,Advanced Wealth Products
CUST104354,69,220704,351300,Yes,Yes,No,Yes,55,22,840,75,Start SIP
CUST104355,41,284580,271320,Yes,Yes,Yes,Yes,131,26,871,100,Advanced Wealth Products
CUST104356,46,39544,629747,Yes,Yes,No,No,41,7,727,50,Start SIP
CUST104357,60,78295,1472712,Yes,Yes,Yes,No,138,24,655,75,Buy Insurance
CUST104358,42,211787,1239498,Yes,Yes,No,Yes,135,9,625,75,Start SIP
CUST104359,53,84409,1191477,No,Yes,No,No,191,7,553,25,Enable UPI
CUST104360,43,264720,128225,No,Yes,No,No,115,2,860,25,Enable UPI
CUST104361,55,141839,498406,Yes,Yes,No,No,63,22,736,50,Start SIP
CUST104362,18,294301,1813711,No,Yes,Yes,No,88,22,569,50,Enable UPI
CUST104363,37,191637,226738,Yes,Yes,Yes,No,154,29,824,75,Buy Insurance
CUST104364,45,216068,909890,No,Yes,Yes,No,34,22,685,50,Enable UPI
CUST104365,33,80888,1688757,Yes,Yes,No,No,122,11,576,50,Start SIP
CUST104366,64,202167,865359,Yes,No,No,No,167,23,685,25,Activate Mobile Banking
CUST104367,34,19507,483076,Yes,Yes,No,No,188,3,567,50,Start SIP
CUST104368,57,58988,1958186,Yes,No,Yes,Yes,197,26,834,75,Activate Mobile Banking
CUST104369,45,162937,247726,Yes,Yes,No,Yes,100,21,851,75,Start SIP
CUST104370,29,42213,1356387,Yes,No,No,No,107,17,687,25,Activate Mobile Banking
CUST104371,44,72450,726202,No,Yes,No,Yes,154,22,781,50,Enable UPI
CUST104372,59,77222,1482635,Yes,No,No,No,62,8,889,25,Activate Mobile Banking
CUST104373,64,169468,711168,Yes,Yes,Yes,Yes,138,20,806,100,Advanced Wealth Products
CUST104374,47,27755,1477335,Yes,Yes,No,No,100,3,768,50,Start SIP
CUST104375,58,146937,470996,Yes,Yes,Yes,No,54,1,681,75,Buy Insurance
CUST104376,51,157245,1060187,Yes,No,No,No,159,6,805,25,Activate Mobile Banking
CUST104377,54,204977,1403962,No,Yes,No,Yes,38,17,645,50,Enable UPI
CUST104378,23,184169,1924620,Yes,Yes,Yes,No,114,1,823,75,Buy Insurance
CUST104379,24,250132,1886910,Yes,Yes,Yes,Yes,25,24,883,100,Advanced Wealth Products
CUST104380,49,150090,776812,Yes,Yes,Yes,Yes,65,1,850,100,Advanced Wealth Products
CUST104381,49,282336,1348763,Yes,Yes,No,Yes,100,9,564,75,Start SIP
CUST104382,42,279159,141343,Yes,Yes,Yes,No,178,2,728,75,Buy Insurance
CUST104383,50,214988,864299,No,No,Yes,No,152,18,809,25,Enable UPI
CUST104384,24,43343,344233,Yes,No,Yes,No,155,1,637,50,Activate Mobile Banking
CUST104385,69,20829,850177,Yes,Yes,No,No,178,25,643,50,Start SIP
CUST104386,29,49381,1543668,No,Yes,No,No,178,2,882,25,Enable UPI
CUST104387,33,227153,984581,Yes,Yes,No,No,143,8,577,50,Start SIP
CUST104388,33,295407,1243767,Yes,Yes,Yes,No,17,10,734,75,Buy Insurance
CUST104389,60,249748,1720509,No,Yes,No,No,29,10,624,25,Enable UPI
CUST104390,53,236970,1730345,Yes,Yes,No,No,5,26,603,50,Start SIP
CUST104391,30,15148,877402,Yes,Yes,No,Yes,11,2,870,75,Start SIP
CUST104392,24,87914,1340184,No,No,Yes,Yes,180,4,596,50,Enable UPI
CUST104393,53,75653,1302796,No,No,Yes,Yes,162,11,797,50,Enable UPI
CUST104394,64,238607,1489632,Yes,Yes,No,Yes,81,14,783,75,Start SIP
CUST104395,68,207593,971289,Yes,No,Yes,No,33,22,667,50,Activate Mobile Banking
CUST104396,26,24795,647811,No,Yes,Yes,No,49,16,809,50,Enable UPI
CUST104397,49,79555,1598526,Yes,Yes,No,No,121,15,779,50,Start SIP
CUST104398,28,250068,809660,Yes,Yes,No,Yes,159,29,839,75,Start SIP
CUST104399,25,118107,590009,Yes,Yes,No,No,18,16,790,50,Start SIP
CUST104400,50,242650,667746,Yes,Yes,No,No,115,14,881,50,Start SIP
CUST104401,40,182022,798294,No,Yes,No,Yes,5,25,731,50,Enable UPI
CUST104402,42,26009,569396,No,Yes,No,No,158,12,866,25,Enable UPI
CUST104403,25,193168,96788,No,Yes,No,No,45,1,650,25,Enable UPI
CUST104404,62,165616,473239,No,Yes,No,Yes,120,16,797,50,Enable UPI
CUST104405,39,44381,249437,Yes,Yes,Yes,No,128,0,898,75,Buy Insurance
CUST104406,21,83122,1814875,Yes,Yes,Yes,Yes,38,29,662,100,Advanced Wealth Products
CUST104407,57,229709,871572,No,Yes,No,Yes,109,29,770,50,Enable UPI
CUST104408,20,102228,1005467,Yes,Yes,No,No,96,9,888,50,Start SIP
CUST104409,46,95770,687561,Yes,Yes,No,No,94,3,697,50,Start SIP
CUST104410,58,67726,1908586,Yes,No,No,No,29,9,845,25,Activate Mobile Banking
CUST104411,46,203210,54966,No,Yes,Yes,No,164,11,746,50,Enable UPI
CUST104412,51,236454,190846,Yes,Yes,Yes,No,137,27,618,75,Buy Insurance
CUST104413,51,192265,1326106,Yes,Yes,Yes,Yes,23,2,837,100,Advanced Wealth Products
CUST104414,45,260074,606516,Yes,Yes,No,No,131,0,573,50,Start SIP
CUST104415,30,95857,1044524,Yes,Yes,No,No,86,18,735,50,Start SIP
CUST104416,32,274405,1199873,Yes,Yes,No,No,184,0,719,50,Start SIP
CUST104417,40,205128,1463485,No,No,No,No,168,18,840,0,Enable UPI
CUST104418,61,132928,1387917,Yes,Yes,No,No,184,3,581,50,Start SIP
CUST104419,43,73706,48021,Yes,Yes,No,Yes,58,26,850,75,Start SIP
CUST104420,21,70006,386059,Yes,No,No,No,159,12,725,25,Activate Mobile Banking
CUST104421,43,102238,154333,Yes,Yes,No,No,11,26,891,50,Start SIP
CUST104422,57,263018,425594,No,No,No,No,42,13,726,0,Enable UPI
CUST104423,26,209227,908606,No,Yes,No,No,131,13,839,25,Enable UPI
CUST104424,22,92271,781934,No,Yes,No,Yes,185,23,693,50,Enable UPI
CUST104425,49,58013,91755,Yes,Yes,No,Yes,14,2,560,75,Start SIP
CUST104426,37,97600,934441,Yes,Yes,No,Yes,46,18,696,75,Start SIP
CUST104427,67,114290,1119906,Yes,Yes,No,No,147,28,897,50,Start SIP
CUST104428,28,231110,707726,Yes,Yes,No,No,124,24,859,50,Start SIP
CUST104429,32,146832,863754,No,Yes,Yes,Yes,60,10,744,75,Enable UPI
CUST104430,49,39142,1942326,Yes,Yes,No,No,159,8,625,50,Start SIP
CUST104431,45,146436,574601,No,Yes,No,Yes,36,5,709,50,Enable UPI
CUST104432,39,296941,239729,Yes,Yes,Yes,Yes,160,25,649,100,Advanced Wealth Products
CUST104433,58,252403,762071,Yes,No,No,Yes,191,3,665,50,Activate Mobile Banking
CUST104434,34,47535,1342752,Yes,No,No,No,26,25,632,25,Activate Mobile Banking
CUST104435,43,31105,1538755,Yes,Yes,No,No,65,4,861,50,Start SIP
CUST104436,61,154011,153430,Yes,Yes,No,Yes,130,28,612,75,Start SIP
CUST104437,24,94472,1046431,Yes,Yes,No,No,70,8,681,50,Start SIP
CUST104438,59,188101,1901718,Yes,Yes,No,Yes,126,0,797,75,Start SIP
CUST104439,43,161935,1411046,Yes,No,Yes,Yes,173,22,680,75,Activate Mobile Banking
CUST104440,42,93097,1401877,Yes,Yes,No,Yes,153,14,707,75,Start SIP
CUST104441,27,276674,447037,Yes,No,No,Yes,40,10,765,50,Activate Mobile Banking
CUST104442,62,156519,33365,Yes,Yes,No,No,146,22,875,50,Start SIP
CUST104443,36,111160,1328909,Yes,Yes,Yes,No,110,25,583,75,Buy Insurance
CUST104444,28,61940,1523541,Yes,No,No,Yes,98,0,881,50,Activate Mobile Banking
CUST104445,30,224019,1585112,Yes,Yes,Yes,Yes,12,29,847,100,Advanced Wealth Products
CUST104446,25,100001,1057945,Yes,Yes,No,Yes,24,16,828,75,Start SIP
CUST104447,57,249824,461979,Yes,Yes,Yes,Yes,171,14,845,100,Advanced Wealth Products
CUST104448,21,165714,1979130,Yes,Yes,No,No,32,13,564,50,Start SIP
CUST104449,64,242870,1868613,Yes,Yes,Yes,Yes,114,8,664,100,Advanced Wealth Products
CUST104450,48,241971,1889624,Yes,No,No,No,47,22,606,25,Activate Mobile Banking
CUST104451,45,213715,1501271,No,Yes,No,Yes,173,3,691,50,Enable UPI
CUST104452,28,22928,370863,Yes,No,Yes,Yes,35,8,756,75,Activate Mobile Banking
CUST104453,60,63002,1225531,Yes,Yes,No,No,122,27,689,50,Start SIP
CUST104454,18,129614,1610919,No,Yes,No,Yes,128,4,656,50,Enable UPI
CUST104455,66,132517,1777667,Yes,No,No,Yes,137,2,840,50,Activate Mobile Banking
CUST104456,64,171089,1432400,Yes,Yes,No,Yes,10,17,627,75,Start SIP
CUST104457,69,94064,274594,Yes,Yes,Yes,Yes,65,8,551,100,Advanced Wealth Products
CUST104458,55,65893,1187573,Yes,Yes,No,Yes,187,3,823,75,Start SIP
CUST104459,41,292311,478267,No,Yes,No,Yes,98,6,584,50,Enable UPI
CUST104460,64,53598,55272,Yes,Yes,No,No,185,0,814,50,Start SIP
CUST104461,48,153595,1058886,Yes,No,No,No,10,15,767,25,Activate Mobile Banking
CUST104462,58,96060,1085393,Yes,No,Yes,No,147,24,616,50,Activate Mobile Banking
CUST104463,63,290429,1561926,Yes,Yes,Yes,No,109,27,618,75,Buy Insurance
CUST104464,67,37694,491160,Yes,Yes,No,No,178,24,773,50,Start SIP
CUST104465,43,276401,1491320,Yes,No,No,Yes,68,25,843,50,Activate Mobile Banking
CUST104466,66,261848,978283,No,Yes,Yes,Yes,104,5,875,75,Enable UPI
CUST104467,67,168463,745176,No,Yes,No,Yes,5,5,752,50,Enable UPI
CUST104468,22,281755,87641,Yes,Yes,No,No,157,13,630,50,Start SIP
CUST104469,37,24372,1793019,No,Yes,Yes,Yes,116,21,615,75,Enable UPI
CUST104470,69,170384,1785246,Yes,Yes,Yes,Yes,5,4,846,100,Advanced Wealth Products
CUST104471,58,160152,1593321,Yes,Yes,Yes,Yes,60,10,829,100,Advanced Wealth Products
CUST104472,28,127945,47311,No,Yes,No,Yes,65,0,810,50,Enable UPI
CUST104473,50,111213,1975060,Yes,Yes,No,Yes,127,19,826,75,Start SIP
CUST104474,67,35874,1205534,Yes,Yes,No,Yes,28,9,555,75,Start SIP
CUST104475,55,219986,1523904,Yes,Yes,No,Yes,83,0,681,75,Start SIP
CUST104476,44,26600,1497669,Yes,Yes,Yes,Yes,129,20,814,100,Advanced Wealth Products
CUST104477,51,263430,1701437,No,Yes,Yes,Yes,29,28,874,75,Enable UPI
CUST104478,32,170887,364571,Yes,Yes,No,Yes,179,3,617,75,Start SIP
CUST104479,49,230572,1876189,Yes,No,Yes,Yes,164,7,675,75,Activate Mobile Banking
CUST104480,38,109348,1217910,Yes,No,No,No,160,0,864,25,Activate Mobile Banking
CUST104481,63,120736,1972027,No,Yes,No,Yes,64,7,720,50,Enable UPI
CUST104482,22,150797,398238,Yes,Yes,Yes,Yes,142,13,885,100,Advanced Wealth Products
CUST104483,23,166756,792560,Yes,No,No,Yes,32,23,578,50,Activate Mobile Banking
CUST104484,55,126573,1657386,Yes,Yes,No,Yes,9,16,725,75,Start SIP
CUST104485,39,290236,1216970,Yes,No,No,Yes,139,8,856,50,Activate Mobile Banking
CUST104486,35,40457,53929,Yes,Yes,Yes,No,176,28,841,75,Buy Insurance
CUST104487,31,77894,610984,Yes,Yes,Yes,No,179,24,881,75,Buy Insurance
CUST104488,27,76305,382389,Yes,Yes,No,Yes,132,5,654,75,Start SIP
CUST104489,63,158684,801240,Yes,Yes,No,No,41,0,594,50,Start SIP
CUST104490,30,248913,1673012,Yes,Yes,Yes,Yes,25,22,650,100,Advanced Wealth Products
CUST104491,48,224699,451098,Yes,Yes,No,Yes,145,22,775,75,Start SIP
CUST104492,47,15559,813157,Yes,Yes,No,No,175,8,653,50,Start SIP
CUST104493,20,52361,1388254,Yes,Yes,No,Yes,8,0,811,75,Start SIP
CUST104494,47,292405,1355670,Yes,Yes,Yes,Yes,58,13,802,100,Advanced Wealth Products
CUST104495,23,297516,1797890,Yes,Yes,Yes,No,109,23,714,75,Buy Insurance
CUST104496,46,243748,88576,No,Yes,Yes,No,129,29,841,50,Enable UPI
CUST104497,25,203992,25557,Yes,Yes,No,No,2,27,761,50,Start SIP
CUST104498,61,258950,551113,Yes,Yes,No,No,10,28,693,50,Start SIP
CUST104499,62,15037,1324718,No,Yes,Yes,No,91,10,785,50,Enable UPI
CUST104500,60,189104,41080,Yes,Yes,No,Yes,117,7,571,75,Start SIP
CUST104501,61,112243,1836679,Yes,Yes,Yes,Yes,155,22,618,100,Advanced Wealth Products
CUST104502,50,144380,1242445,No,No,No,No,141,11,618,0,Enable UPI
CUST104503,34,273430,1724738,Yes,Yes,Yes,No,63,5,795,75,Buy Insurance
CUST104504,65,49600,1982247,Yes,Yes,Yes,Yes,11,16,612,100,Advanced Wealth Products
CUST104505,28,194357,498844,Yes,Yes,Yes,No,142,10,786,75,Buy Insurance
CUST104506,30,208080,1620271,Yes,Yes,No,Yes,96,9,880,75,Start SIP
CUST104507,67,282311,1173859,No,Yes,Yes,Yes,124,26,568,75,Enable UPI
CUST104508,28,272351,18338,Yes,No,Yes,Yes,93,7,780,75,Activate Mobile Banking
CUST104509,48,15432,605577,Yes,Yes,Yes,No,102,11,778,75,Buy Insurance
CUST104510,45,276550,1518312,No,Yes,No,No,98,20,676,25,Enable UPI
CUST104511,61,84687,1727831,No,No,No,Yes,26,3,695,25,Enable UPI
CUST104512,23,259288,183982,Yes,Yes,No,No,197,20,878,50,Start SIP
CUST104513,58,200221,1971037,Yes,Yes,No,No,39,20,663,50,Start SIP
CUST104514,33,233712,1162943,Yes,Yes,Yes,No,92,29,792,75,Buy Insurance
CUST104515,21,202840,333042,No,Yes,No,No,156,12,694,25,Enable UPI
CUST104516,52,179329,925958,Yes,Yes,Yes,Yes,145,25,590,100,Advanced Wealth Products
CUST104517,65,190746,1695350,Yes,Yes,No,No,165,2,710,50,Start SIP
CUST104518,43,191443,1402260,Yes,Yes,No,Yes,108,19,887,75,Start SIP
CUST104519,29,244354,1548351,Yes,Yes,No,Yes,155,3,626,75,Start SIP
CUST104520,28,183369,1792073,Yes,No,Yes,No,76,7,717,50,Activate Mobile Banking
CUST104521,54,49743,448853,Yes,Yes,Yes,No,67,4,833,75,Buy Insurance
CUST104522,42,214824,1833919,Yes,Yes,No,No,122,21,659,50,Start SIP
CUST104523,35,94803,665709,Yes,Yes,No,No,196,25,744,50,Start SIP
CUST104524,36,216123,1965424,Yes,Yes,Yes,No,175,1,777,75,Buy Insurance
CUST104525,40,37076,831395,Yes,Yes,Yes,Yes,111,24,716,100,Advanced Wealth Products
CUST104526,55,256424,998087,Yes,Yes,No,No,162,7,570,50,Start SIP
CUST104527,35,221384,1454542,No,Yes,No,Yes,18,23,714,50,Enable UPI
CUST104528,43,265699,362073,Yes,Yes,No,Yes,35,25,679,75,Start SIP
CUST104529,23,149035,1731399,Yes,Yes,Yes,Yes,18,4,811,100,Advanced Wealth Products
CUST104530,21,159938,604223,Yes,No,No,Yes,198,15,601,50,Activate Mobile Banking
CUST104531,61,178377,1767728,Yes,Yes,Yes,Yes,162,20,810,100,Advanced Wealth Products
CUST104532,68,228968,805118,Yes,Yes,No,Yes,161,14,724,75,Start SIP
CUST104533,46,281656,1553131,Yes,Yes,Yes,Yes,128,18,848,100,Advanced Wealth Products
CUST104534,51,265703,1117104,Yes,Yes,Yes,No,127,12,645,75,Buy Insurance
CUST104535,34,162702,1677675,Yes,Yes,Yes,No,84,10,589,75,Buy Insurance
CUST104536,60,132907,513907,Yes,Yes,No,No,43,15,758,50,Start SIP
CUST104537,60,220591,1338507,Yes,No,No,Yes,82,17,691,50,Activate Mobile Banking
CUST104538,33,79591,937280,No,Yes,No,No,27,24,807,25,Enable UPI
CUST104539,19,224633,382757,Yes,Yes,No,Yes,48,14,716,75,Start SIP
CUST104540,51,248559,1017567,Yes,No,No,No,69,5,740,25,Activate Mobile Banking
CUST104541,25,288495,717787,Yes,No,No,Yes,199,7,868,50,Activate Mobile Banking
CUST104542,30,135533,1838005,Yes,Yes,No,No,150,3,668,50,Start SIP
CUST104543,59,118627,1158463,No,Yes,No,Yes,162,20,695,50,Enable UPI
CUST104544,25,143381,1114662,No,Yes,Yes,No,171,25,899,50,Enable UPI
CUST104545,47,257264,893663,Yes,Yes,No,No,116,15,884,50,Start SIP
CUST104546,49,88309,1309070,Yes,Yes,Yes,No,124,20,678,75,Buy Insurance
CUST104547,53,240074,513889,Yes,Yes,No,Yes,16,10,694,75,Start SIP
CUST104548,64,287922,1641172,No,No,Yes,Yes,126,25,603,50,Enable UPI
CUST104549,47,158573,282941,Yes,Yes,No,No,14,19,671,50,Start SIP
CUST104550,18,51382,1321022,Yes,No,No,Yes,39,26,673,50,Activate Mobile Banking
CUST104551,60,237426,461388,Yes,No,Yes,No,199,1,716,50,Activate Mobile Banking
CUST104552,56,38341,567347,Yes,Yes,No,Yes,108,29,871,75,Start SIP
CUST104553,34,160439,136980,Yes,Yes,No,No,12,21,692,50,Start SIP
CUST104554,37,241280,1769188,Yes,Yes,Yes,No,97,3,571,75,Buy Insurance
CUST104555,41,146066,1527451,Yes,Yes,No,No,55,13,825,50,Start SIP
CUST104556,67,215940,148949,Yes,Yes,Yes,Yes,134,10,898,100,Advanced Wealth Products
CUST104557,39,274252,281383,No,Yes,No,Yes,40,3,848,50,Enable UPI
CUST104558,46,100820,1009475,No,Yes,No,No,91,25,826,25,Enable UPI
CUST104559,39,74949,32313,No,No,No,No,13,2,853,0,Enable UPI
CUST104560,61,225377,1023394,Yes,Yes,Yes,Yes,69,23,871,100,Advanced Wealth Products
CUST104561,26,77543,1095679,No,Yes,Yes,Yes,152,21,664,75,Enable UPI
CUST104562,54,276878,184480,Yes,Yes,Yes,No,187,24,821,75,Buy Insurance
CUST104563,27,219446,1530043,Yes,Yes,Yes,No,174,4,717,75,Buy Insurance
CUST104564,53,223851,1142347,Yes,No,No,No,96,5,826,25,Activate Mobile Banking
CUST104565,54,174011,1179804,Yes,No,No,No,172,8,813,25,Activate Mobile Banking
CUST104566,45,82381,96665,Yes,Yes,No,No,11,3,799,50,Start SIP
CUST104567,45,293910,801966,No,Yes,No,Yes,118,25,804,50,Enable UPI
CUST104568,59,117416,1883068,Yes,Yes,Yes,Yes,61,6,891,100,Advanced Wealth Products
CUST104569,60,27780,1857197,Yes,Yes,No,Yes,36,12,607,75,Start SIP
CUST104570,38,63458,1968439,Yes,Yes,Yes,No,138,9,554,75,Buy Insurance
CUST104571,41,278653,1663931,Yes,Yes,No,No,129,11,660,50,Start SIP
CUST104572,59,192946,802399,Yes,Yes,Yes,Yes,63,9,835,100,Advanced Wealth Products
CUST104573,57,46533,742351,Yes,No,No,Yes,140,10,900,50,Activate Mobile Banking
CUST104574,19,278503,856995,No,Yes,Yes,Yes,5,10,814,75,Enable UPI
CUST104575,25,134119,275804,Yes,Yes,Yes,No,78,21,798,75,Buy Insurance
CUST104576,65,236140,1434391,Yes,Yes,No,No,36,5,644,50,Start SIP
CUST104577,44,297488,489091,Yes,No,No,No,145,5,900,25,Activate Mobile Banking
CUST104578,39,297745,134909,No,Yes,No,Yes,186,29,846,50,Enable UPI
CUST104579,54,260840,1486615,No,No,No,No,150,19,856,0,Enable UPI
CUST104580,44,203057,454058,Yes,Yes,No,Yes,159,25,734,75,Start SIP
CUST104581,46,263182,145688,Yes,Yes,No,No,154,5,778,50,Start SIP
CUST104582,20,126095,1129552,Yes,Yes,Yes,Yes,13,11,866,100,Advanced Wealth Products
CUST104583,61,154152,1811072,No,Yes,No,Yes,191,22,811,50,Enable UPI
CUST104584,30,180029,1233386,No,Yes,No,Yes,195,28,668,50,Enable UPI
CUST104585,62,241952,1328827,Yes,No,No,No,63,13,783,25,Activate Mobile Banking
CUST104586,27,136292,1770340,Yes,Yes,No,No,11,17,831,50,Start SIP
CUST104587,53,105570,1672046,No,Yes,No,Yes,69,26,751,50,Enable UPI
CUST104588,26,138791,1821017,Yes,Yes,Yes,Yes,192,24,811,100,Advanced Wealth Products
CUST104589,44,53314,883219,Yes,Yes,Yes,No,102,22,602,75,Buy Insurance
CUST104590,51,247061,1855962,Yes,Yes,No,Yes,196,18,866,75,Start SIP
CUST104591,68,220993,284087,Yes,Yes,Yes,Yes,32,9,710,100,Advanced Wealth Products
CUST104592,18,161903,1094301,No,Yes,Yes,Yes,10,9,793,75,Enable UPI
CUST104593,49,60708,1885442,Yes,No,Yes,No,108,6,643,50,Activate Mobile Banking
CUST104594,42,294826,1925759,Yes,Yes,No,Yes,54,25,589,75,Start SIP
CUST104595,46,181866,539398,Yes,No,Yes,No,183,9,829,50,Activate Mobile Banking
CUST104596,24,54477,503864,Yes,Yes,No,Yes,82,13,641,75,Start SIP
CUST104597,66,184809,1332182,Yes,No,Yes,Yes,190,4,850,75,Activate Mobile Banking
CUST104598,20,148692,1394952,Yes,Yes,Yes,Yes,183,24,587,100,Advanced Wealth Products
CUST104599,37,249241,714441,Yes,Yes,No,No,87,21,792,50,Start SIP
CUST104600,37,268105,451015,Yes,Yes,No,Yes,82,10,685,75,Start SIP
CUST104601,47,181129,595855,Yes,Yes,No,No,35,28,613,50,Start SIP
CUST104602,52,225462,487517,Yes,No,No,Yes,67,6,892,50,Activate Mobile Banking
CUST104603,52,68024,1760160,Yes,Yes,Yes,Yes,65,19,750,100,Advanced Wealth Products
CUST104604,66,190183,1443145,No,No,No,No,17,17,856,0,Enable UPI
CUST104605,56,170146,847495,Yes,Yes,No,No,42,10,811,50,Start SIP
CUST104606,44,32824,1166970,No,Yes,Yes,Yes,187,19,724,75,Enable UPI
CUST104607,43,63926,1895248,Yes,No,No,No,198,24,726,25,Activate Mobile Banking
CUST104608,31,182932,1921360,No,Yes,No,No,121,2,634,25,Enable UPI
CUST104609,34,290119,153940,No,Yes,No,Yes,121,6,709,50,Enable UPI
CUST104610,35,239749,998477,Yes,Yes,No,No,139,28,731,50,Start SIP
CUST104611,62,260453,348133,No,No,No,Yes,78,29,585,25,Enable UPI
CUST104612,69,96371,1075798,No,Yes,No,No,28,3,894,25,Enable UPI
CUST104613,46,172620,84794,Yes,Yes,Yes,No,39,18,648,75,Buy Insurance
CUST104614,37,113066,1641788,Yes,Yes,No,Yes,182,29,775,75,Start SIP
CUST104615,44,184808,629142,Yes,Yes,Yes,Yes,100,29,586,100,Advanced Wealth Products
CUST104616,35,76562,1918521,No,No,Yes,Yes,11,29,822,50,Enable UPI
CUST104617,21,286978,789326,Yes,No,Yes,No,115,20,821,50,Activate Mobile Banking
CUST104618,18,117192,846081,Yes,Yes,No,No,186,17,735,50,Start SIP
CUST104619,67,15840,370130,Yes,Yes,No,Yes,117,10,598,75,Start SIP
CUST104620,18,225481,773103,Yes,Yes,No,Yes,168,13,643,75,Start SIP
CUST104621,43,46568,875181,Yes,Yes,No,Yes,132,9,856,75,Start SIP
CUST104622,62,287990,238127,Yes,Yes,Yes,No,64,13,775,75,Buy Insurance
CUST104623,37,151971,509434,Yes,Yes,Yes,No,176,3,554,75,Buy Insurance
CUST104624,69,101038,1194871,Yes,Yes,No,No,198,22,723,50,Start SIP
CUST104625,40,212173,1232814,Yes,Yes,No,Yes,83,11,732,75,Start SIP
CUST104626,27,144789,44369,Yes,Yes,No,No,159,11,622,50,Start SIP
CUST104627,28,89723,877811,Yes,Yes,Yes,No,2,1,694,75,Buy Insurance
CUST104628,58,253755,1909400,Yes,No,Yes,No,43,25,701,50,Activate Mobile Banking
CUST104629,58,255822,1852669,Yes,Yes,Yes,Yes,41,5,605,100,Advanced Wealth Products
CUST104630,22,71888,1724527,Yes,Yes,Yes,No,60,4,732,75,Buy Insurance
CUST104631,18,198206,338862,Yes,Yes,Yes,Yes,112,18,671,100,Advanced Wealth Products
CUST104632,34,283227,715595,Yes,Yes,No,Yes,174,20,793,75,Start SIP
CUST104633,39,158670,275114,Yes,Yes,No,No,40,14,753,50,Start SIP
CUST104634,51,107416,52922,No,Yes,No,No,59,9,628,25,Enable UPI
CUST104635,62,279724,1547190,Yes,Yes,Yes,No,45,6,565,75,Buy Insurance
CUST104636,58,137834,822187,No,Yes,Yes,Yes,42,18,675,75,Enable UPI
CUST104637,46,127148,1032903,No,No,No,No,119,7,636,0,Enable UPI
CUST104638,21,203467,650214,Yes,Yes,No,Yes,149,14,827,75,Start SIP
CUST104639,22,286530,24416,Yes,No,No,Yes,131,22,900,50,Activate Mobile Banking
CUST104640,28,165594,18672,Yes,Yes,No,No,194,3,592,50,Start SIP
CUST104641,68,211604,481684,Yes,Yes,No,Yes,139,12,628,75,Start SIP
CUST104642,38,48545,133145,Yes,Yes,Yes,No,24,28,826,75,Buy Insurance
CUST104643,52,200151,707356,No,Yes,Yes,Yes,50,4,813,75,Enable UPI
CUST104644,29,50790,1914103,Yes,Yes,No,Yes,88,25,854,75,Start SIP
CUST104645,43,66012,5064,No,Yes,No,No,21,10,777,25,Enable UPI
CUST104646,68,132827,73835,Yes,Yes,Yes,No,153,15,674,75,Buy Insurance
CUST104647,36,275123,1255033,No,Yes,No,No,132,19,655,25,Enable UPI
CUST104648,62,29260,1976719,Yes,Yes,No,Yes,125,17,779,75,Start SIP
CUST104649,24,211211,1301371,Yes,Yes,No,No,43,27,683,50,Start SIP
CUST104650,64,278218,1457847,Yes,Yes,Yes,Yes,175,14,630,100,Advanced Wealth Products
CUST104651,24,155547,354738,Yes,Yes,Yes,Yes,23,24,658,100,Advanced Wealth Products
CUST104652,43,224486,646204,Yes,Yes,No,No,188,0,724,50,Start SIP
CUST104653,57,161192,1960316,No,Yes,No,Yes,21,7,713,50,Enable UPI
CUST104654,22,279130,1922524,Yes,Yes,No,No,194,3,674,50,Start SIP
CUST104655,38,255201,856098,No,Yes,No,No,179,8,897,25,Enable UPI
CUST104656,31,178502,1248922,Yes,Yes,No,No,143,18,572,50,Start SIP
CUST104657,21,253569,909726,No,No,No,Yes,58,6,880,25,Enable UPI
CUST104658,40,70479,1326586,Yes,Yes,Yes,No,26,14,611,75,Buy Insurance
CUST104659,59,279320,1057465,Yes,Yes,No,Yes,59,2,761,75,Start SIP
CUST104660,37,99258,1171770,No,No,No,Yes,90,25,801,25,Enable UPI
CUST104661,32,254423,1178290,Yes,Yes,No,Yes,45,11,645,75,Start SIP
CUST104662,67,99153,970730,Yes,Yes,No,No,194,22,758,50,Start SIP
CUST104663,69,207990,1609199,Yes,Yes,No,Yes,163,1,606,75,Start SIP
CUST104664,62,274642,1104123,Yes,Yes,No,No,94,18,783,50,Start SIP
CUST104665,46,248984,162234,Yes,Yes,Yes,Yes,110,23,875,100,Advanced Wealth Products
CUST104666,25,92442,749809,Yes,Yes,Yes,Yes,64,6,614,100,Advanced Wealth Products
CUST104667,58,72124,685047,Yes,No,Yes,No,84,10,842,50,Activate Mobile Banking
CUST104668,65,274488,1938764,Yes,Yes,Yes,Yes,77,18,873,100,Advanced Wealth Products
CUST104669,36,93947,278139,Yes,Yes,No,No,27,7,880,50,Start SIP
CUST104670,65,287217,454704,Yes,Yes,Yes,No,87,12,566,75,Buy Insurance
CUST104671,56,111496,1056207,Yes,No,No,No,159,8,684,25,Activate Mobile Banking
CUST104672,63,217509,142039,No,Yes,No,Yes,12,1,857,50,Enable UPI
CUST104673,45,277037,879726,No,Yes,No,No,102,17,679,25,Enable UPI
CUST104674,63,281626,1402998,Yes,Yes,No,No,45,14,586,50,Start SIP
CUST104675,44,237036,593759,No,Yes,Yes,No,128,22,799,50,Enable UPI
CUST104676,21,185646,304260,Yes,Yes,No,Yes,32,10,606,75,Start SIP
CUST104677,32,284482,1932124,Yes,No,Yes,No,54,23,559,50,Activate Mobile Banking
CUST104678,52,188790,1481019,Yes,Yes,No,No,194,14,630,50,Start SIP
CUST104679,54,158572,1710878,Yes,Yes,Yes,Yes,113,20,639,100,Advanced Wealth Products
CUST104680,18,157617,576952,Yes,No,No,No,115,17,669,25,Activate Mobile Banking
CUST104681,20,76480,688429,Yes,Yes,Yes,No,32,13,651,75,Buy Insurance
CUST104682,64,151313,1140918,Yes,Yes,Yes,No,143,25,576,75,Buy Insurance
CUST104683,41,235386,19407,Yes,Yes,No,Yes,104,20,810,75,Start SIP
CUST104684,44,19695,1167502,Yes,Yes,No,No,55,18,610,50,Start SIP
CUST104685,57,223138,326345,Yes,Yes,Yes,Yes,41,12,685,100,Advanced Wealth Products
CUST104686,53,29318,871525,Yes,No,No,No,127,24,646,25,Activate Mobile Banking
CUST104687,51,198744,452564,Yes,Yes,Yes,Yes,40,15,698,100,Advanced Wealth Products
CUST104688,46,106891,1790917,Yes,Yes,No,Yes,72,1,776,75,Start SIP
CUST104689,41,239757,1595742,Yes,Yes,No,Yes,114,24,826,75,Start SIP
CUST104690,41,83754,88100,Yes,Yes,No,No,177,1,856,50,Start SIP
CUST104691,59,55077,1918637,No,Yes,No,No,38,16,884,25,Enable UPI
CUST104692,21,150311,1502212,No,Yes,Yes,Yes,56,25,777,75,Enable UPI
CUST104693,20,256504,499308,Yes,Yes,Yes,Yes,34,21,864,100,Advanced Wealth Products
CUST104694,51,150222,1276635,Yes,Yes,No,Yes,129,26,798,75,Start SIP
CUST104695,66,157181,1621032,Yes,Yes,Yes,No,10,21,807,75,Buy Insurance
CUST104696,40,245822,1303972,No,Yes,No,No,168,19,863,25,Enable UPI
CUST104697,69,172088,1828345,Yes,Yes,No,Yes,16,28,769,75,Start SIP
CUST104698,40,158008,322006,Yes,Yes,No,No,174,17,785,50,Start SIP
CUST104699,62,157108,1012126,Yes,Yes,No,Yes,152,28,569,75,Start SIP
CUST104700,22,160093,1004529,Yes,Yes,No,Yes,14,9,894,75,Start SIP
CUST104701,48,128694,33004,Yes,Yes,No,Yes,90,11,687,75,Start SIP
CUST104702,58,249456,811903,Yes,Yes,No,No,167,26,738,50,Start SIP
CUST104703,23,227079,529252,Yes,Yes,No,No,18,2,654,50,Start SIP
CUST104704,54,259269,621108,Yes,Yes,No,No,84,28,647,50,Start SIP
CUST104705,27,260385,1244815,Yes,Yes,No,Yes,169,5,819,75,Start SIP
CUST104706,57,138351,1680093,Yes,Yes,No,No,56,19,702,50,Start SIP
CUST104707,24,18770,482044,Yes,Yes,No,Yes,164,4,767,75,Start SIP
CUST104708,56,68811,856740,No,Yes,No,No,152,26,570,25,Enable UPI
CUST104709,55,281145,1399689,Yes,Yes,No,No,90,24,821,50,Start SIP
CUST104710,38,75848,1068144,Yes,Yes,No,No,29,20,751,50,Start SIP
CUST104711,37,67635,1033464,Yes,Yes,No,Yes,22,25,709,75,Start SIP
CUST104712,20,35946,1587330,Yes,Yes,No,No,11,26,613,50,Start SIP
CUST104713,68,110852,1275705,Yes,Yes,No,No,41,7,633,50,Start SIP
CUST104714,39,132729,1635188,Yes,Yes,No,Yes,177,17,622,75,Start SIP
CUST104715,64,185231,893640,Yes,Yes,Yes,No,139,15,609,75,Buy Insurance
CUST104716,21,162522,151539,Yes,Yes,No,No,52,27,696,50,Start SIP
CUST104717,45,111748,1020059,Yes,Yes,Yes,No,67,13,596,75,Buy Insurance
CUST104718,29,254292,1653819,Yes,Yes,No,No,85,5,772,50,Start SIP
CUST104719,55,119733,152748,Yes,Yes,No,Yes,75,10,707,75,Start SIP
CUST104720,68,141865,1148367,Yes,No,No,No,136,26,596,25,Activate Mobile Banking
CUST104721,53,294302,691874,Yes,Yes,No,No,159,5,838,50,Start SIP
CUST104722,64,77576,900150,Yes,No,Yes,Yes,123,4,759,75,Activate Mobile Banking
CUST104723,58,170260,551938,Yes,Yes,No,Yes,6,14,570,75,Start SIP
CUST104724,22,238687,355434,Yes,Yes,No,Yes,81,5,900,75,Start SIP
CUST104725,30,150091,1131277,Yes,Yes,Yes,Yes,199,29,868,100,Advanced Wealth Products
CUST104726,40,27419,1850691,No,Yes,No,No,13,20,780,25,Enable UPI
CUST104727,67,48697,234164,No,Yes,No,Yes,6,15,847,50,Enable UPI
CUST104728,47,110428,1506611,Yes,No,Yes,Yes,195,17,654,75,Activate Mobile Banking
CUST104729,54,154045,610266,Yes,No,No,Yes,155,20,675,50,Activate Mobile Banking
CUST104730,42,254073,1582724,Yes,Yes,No,No,121,0,848,50,Start SIP
CUST104731,65,101649,664089,Yes,Yes,Yes,Yes,45,2,617,100,Advanced Wealth Products
CUST104732,44,288280,560639,No,No,No,Yes,106,29,575,25,Enable UPI
CUST104733,68,177357,1559496,Yes,No,No,Yes,26,22,710,50,Activate Mobile Banking
CUST104734,31,138168,1378464,No,Yes,Yes,No,4,19,657,50,Enable UPI
CUST104735,65,103263,684706,Yes,Yes,No,Yes,37,23,838,75,Start SIP
CUST104736,64,74155,911630,Yes,Yes,Yes,No,21,2,854,75,Buy Insurance
CUST104737,53,31911,865587,No,Yes,No,Yes,28,6,633,50,Enable UPI
CUST104738,56,15916,1175025,Yes,Yes,Yes,Yes,32,13,590,100,Advanced Wealth Products
CUST104739,33,247695,605988,No,Yes,Yes,Yes,103,17,749,75,Enable UPI
CUST104740,39,294934,764774,Yes,Yes,No,Yes,181,29,585,75,Start SIP
CUST104741,38,136937,1846963,Yes,Yes,No,Yes,161,23,900,75,Start SIP
CUST104742,38,100053,1311147,Yes,Yes,Yes,Yes,26,14,783,100,Advanced Wealth Products
CUST104743,25,117395,468506,Yes,No,No,Yes,145,12,791,50,Activate Mobile Banking
CUST104744,66,212298,442509,Yes,No,No,No,184,18,888,25,Activate Mobile Banking
CUST104745,33,40103,721696,Yes,Yes,No,Yes,116,28,569,75,Start SIP
CUST104746,48,272777,813094,Yes,Yes,No,No,93,21,892,50,Start SIP
CUST104747,59,72730,1584272,Yes,Yes,No,No,30,1,701,50,Start SIP
CUST104748,27,40825,1749339,Yes,Yes,No,No,121,6,720,50,Start SIP
CUST104749,49,222328,268369,Yes,Yes,No,Yes,5,12,765,75,Start SIP
CUST104750,51,52271,934700,No,Yes,Yes,No,118,3,878,50,Enable UPI
CUST104751,26,92256,468002,Yes,Yes,Yes,Yes,6,5,781,100,Advanced Wealth Products
CUST104752,34,81433,1200020,Yes,Yes,No,Yes,106,17,565,75,Start SIP
CUST104753,28,228702,786608,No,Yes,No,Yes,124,18,832,50,Enable UPI
CUST104754,49,116999,1595143,No,No,No,No,190,14,850,0,Enable UPI
CUST104755,27,247062,1163977,Yes,Yes,No,Yes,138,2,714,75,Start SIP
CUST104756,39,38572,1280377,No,Yes,Yes,No,70,19,818,50,Enable UPI
CUST104757,34,53546,776668,Yes,Yes,Yes,Yes,138,16,728,100,Advanced Wealth Products
CUST104758,21,221271,1557151,Yes,Yes,No,No,106,15,807,50,Start SIP
CUST104759,65,51948,1932412,Yes,Yes,No,No,44,12,625,50,Start SIP
CUST104760,69,115819,174259,Yes,Yes,No,No,56,21,654,50,Start SIP
CUST104761,64,37024,252145,No,Yes,No,No,132,26,636,25,Enable UPI
CUST104762,42,258480,315625,Yes,No,Yes,No,13,21,864,50,Activate Mobile Banking
CUST104763,38,97912,688835,No,Yes,No,No,122,19,563,25,Enable UPI
CUST104764,54,270233,1098128,Yes,Yes,No,Yes,19,7,835,75,Start SIP
CUST104765,55,248746,204041,Yes,Yes,No,Yes,198,20,796,75,Start SIP
CUST104766,66,276139,1261182,Yes,Yes,Yes,No,90,25,790,75,Buy Insurance
CUST104767,18,147828,1808541,No,Yes,Yes,Yes,190,13,558,75,Enable UPI
CUST104768,42,246749,791157,Yes,No,Yes,No,9,3,573,50,Activate Mobile Banking
CUST104769,68,117488,1453650,No,Yes,No,Yes,46,6,661,50,Enable UPI
CUST104770,53,111741,734846,No,Yes,Yes,No,56,9,846,50,Enable UPI
CUST104771,34,204123,79474,Yes,No,Yes,Yes,74,14,766,75,Activate Mobile Banking
CUST104772,58,246773,292312,Yes,Yes,No,Yes,40,25,777,75,Start SIP
CUST104773,41,189166,1609963,No,Yes,No,Yes,67,15,581,50,Enable UPI
CUST104774,19,233961,207252,No,Yes,No,No,113,7,826,25,Enable UPI
CUST104775,57,62367,1818318,Yes,Yes,No,Yes,83,1,719,75,Start SIP
CUST104776,32,253544,1377175,Yes,Yes,No,No,62,28,780,50,Start SIP
CUST104777,49,74884,583528,Yes,Yes,No,No,174,16,619,50,Start SIP
CUST104778,56,159352,341940,Yes,Yes,No,No,134,5,660,50,Start SIP
CUST104779,23,68251,1894600,Yes,Yes,Yes,Yes,29,15,638,100,Advanced Wealth Products
CUST104780,18,99821,1838610,Yes,Yes,No,Yes,19,1,551,75,Start SIP
CUST104781,64,98583,1437901,Yes,Yes,No,No,114,26,605,50,Start SIP
CUST104782,40,259697,257051,Yes,Yes,No,Yes,108,23,707,75,Start SIP
CUST104783,56,25207,1155187,Yes,No,No,No,143,28,820,25,Activate Mobile Banking
CUST104784,34,217199,1635910,Yes,Yes,No,No,57,20,823,50,Start SIP
CUST104785,51,42757,1828332,Yes,Yes,Yes,Yes,38,17,581,100,Advanced Wealth Products
CUST104786,58,166328,21488,Yes,Yes,No,No,21,10,819,50,Start SIP
CUST104787,46,277070,1243489,Yes,Yes,No,No,51,11,739,50,Start SIP
CUST104788,26,56340,385665,Yes,Yes,No,No,167,4,759,50,Start SIP
CUST104789,30,257955,1971475,Yes,No,Yes,No,20,1,857,50,Activate Mobile Banking
CUST104790,23,90320,713029,Yes,Yes,No,No,2,21,571,50,Start SIP
CUST104791,23,297081,671205,No,No,Yes,Yes,32,23,563,50,Enable UPI
CUST104792,37,288363,1744995,Yes,No,Yes,No,111,17,755,50,Activate Mobile Banking
CUST104793,69,24399,1071970,Yes,Yes,Yes,No,92,21,583,75,Buy Insurance
CUST104794,20,141733,885425,Yes,Yes,Yes,No,132,5,891,75,Buy Insurance
CUST104795,34,244920,1230554,Yes,Yes,No,Yes,7,0,605,75,Start SIP
CUST104796,66,297191,1112908,No,Yes,No,Yes,3,8,789,50,Enable UPI
CUST104797,29,246615,1221953,Yes,Yes,No,Yes,25,14,612,75,Start SIP
CUST104798,65,100693,1096204,Yes,No,No,Yes,112,27,629,50,Activate Mobile Banking
CUST104799,64,115931,812784,Yes,Yes,No,No,9,7,589,50,Start SIP
CUST104800,62,190963,1533474,Yes,Yes,No,No,26,27,843,50,Start SIP
CUST104801,18,152852,874403,Yes,Yes,No,No,64,13,828,50,Start SIP
CUST104802,34,88551,1105569,Yes,No,No,Yes,18,3,805,50,Activate Mobile Banking
CUST104803,20,239691,1224034,Yes,Yes,No,No,91,6,659,50,Start SIP
CUST104804,43,97016,894459,No,No,No,Yes,2,19,597,25,Enable UPI
CUST104805,32,128135,979128,Yes,No,No,Yes,1,7,781,50,Activate Mobile Banking
CUST104806,53,68010,455281,Yes,Yes,No,No,48,9,631,50,Start SIP
CUST104807,49,247084,911644,Yes,Yes,No,Yes,191,17,723,75,Start SIP
CUST104808,49,53165,483720,Yes,Yes,No,Yes,107,17,662,75,Start SIP
CUST104809,21,288672,511357,Yes,Yes,No,Yes,164,18,827,75,Start SIP
CUST104810,35,195680,1062115,Yes,Yes,No,No,191,29,859,50,Start SIP
CUST104811,66,52136,137335,Yes,Yes,No,No,75,3,589,50,Start SIP
CUST104812,36,27076,1460097,No,Yes,No,Yes,26,26,579,50,Enable UPI
CUST104813,60,170855,1893825,Yes,Yes,No,Yes,6,12,804,75,Start SIP
CUST104814,69,192788,946902,Yes,Yes,Yes,No,26,5,789,75,Buy Insurance
CUST104815,52,65298,1293886,Yes,Yes,Yes,No,43,20,732,75,Buy Insurance
CUST104816,57,84835,1020120,Yes,Yes,No,No,122,25,733,50,Start SIP
CUST104817,31,127424,1260449,Yes,No,No,No,129,12,591,25,Activate Mobile Banking
CUST104818,50,154190,1364827,No,Yes,Yes,No,9,25,676,50,Enable UPI
CUST104819,31,269394,954656,No,Yes,Yes,No,27,22,631,50,Enable UPI
CUST104820,51,118088,491476,Yes,Yes,No,No,71,21,782,50,Start SIP
CUST104821,21,30185,953128,Yes,No,No,No,117,29,858,25,Activate Mobile Banking
CUST104822,41,65613,920672,Yes,Yes,No,No,118,15,741,50,Start SIP
CUST104823,46,256084,1415375,Yes,Yes,No,Yes,3,19,550,75,Start SIP
CUST104824,36,179999,585420,Yes,Yes,No,No,189,26,756,50,Start SIP
CUST104825,23,277530,1965709,Yes,Yes,Yes,No,130,9,746,75,Buy Insurance
CUST104826,50,57678,110494,Yes,No,No,No,124,8,832,25,Activate Mobile Banking
CUST104827,66,232767,1892987,Yes,Yes,Yes,Yes,74,6,566,100,Advanced Wealth Products
CUST104828,57,76394,1898021,No,Yes,No,No,81,16,868,25,Enable UPI
CUST104829,36,215017,1279573,No,Yes,Yes,No,159,23,718,50,Enable UPI
CUST104830,18,130377,593085,Yes,Yes,No,Yes,65,19,735,75,Start SIP
CUST104831,22,136716,1105374,Yes,Yes,No,No,122,6,671,50,Start SIP
CUST104832,44,202486,1725586,No,Yes,No,No,146,26,773,25,Enable UPI
CUST104833,33,70918,1472806,Yes,Yes,Yes,Yes,134,1,676,100,Advanced Wealth Products
CUST104834,23,257556,1654285,No,Yes,Yes,Yes,102,27,715,75,Enable UPI
CUST104835,57,175527,1323154,Yes,Yes,No,No,42,18,671,50,Start SIP
CUST104836,30,184807,821460,Yes,No,Yes,No,111,0,871,50,Activate Mobile Banking
CUST104837,65,109702,1644422,Yes,Yes,Yes,Yes,196,1,769,100,Advanced Wealth Products
CUST104838,52,120509,1864339,No,Yes,No,Yes,104,26,828,50,Enable UPI
CUST104839,36,129310,72573,Yes,Yes,No,Yes,4,4,697,75,Start SIP
CUST104840,29,214092,658761,Yes,Yes,Yes,Yes,99,17,841,100,Advanced Wealth Products
CUST104841,33,49622,472508,Yes,No,No,Yes,132,28,796,50,Activate Mobile Banking
CUST104842,60,124935,1044970,No,Yes,No,No,65,5,737,25,Enable UPI
CUST104843,27,275440,1230974,No,No,No,No,41,5,560,0,Enable UPI
CUST104844,42,132919,350123,No,Yes,Yes,No,171,21,833,50,Enable UPI
CUST104845,37,187026,1022232,No,No,No,Yes,183,27,594,25,Enable UPI
CUST104846,48,84519,795555,Yes,Yes,No,No,147,26,673,50,Start SIP
CUST104847,21,202187,283747,Yes,Yes,No,Yes,149,15,796,75,Start SIP
CUST104848,61,271587,333085,Yes,Yes,No,No,186,15,886,50,Start SIP
CUST104849,40,163112,47597,Yes,Yes,No,No,158,29,708,50,Start SIP
CUST104850,19,59772,1772174,No,Yes,No,No,116,2,816,25,Enable UPI
CUST104851,39,137431,875670,No,No,No,Yes,135,26,841,25,Enable UPI
CUST104852,68,209904,440935,Yes,Yes,No,No,197,2,627,50,Start SIP
CUST104853,54,173988,1800722,Yes,Yes,Yes,No,64,25,840,75,Buy Insurance
CUST104854,25,54080,1357471,No,No,Yes,No,2,22,700,25,Enable UPI
CUST104855,24,121242,1966470,Yes,Yes,No,No,115,28,834,50,Start SIP
CUST104856,31,44048,91978,Yes,Yes,No,No,195,28,700,50,Start SIP
CUST104857,20,100205,1333413,Yes,Yes,No,Yes,128,3,673,75,Start SIP
CUST104858,67,182403,1536333,Yes,Yes,No,No,79,5,777,50,Start SIP
CUST104859,33,271392,1222345,Yes,No,No,Yes,101,27,821,50,Activate Mobile Banking
CUST104860,36,35968,361668,Yes,No,Yes,Yes,119,23,889,75,Activate Mobile Banking
CUST104861,68,249417,365013,Yes,Yes,No,Yes,74,2,766,75,Start SIP
CUST104862,35,26292,690352,No,Yes,No,No,9,24,696,25,Enable UPI
CUST104863,69,266942,1379545,Yes,Yes,No,Yes,23,8,767,75,Start SIP
CUST104864,33,264004,669882,Yes,No,Yes,No,14,2,645,50,Activate Mobile Banking
CUST104865,25,99193,1446195,No,Yes,No,No,54,5,599,25,Enable UPI
CUST104866,50,84165,1885414,Yes,Yes,Yes,No,124,20,592,75,Buy Insurance
CUST104867,66,116398,243078,Yes,Yes,Yes,No,45,19,568,75,Buy Insurance
CUST104868,29,237182,1293716,No,Yes,No,No,16,23,662,25,Enable UPI
CUST104869,28,168329,1721057,Yes,Yes,No,Yes,102,25,762,75,Start SIP
CUST104870,22,115588,1701235,No,No,Yes,Yes,95,8,567,50,Enable UPI
CUST104871,44,267822,1461011,Yes,Yes,Yes,No,109,14,683,75,Buy Insurance
CUST104872,29,237345,793049,Yes,No,No,No,185,27,840,25,Activate Mobile Banking
CUST104873,34,223655,48016,Yes,Yes,No,Yes,136,8,563,75,Start SIP
CUST104874,23,299257,448888,Yes,No,Yes,No,25,4,613,50,Activate Mobile Banking
CUST104875,50,277838,1339996,No,Yes,No,No,169,20,712,25,Enable UPI
CUST104876,22,30588,1808823,Yes,Yes,Yes,No,62,26,807,75,Buy Insurance
CUST104877,45,207828,1387960,No,Yes,No,No,77,15,555,25,Enable UPI
CUST104878,31,257431,897724,No,Yes,No,No,146,2,670,25,Enable UPI
CUST104879,22,260456,1240383,Yes,No,No,Yes,50,8,702,50,Activate Mobile Banking
CUST104880,50,207214,1595823,No,Yes,Yes,No,169,16,878,50,Enable UPI
CUST104881,67,79373,1606386,Yes,Yes,No,No,34,27,727,50,Start SIP
CUST104882,65,21704,1502879,Yes,No,No,Yes,100,2,612,50,Activate Mobile Banking
CUST104883,58,55136,1456745,No,No,Yes,Yes,114,6,807,50,Enable UPI
CUST104884,36,82507,31567,Yes,Yes,Yes,No,81,6,614,75,Buy Insurance
CUST104885,39,62361,1507315,Yes,No,No,Yes,12,20,736,50,Activate Mobile Banking
CUST104886,22,157513,1116284,Yes,Yes,No,Yes,77,5,776,75,Start SIP
CUST104887,19,29677,131206,Yes,Yes,Yes,Yes,75,19,748,100,Advanced Wealth Products
CUST104888,47,279012,551848,Yes,Yes,No,Yes,170,7,843,75,Start SIP
CUST104889,64,98591,1636254,Yes,Yes,Yes,Yes,55,3,800,100,Advanced Wealth Products
CUST104890,56,88168,1703636,Yes,Yes,Yes,No,92,25,867,75,Buy Insurance
CUST104891,21,158115,466365,Yes,Yes,No,No,187,14,742,50,Start SIP
CUST104892,50,86939,959164,Yes,Yes,Yes,Yes,179,5,668,100,Advanced Wealth Products
CUST104893,30,292876,1360824,Yes,No,No,Yes,88,15,728,50,Activate Mobile Banking
CUST104894,37,286484,1635669,Yes,Yes,No,Yes,181,4,601,75,Start SIP
CUST104895,24,250560,241109,No,No,No,No,9,11,659,0,Enable UPI
CUST104896,32,299538,500951,Yes,Yes,No,Yes,3,13,773,75,Start SIP
CUST104897,40,150174,1340216,Yes,Yes,No,No,118,25,879,50,Start SIP
CUST104898,31,34159,1792237,Yes,Yes,No,Yes,136,5,647,75,Start SIP
CUST104899,40,137366,96257,Yes,Yes,No,No,187,2,868,50,Start SIP
CUST104900,36,211164,1057091,Yes,No,Yes,Yes,30,28,597,75,Activate Mobile Banking
CUST104901,46,283356,533742,No,Yes,No,Yes,67,18,650,50,Enable UPI
CUST104902,37,256876,242145,No,Yes,No,Yes,55,9,789,50,Enable UPI
CUST104903,46,239065,27873,No,No,Yes,No,162,6,623,25,Enable UPI
CUST104904,41,25532,1913928,No,Yes,No,Yes,123,12,587,50,Enable UPI
CUST104905,35,225126,1329447,Yes,Yes,Yes,Yes,43,0,765,100,Advanced Wealth Products
CUST104906,27,231351,1706240,Yes,Yes,Yes,No,156,0,685,75,Buy Insurance
CUST104907,58,118021,598358,Yes,No,Yes,Yes,165,16,555,75,Activate Mobile Banking
CUST104908,25,280415,1939067,Yes,No,No,Yes,158,21,796,50,Activate Mobile Banking
CUST104909,43,15209,1702428,No,Yes,No,No,71,3,873,25,Enable UPI
CUST104910,46,237071,233497,Yes,Yes,Yes,No,62,13,746,75,Buy Insurance
CUST104911,27,151611,646501,No,No,No,No,110,5,660,0,Enable UPI
CUST104912,34,297121,710339,Yes,Yes,Yes,Yes,29,29,837,100,Advanced Wealth Products
CUST104913,19,220214,1603329,No,No,Yes,Yes,115,13,587,50,Enable UPI
CUST104914,23,124920,1238548,Yes,Yes,No,Yes,2,14,664,75,Start SIP
CUST104915,22,245144,589087,Yes,No,No,No,90,0,734,25,Activate Mobile Banking
CUST104916,45,282751,515237,Yes,Yes,Yes,No,105,19,761,75,Buy Insurance
CUST104917,58,231194,625417,No,Yes,Yes,No,57,15,804,50,Enable UPI
CUST104918,22,198011,1468122,No,Yes,No,Yes,185,3,869,50,Enable UPI
CUST104919,35,164666,1717238,Yes,Yes,Yes,No,42,1,859,75,Buy Insurance
CUST104920,43,22399,1012470,Yes,No,Yes,Yes,49,0,662,75,Activate Mobile Banking
CUST104921,37,141812,374432,Yes,Yes,No,No,185,12,819,50,Start SIP
CUST104922,58,113662,248761,No,No,No,No,199,15,869,0,Enable UPI
CUST104923,66,153570,995221,Yes,Yes,No,Yes,18,7,724,75,Start SIP
CUST104924,44,263304,247821,Yes,Yes,No,Yes,198,21,859,75,Start SIP
CUST104925,66,286772,1066451,Yes,Yes,Yes,Yes,27,3,568,100,Advanced Wealth Products
CUST104926,29,22032,1605083,Yes,Yes,No,No,118,1,752,50,Start SIP
CUST104927,24,194166,827614,Yes,Yes,Yes,Yes,54,27,675,100,Advanced Wealth Products
CUST104928,20,117658,1789477,Yes,Yes,No,Yes,152,12,803,75,Start SIP
CUST104929,27,70264,440485,No,Yes,No,No,162,4,865,25,Enable UPI
CUST104930,51,109120,346925,No,Yes,No,Yes,150,24,804,50,Enable UPI
CUST104931,42,62850,1060033,Yes,No,No,Yes,63,22,837,50,Activate Mobile Banking
CUST104932,52,19722,929253,No,Yes,No,No,164,19,841,25,Enable UPI
CUST104933,33,294916,1086640,Yes,Yes,Yes,No,92,20,701,75,Buy Insurance
CUST104934,19,19576,1980901,Yes,Yes,No,Yes,84,23,748,75,Start SIP
CUST104935,41,172779,1693120,Yes,No,No,No,61,26,748,25,Activate Mobile Banking
CUST104936,27,56476,889729,Yes,Yes,No,Yes,82,12,851,75,Start SIP
CUST104937,55,263292,1812523,No,Yes,Yes,No,42,4,724,50,Enable UPI
CUST104938,39,294309,1263303,Yes,Yes,Yes,Yes,96,15,819,100,Advanced Wealth Products
CUST104939,43,29439,1978744,Yes,Yes,Yes,Yes,161,27,729,100,Advanced Wealth Products
CUST104940,60,59518,165353,No,Yes,Yes,No,74,5,767,50,Enable UPI
CUST104941,56,234123,1835927,Yes,No,No,No,137,15,667,25,Activate Mobile Banking
CUST104942,44,41962,1290463,No,Yes,Yes,No,119,28,855,50,Enable UPI
CUST104943,46,254157,430037,Yes,Yes,Yes,No,25,25,870,75,Buy Insurance
CUST104944,64,131189,764129,Yes,Yes,No,No,141,21,882,50,Start SIP
CUST104945,55,125290,947151,No,No,No,Yes,47,23,869,25,Enable UPI
CUST104946,37,296608,1647782,Yes,Yes,No,Yes,122,12,572,75,Start SIP
CUST104947,44,138980,1266633,Yes,Yes,No,No,173,10,674,50,Start SIP
CUST104948,58,242021,481015,Yes,Yes,Yes,No,133,20,633,75,Buy Insurance
CUST104949,37,179342,881611,Yes,Yes,Yes,No,31,0,748,75,Buy Insurance
CUST104950,61,57299,342088,No,Yes,Yes,Yes,159,3,875,75,Enable UPI
CUST104951,36,231877,1142718,Yes,Yes,No,Yes,98,2,736,75,Start SIP
CUST104952,37,46541,32603,Yes,Yes,Yes,Yes,199,17,878,100,Advanced Wealth Products
CUST104953,52,238070,1886466,No,Yes,No,Yes,169,22,641,50,Enable UPI
CUST104954,64,144188,75605,Yes,Yes,Yes,Yes,115,15,879,100,Advanced Wealth Products
CUST104955,19,223150,1335343,Yes,Yes,No,Yes,174,12,731,75,Start SIP
CUST104956,47,234073,573728,Yes,No,No,No,52,12,776,25,Activate Mobile Banking
CUST104957,51,35156,1922435,No,Yes,No,Yes,107,6,748,50,Enable UPI
CUST104958,39,231908,1978784,Yes,Yes,No,Yes,86,23,784,75,Start SIP
CUST104959,20,159507,360970,Yes,Yes,No,No,133,14,593,50,Start SIP
CUST104960,23,215722,294604,Yes,Yes,No,No,12,25,625,50,Start SIP
CUST104961,32,192408,219117,Yes,No,No,No,21,14,690,25,Activate Mobile Banking
CUST104962,44,88631,1791741,Yes,No,No,No,9,4,731,25,Activate Mobile Banking
CUST104963,27,84487,1520303,Yes,Yes,No,No,93,16,668,50,Start SIP
CUST104964,26,257735,1163949,Yes,Yes,No,No,91,21,589,50,Start SIP
CUST104965,50,210254,1977645,Yes,Yes,No,No,145,21,809,50,Start SIP
CUST104966,49,66786,1320590,Yes,No,Yes,No,104,10,793,50,Activate Mobile Banking
CUST104967,65,83304,1072485,No,Yes,Yes,Yes,152,23,678,75,Enable UPI
CUST104968,23,192586,1324837,Yes,Yes,No,Yes,155,12,555,75,Start SIP
CUST104969,58,135938,254975,Yes,Yes,Yes,No,136,9,860,75,Buy Insurance
CUST104970,53,70107,1907482,Yes,No,Yes,No,172,14,615,50,Activate Mobile Banking
CUST104971,19,260191,623214,Yes,Yes,Yes,No,62,1,768,75,Buy Insurance
CUST104972,46,147232,442538,Yes,Yes,No,Yes,29,10,695,75,Start SIP
CUST104973,21,87577,132463,Yes,Yes,No,No,83,24,783,50,Start SIP
CUST104974,18,230375,1155112,Yes,Yes,No,No,74,10,578,50,Start SIP
CUST104975,36,275933,811560,No,Yes,No,No,152,28,858,25,Enable UPI
CUST104976,43,119180,1305557,Yes,No,No,No,34,21,710,25,Activate Mobile Banking
CUST104977,42,297068,1544109,No,No,Yes,No,60,0,680,25,Enable UPI
CUST104978,27,159954,1384721,Yes,Yes,Yes,Yes,104,24,697,100,Advanced Wealth Products
CUST104979,32,226346,791872,No,No,No,Yes,159,7,631,25,Enable UPI
CUST104980,39,16095,185685,Yes,Yes,Yes,No,115,25,891,75,Buy Insurance
CUST104981,68,187055,1701355,Yes,Yes,Yes,Yes,132,16,632,100,Advanced Wealth Products
CUST104982,65,29123,1982743,No,No,No,No,137,7,622,0,Enable UPI
CUST104983,38,212687,1550851,Yes,Yes,No,Yes,90,12,763,75,Start SIP
CUST104984,39,66999,1204195,Yes,Yes,No,Yes,77,22,575,75,Start SIP
CUST104985,53,295488,1659526,Yes,No,No,Yes,121,4,839,50,Activate Mobile Banking
CUST104986,51,245849,765416,No,Yes,No,Yes,182,28,620,50,Enable UPI
CUST104987,47,52656,1053581,Yes,Yes,No,Yes,1,5,899,75,Start SIP
CUST104988,42,216587,1287728,No,No,No,Yes,189,19,726,25,Enable UPI
CUST104989,62,275587,1322758,Yes,Yes,Yes,No,73,24,638,75,Buy Insurance
CUST104990,45,278356,1846422,Yes,Yes,No,No,159,24,726,50,Start SIP
CUST104991,18,135385,1534451,Yes,Yes,No,No,88,28,576,50,Start SIP
CUST104992,66,155073,1909514,Yes,Yes,No,No,45,25,838,50,Start SIP
CUST104993,62,93784,868018,Yes,Yes,No,Yes,60,13,877,75,Start SIP
CUST104994,21,46368,1449398,Yes,Yes,No,No,86,16,854,50,Start SIP
CUST104995,24,216891,807914,Yes,Yes,No,No,103,15,612,50,Start SIP
CUST104996,66,76160,759189,Yes,Yes,Yes,No,87,27,568,75,Buy Insurance
CUST104997,26,171926,1256521,Yes,Yes,No,No,119,8,827,50,Start SIP
CUST104998,53,287859,1611812,No,Yes,No,Yes,42,18,895,50,Enable UPI
CUST104999,36,73784,1405707,Yes,No,No,No,155,27,616,25,Activate Mobile Banking
